Source	Target	Weight
1	8	10
1	10	16
1	25	18
1	30	2
1	32	6
1	80	1
1	106	6
1	117	4
1	120	3
1	121	1
1	128	1
1	133	3
1	204	1
1	258	3
1	489	3
1	575	4
2	16	1
2	20	1
2	22	2
2	23	1
2	28	1
2	30	1
2	36	1
2	39	4
2	55	1
2	71	1
2	77	1
2	78	1
2	101	1
2	103	5
2	104	3
2	114	1
2	115	2
2	118	1
2	122	4
2	127	1
2	153	2
2	156	5
2	158	1
2	166	1
2	172	2
2	178	1
2	179	1
2	183	9
2	185	1
2	194	4
2	198	1
2	207	1
2	208	1
2	225	1
2	228	1
2	241	3
2	244	1
2	259	1
2	264	1
2	270	1
2	274	1
2	302	5
2	315	1
2	322	1
2	339	2
2	340	2
2	341	1
2	342	1
2	343	1
2	353	1
2	357	1
2	358	1
2	360	1
2	364	4
2	370	1
2	387	1
2	395	2
2	408	1
2	411	3
2	437	7
2	458	1
2	466	2
2	475	1
2	494	1
2	495	1
2	528	2
2	547	3
3	4	2
3	5	1
3	6	1
3	7	1
3	9	1
3	11	2
3	12	1
3	13	1
3	15	2
3	18	1
3	19	1
3	21	2
3	33	1
3	39	1
3	40	1
3	42	1
3	43	1
3	44	1
3	45	1
3	46	1
3	49	1
3	50	1
3	52	2
3	55	1
3	56	1
3	62	1
3	66	1
3	74	1
3	76	1
3	77	1
3	78	2
3	79	1
3	80	1
3	83	1
3	85	2
3	87	2
3	88	2
3	90	1
3	91	2
3	93	2
3	94	1
3	97	1
3	99	2
3	100	5
3	102	1
3	103	4
3	104	2
3	112	2
3	113	2
3	116	1
3	118	1
3	120	1
3	122	1
3	125	1
3	129	1
3	130	2
3	136	1
3	137	2
3	138	1
3	139	2
3	142	1
3	143	1
3	148	1
3	149	2
3	151	1
3	154	1
3	156	1
3	157	1
3	158	2
3	160	1
3	162	1
3	164	2
3	167	1
3	172	1
3	176	1
3	177	1
3	181	1
3	182	1
3	184	1
3	186	1
3	189	1
3	191	1
3	198	1
3	200	1
3	201	3
3	204	1
3	205	1
3	209	1
3	212	1
3	218	2
3	222	1
3	227	1
3	235	1
3	241	2
3	243	1
3	244	2
3	245	8
3	247	1
3	248	1
3	250	1
3	251	1
3	252	1
3	254	1
3	259	1
3	262	1
3	263	1
3	267	1
3	270	1
3	277	1
3	279	1
3	280	1
3	282	1
3	288	1
3	289	1
3	291	2
3	292	1
3	295	1
3	296	3
3	297	3
3	302	1
3	303	1
3	305	2
3	309	1
3	315	1
3	316	1
3	318	2
3	320	1
3	322	1
3	330	1
3	331	1
3	334	8
3	336	2
3	337	2
3	338	1
3	339	2
3	340	2
3	342	1
3	343	1
3	345	3
3	346	1
3	350	1
3	351	1
3	353	1
3	355	1
3	356	1
3	358	1
3	360	1
3	364	2
3	367	1
3	368	1
3	373	1
3	376	1
3	377	1
3	393	1
3	397	1
3	399	2
3	400	1
3	404	1
3	410	3
3	411	4
3	412	1
3	413	3
3	414	5
3	415	3
3	416	1
3	419	1
3	428	2
3	429	1
3	430	1
3	434	1
3	435	1
3	438	1
3	439	1
3	443	1
3	454	1
3	465	1
3	466	1
3	470	1
3	472	1
3	473	1
3	478	1
3	480	1
3	482	1
3	485	1
3	486	1
3	490	2
3	491	2
3	492	1
3	493	6
3	494	2
3	496	2
3	501	1
3	502	1
3	505	1
3	506	2
3	509	1
3	512	1
3	518	3
3	528	3
3	532	1
3	533	2
3	539	1
3	540	1
3	544	1
3	547	1
3	563	1
3	572	1
3	574	1
3	581	7
3	593	1
4	7	1
4	12	1
4	13	1
4	15	1
4	17	2
4	23	1
4	34	2
4	36	1
4	39	1
4	47	2
4	50	3
4	55	3
4	57	1
4	62	1
4	65	1
4	72	1
4	77	1
4	79	2
4	80	2
4	82	1
4	83	1
4	84	1
4	87	1
4	91	1
4	101	1
4	102	1
4	103	2
4	114	2
4	118	1
4	119	1
4	122	1
4	125	2
4	136	1
4	139	4
4	142	1
4	149	1
4	150	1
4	153	1
4	154	1
4	159	1
4	160	1
4	162	4
4	163	1
4	164	3
4	181	3
4	188	1
4	189	2
4	190	2
4	192	1
4	201	1
4	203	1
4	209	1
4	220	1
4	224	2
4	225	1
4	227	2
4	230	1
4	232	2
4	234	2
4	236	1
4	240	1
4	244	1
4	245	5
4	246	1
4	247	5
4	249	1
4	253	1
4	262	1
4	263	1
4	264	1
4	269	1
4	271	1
4	277	3
4	283	1
4	288	3
4	290	1
4	291	1
4	296	4
4	297	2
4	302	1
4	305	8
4	309	1
4	315	3
4	318	1
4	322	2
4	326	1
4	330	2
4	334	2
4	336	7
4	337	1
4	339	3
4	340	1
4	341	1
4	343	2
4	345	2
4	348	2
4	351	1
4	358	1
4	362	1
4	363	1
4	365	1
4	377	2
4	378	1
4	393	4
4	395	2
4	397	1
4	406	1
4	411	1
4	413	1
4	415	1
4	417	1
4	426	1
4	430	1
4	434	1
4	435	12
4	436	1
4	437	1
4	438	1
4	439	7
4	440	1
4	442	1
4	452	1
4	455	2
4	457	2
4	461	1
4	465	1
4	469	1
4	490	1
4	491	1
4	494	2
4	500	2
4	501	1
4	502	1
4	518	3
4	521	1
4	522	1
4	523	1
4	528	2
4	529	1
4	533	1
4	537	1
4	556	2
4	563	1
4	568	2
4	578	1
4	580	1
4	581	1
4	582	1
4	587	1
4	591	2
4	593	1
5	6	4
5	7	2
5	9	4
5	11	1
5	12	2
5	13	1
5	16	1
5	18	2
5	19	2
5	22	1
5	23	1
5	28	3
5	29	1
5	30	1
5	31	2
5	32	1
5	34	2
5	37	3
5	38	1
5	40	3
5	42	2
5	44	1
5	49	1
5	50	2
5	53	1
5	55	4
5	62	1
5	66	3
5	67	1
5	69	2
5	71	1
5	73	1
5	74	1
5	78	1
5	79	1
5	80	2
5	84	1
5	85	3
5	86	1
5	93	1
5	95	3
5	97	1
5	104	1
5	112	1
5	114	1
5	117	1
5	119	1
5	123	1
5	129	1
5	133	1
5	134	1
5	138	1
5	139	1
5	141	1
5	151	1
5	163	1
5	164	1
5	165	2
5	169	1
5	173	1
5	177	1
5	183	1
5	205	4
5	210	1
5	215	1
5	216	1
5	218	1
5	224	2
5	225	1
5	227	1
5	229	1
5	232	1
5	241	1
5	248	1
5	250	1
5	258	1
5	260	1
5	261	1
5	265	2
5	267	1
5	271	1
5	274	1
5	276	1
5	280	2
5	282	1
5	293	1
5	294	1
5	297	1
5	303	2
5	306	1
5	319	2
5	320	2
5	330	1
5	333	1
5	345	1
5	346	2
5	356	1
5	357	1
5	358	2
5	362	1
5	363	1
5	379	2
5	380	1
5	387	3
5	397	1
5	406	1
5	434	3
5	438	1
5	442	1
5	443	2
5	451	1
5	455	1
5	469	2
5	471	1
5	472	1
5	477	1
5	489	1
5	490	1
5	492	1
5	497	1
5	498	2
5	500	1
5	518	1
5	525	1
5	526	1
5	532	1
5	538	2
5	545	1
5	552	1
5	559	3
5	567	1
5	568	1
5	578	2
5	580	2
6	7	21
6	9	13
6	11	6
6	12	3
6	13	1
6	15	4
6	16	3
6	17	5
6	18	5
6	19	12
6	20	1
6	21	2
6	22	1
6	23	1
6	24	8
6	25	3
6	27	1
6	28	16
6	29	3
6	30	3
6	31	3
6	32	2
6	33	6
6	34	1
6	36	2
6	37	17
6	38	9
6	39	5
6	40	26
6	41	2
6	42	8
6	43	1
6	44	7
6	45	2
6	46	1
6	50	2
6	53	2
6	55	3
6	57	1
6	60	1
6	61	1
6	62	1
6	66	1
6	67	1
6	68	2
6	69	8
6	70	2
6	71	6
6	72	5
6	73	9
6	74	4
6	75	3
6	76	7
6	77	8
6	78	9
6	79	2
6	80	2
6	83	5
6	84	4
6	85	30
6	86	17
6	87	2
6	88	3
6	89	1
6	90	8
6	91	6
6	92	2
6	93	10
6	95	12
6	97	9
6	98	7
6	99	4
6	100	8
6	101	7
6	102	1
6	103	1
6	104	5
6	105	4
6	108	2
6	110	3
6	111	1
6	112	18
6	113	5
6	114	8
6	116	4
6	117	7
6	118	2
6	119	2
6	120	2
6	121	2
6	122	2
6	123	1
6	126	1
6	127	1
6	129	10
6	130	3
6	131	2
6	132	1
6	133	1
6	134	2
6	136	2
6	137	1
6	139	1
6	140	1
6	141	6
6	142	1
6	143	3
6	145	1
6	146	2
6	147	1
6	148	1
6	149	1
6	150	2
6	151	5
6	154	2
6	155	2
6	156	5
6	157	3
6	158	4
6	162	2
6	163	1
6	164	2
6	165	8
6	166	1
6	167	1
6	170	2
6	172	3
6	173	4
6	174	6
6	176	3
6	177	1
6	178	5
6	180	1
6	181	2
6	184	5
6	186	3
6	188	3
6	190	1
6	191	1
6	192	5
6	197	5
6	198	3
6	199	5
6	201	1
6	202	1
6	204	1
6	205	14
6	206	2
6	207	1
6	209	2
6	211	3
6	212	7
6	215	1
6	216	1
6	218	4
6	219	1
6	220	3
6	221	2
6	222	4
6	224	3
6	227	2
6	229	1
6	234	1
6	235	6
6	236	1
6	237	4
6	238	5
6	240	2
6	241	9
6	242	2
6	243	1
6	244	1
6	245	3
6	246	1
6	248	10
6	249	6
6	250	6
6	251	1
6	252	3
6	253	4
6	254	1
6	255	5
6	256	1
6	257	1
6	258	1
6	259	5
6	260	1
6	261	1
6	262	1
6	263	2
6	264	11
6	265	7
6	266	1
6	267	2
6	268	4
6	270	2
6	271	4
6	274	1
6	276	5
6	277	3
6	278	1
6	279	1
6	280	7
6	281	2
6	282	9
6	283	3
6	284	1
6	288	1
6	289	6
6	291	4
6	292	3
6	293	5
6	294	8
6	295	4
6	297	2
6	298	1
6	300	4
6	302	4
6	303	11
6	305	1
6	306	3
6	308	3
6	309	1
6	311	2
6	314	1
6	315	1
6	316	1
6	317	1
6	318	4
6	319	6
6	320	1
6	321	1
6	322	2
6	323	3
6	327	2
6	329	3
6	330	5
6	331	2
6	333	1
6	337	1
6	339	2
6	342	1
6	343	4
6	344	1
6	346	2
6	349	1
6	350	1
6	351	1
6	352	2
6	353	3
6	355	5
6	356	6
6	358	8
6	359	1
6	360	3
6	361	1
6	362	7
6	363	6
6	364	1
6	365	1
6	366	2
6	367	1
6	368	2
6	372	1
6	373	4
6	375	2
6	376	1
6	379	1
6	381	1
6	387	21
6	390	1
6	391	2
6	397	3
6	399	1
6	401	1
6	402	1
6	403	1
6	404	2
6	406	6
6	408	1
6	410	1
6	411	4
6	412	4
6	413	3
6	416	4
6	419	2
6	423	1
6	426	2
6	430	1
6	431	1
6	432	2
6	434	5
6	436	1
6	437	2
6	439	2
6	441	1
6	442	2
6	443	1
6	447	2
6	448	1
6	450	1
6	451	2
6	458	1
6	466	3
6	468	3
6	469	3
6	470	1
6	471	1
6	472	3
6	473	4
6	477	2
6	480	1
6	482	1
6	484	1
6	485	1
6	486	5
6	489	2
6	490	2
6	491	1
6	492	2
6	500	6
6	501	1
6	502	1
6	505	1
6	506	1
6	507	5
6	509	1
6	512	1
6	514	1
6	516	1
6	517	2
6	518	2
6	525	4
6	528	1
6	529	1
6	530	1
6	535	1
6	537	2
6	538	1
6	539	2
6	540	1
6	544	1
6	545	2
6	548	4
6	552	9
6	554	3
6	559	3
6	566	2
6	567	1
6	568	1
6	572	1
6	574	3
6	578	2
6	579	2
6	580	6
6	591	1
6	593	2
6	595	2
6	598	1
6	599	1
7	9	3
7	11	2
7	13	1
7	15	2
7	17	3
7	19	1
7	24	1
7	28	4
7	29	8
7	30	3
7	32	1
7	37	4
7	38	3
7	39	1
7	40	24
7	41	1
7	42	2
7	44	2
7	55	1
7	68	1
7	69	4
7	71	5
7	72	2
7	73	10
7	76	3
7	77	5
7	78	8
7	83	2
7	85	38
7	86	5
7	88	4
7	93	3
7	97	2
7	98	2
7	100	5
7	104	2
7	110	2
7	112	32
7	114	3
7	117	7
7	123	2
7	127	1
7	128	1
7	129	1
7	130	2
7	132	1
7	134	2
7	143	1
7	145	1
7	151	1
7	155	1
7	156	1
7	158	1
7	165	3
7	166	1
7	167	1
7	170	1
7	172	1
7	173	4
7	174	1
7	176	1
7	178	3
7	181	5
7	185	1
7	186	1
7	188	1
7	189	1
7	192	4
7	197	3
7	201	1
7	204	2
7	205	9
7	206	1
7	207	1
7	219	1
7	223	1
7	224	1
7	236	3
7	238	2
7	241	8
7	242	2
7	246	1
7	248	4
7	249	5
7	250	2
7	252	2
7	253	1
7	259	1
7	264	3
7	265	2
7	269	1
7	271	5
7	272	1
7	276	1
7	277	7
7	278	4
7	280	3
7	282	1
7	284	1
7	286	2
7	289	5
7	290	1
7	293	4
7	294	2
7	295	3
7	300	2
7	303	3
7	314	1
7	315	2
7	318	1
7	327	1
7	331	3
7	333	1
7	339	2
7	340	5
7	343	2
7	352	1
7	353	1
7	356	1
7	358	1
7	360	1
7	363	8
7	367	2
7	370	1
7	373	1
7	379	1
7	382	1
7	387	2
7	393	1
7	394	1
7	395	2
7	400	1
7	402	1
7	403	1
7	406	4
7	411	4
7	413	3
7	416	3
7	421	1
7	426	1
7	439	1
7	447	1
7	452	1
7	469	2
7	472	4
7	477	1
7	486	2
7	490	2
7	492	3
7	493	1
7	500	1
7	501	1
7	507	2
7	518	2
7	520	1
7	525	1
7	527	1
7	529	1
7	537	1
7	538	1
7	539	1
7	548	5
7	552	2
7	554	1
7	556	1
7	559	1
7	566	2
7	580	1
8	10	13
8	12	1
8	25	23
8	30	1
8	32	7
8	71	1
8	106	12
8	107	1
8	109	1
8	117	2
8	120	2
8	121	4
8	128	1
8	133	4
8	153	1
8	180	3
8	185	2
8	222	2
8	227	1
8	258	3
8	273	1
8	342	4
8	428	1
8	470	2
8	489	4
8	518	1
8	557	2
8	575	2
8	576	1
9	10	1
9	11	2
9	12	2
9	15	4
9	16	3
9	18	2
9	19	11
9	20	5
9	21	1
9	22	2
9	23	2
9	24	9
9	25	3
9	27	1
9	28	7
9	29	2
9	30	3
9	31	4
9	32	2
9	33	5
9	34	5
9	36	1
9	37	7
9	38	4
9	39	13
9	40	6
9	41	2
9	42	4
9	43	1
9	44	6
9	45	2
9	46	2
9	47	1
9	50	3
9	53	1
9	55	3
9	57	3
9	61	2
9	62	1
9	67	1
9	69	3
9	70	2
9	71	5
9	72	1
9	73	2
9	74	3
9	75	2
9	76	10
9	77	11
9	78	18
9	79	1
9	83	6
9	84	3
9	85	7
9	86	5
9	87	1
9	88	3
9	89	1
9	90	6
9	91	9
9	92	3
9	93	5
9	95	2
9	97	2
9	98	2
9	99	1
9	100	3
9	101	6
9	102	1
9	103	1
9	104	3
9	105	1
9	107	1
9	109	2
9	110	2
9	111	3
9	112	4
9	113	6
9	114	12
9	116	2
9	117	7
9	118	2
9	119	3
9	120	2
9	121	3
9	122	1
9	123	5
9	124	3
9	126	1
9	128	2
9	129	3
9	130	4
9	131	3
9	132	1
9	134	1
9	136	3
9	137	1
9	139	2
9	140	1
9	141	4
9	142	2
9	143	4
9	145	1
9	146	2
9	147	2
9	148	1
9	149	2
9	150	1
9	151	5
9	152	2
9	153	1
9	154	1
9	155	1
9	156	5
9	157	4
9	158	6
9	160	2
9	162	1
9	164	3
9	165	8
9	166	1
9	167	1
9	169	1
9	170	2
9	172	2
9	173	2
9	174	2
9	176	3
9	177	1
9	178	3
9	180	1
9	181	1
9	183	1
9	184	3
9	185	2
9	186	2
9	190	2
9	191	1
9	192	3
9	194	1
9	195	2
9	197	3
9	198	3
9	199	6
9	201	1
9	202	1
9	203	1
9	204	3
9	205	9
9	206	2
9	207	1
9	209	3
9	210	1
9	211	3
9	212	5
9	215	1
9	216	1
9	218	4
9	219	1
9	220	3
9	221	3
9	222	3
9	224	1
9	226	2
9	227	2
9	229	1
9	230	1
9	231	1
9	235	2
9	236	1
9	237	3
9	238	3
9	241	22
9	243	2
9	244	2
9	248	8
9	249	4
9	250	6
9	251	2
9	252	4
9	253	5
9	254	1
9	255	2
9	256	2
9	257	5
9	259	6
9	260	2
9	261	2
9	262	3
9	263	2
9	264	3
9	265	5
9	266	2
9	267	4
9	270	4
9	271	3
9	272	1
9	274	3
9	276	1
9	277	4
9	278	1
9	279	1
9	280	1
9	281	4
9	282	5
9	283	1
9	284	2
9	285	1
9	288	1
9	289	1
9	290	1
9	291	3
9	292	2
9	293	2
9	294	10
9	295	5
9	297	5
9	298	2
9	299	1
9	300	4
9	301	1
9	302	2
9	303	4
9	305	3
9	306	4
9	308	1
9	309	1
9	312	2
9	314	1
9	316	1
9	317	1
9	318	5
9	319	3
9	320	1
9	322	3
9	327	3
9	328	1
9	329	1
9	330	4
9	336	1
9	338	1
9	339	2
9	340	1
9	342	2
9	343	5
9	344	1
9	346	2
9	347	2
9	349	1
9	350	1
9	351	1
9	352	3
9	353	5
9	355	2
9	356	3
9	357	3
9	358	7
9	359	1
9	360	5
9	361	1
9	362	9
9	363	1
9	364	3
9	365	2
9	366	1
9	367	1
9	368	2
9	369	1
9	372	2
9	373	4
9	375	1
9	376	3
9	379	4
9	380	1
9	381	1
9	387	6
9	390	1
9	391	1
9	395	1
9	396	1
9	397	3
9	398	3
9	399	2
9	401	1
9	402	1
9	403	1
9	404	2
9	406	1
9	410	2
9	411	1
9	412	1
9	413	1
9	415	1
9	416	4
9	423	1
9	426	2
9	432	4
9	434	5
9	437	1
9	438	2
9	439	2
9	442	4
9	444	1
9	447	2
9	448	1
9	451	2
9	452	2
9	453	1
9	455	1
9	457	1
9	458	1
9	461	1
9	466	3
9	468	1
9	469	3
9	470	1
9	472	2
9	473	2
9	475	1
9	476	1
9	477	2
9	480	1
9	481	1
9	482	1
9	484	1
9	485	1
9	486	6
9	489	2
9	490	2
9	491	1
9	492	4
9	496	1
9	500	2
9	502	2
9	503	1
9	505	4
9	506	2
9	507	4
9	509	2
9	512	1
9	517	2
9	518	3
9	525	1
9	526	1
9	528	2
9	530	2
9	535	1
9	537	1
9	538	4
9	539	4
9	540	2
9	544	1
9	545	4
9	548	1
9	552	6
9	554	1
9	559	1
9	566	2
9	567	2
9	568	1
9	572	1
9	574	2
9	578	1
9	579	2
9	580	5
9	591	3
9	593	2
9	598	1
9	599	1
10	15	1
10	20	1
10	24	2
10	25	15
10	26	1
10	30	3
10	32	6
10	34	1
10	39	1
10	44	1
10	50	1
10	57	1
10	71	3
10	77	1
10	78	1
10	106	10
10	107	3
10	109	1
10	111	1
10	117	4
10	120	2
10	121	7
10	126	1
10	128	4
10	131	1
10	133	2
10	136	1
10	140	1
10	153	1
10	158	1
10	160	1
10	164	1
10	171	1
10	173	1
10	177	1
10	180	4
10	185	4
10	187	1
10	190	1
10	194	1
10	211	1
10	212	1
10	222	3
10	226	1
10	227	1
10	229	1
10	241	1
10	243	1
10	250	1
10	255	1
10	258	4
10	261	1
10	262	1
10	273	1
10	285	1
10	294	1
10	300	1
10	305	1
10	342	4
10	347	1
10	353	1
10	359	1
10	362	1
10	395	2
10	399	1
10	426	1
10	428	1
10	442	1
10	444	1
10	446	1
10	489	3
10	506	1
10	517	1
10	518	1
10	528	1
10	540	1
10	557	3
10	567	1
10	575	2
10	576	2
11	17	3
11	21	1
11	22	1
11	23	3
11	25	2
11	31	2
11	32	1
11	33	3
11	38	3
11	39	1
11	42	3
11	45	1
11	55	2
11	57	4
11	66	1
11	68	1
11	72	2
11	73	1
11	75	1
11	76	3
11	77	3
11	78	2
11	86	4
11	87	1
11	88	1
11	91	1
11	93	4
11	95	1
11	97	1
11	98	1
11	99	2
11	100	6
11	103	1
11	104	2
11	108	1
11	110	1
11	114	3
11	116	1
11	124	1
11	130	4
11	141	1
11	149	3
11	150	1
11	151	1
11	155	1
11	156	2
11	157	2
11	158	1
11	162	1
11	173	1
11	174	2
11	184	1
11	192	3
11	197	1
11	199	1
11	201	1
11	204	1
11	209	3
11	211	2
11	215	1
11	218	2
11	221	1
11	222	2
11	224	1
11	227	1
11	233	1
11	234	1
11	235	2
11	237	1
11	238	2
11	242	2
11	245	1
11	246	1
11	249	1
11	252	1
11	256	1
11	259	1
11	260	1
11	261	1
11	264	3
11	265	3
11	270	1
11	271	5
11	276	1
11	277	3
11	279	1
11	280	4
11	282	2
11	289	1
11	290	1
11	293	1
11	294	4
11	302	2
11	303	2
11	305	1
11	308	1
11	318	1
11	319	2
11	323	1
11	331	2
11	344	1
11	352	1
11	356	1
11	358	3
11	359	1
11	360	3
11	362	3
11	363	3
11	365	1
11	376	1
11	379	3
11	381	1
11	387	5
11	393	1
11	398	1
11	406	2
11	410	1
11	411	2
11	412	6
11	415	1
11	416	2
11	418	2
11	419	4
11	431	2
11	432	1
11	434	3
11	436	1
11	447	1
11	451	1
11	463	1
11	466	1
11	469	1
11	471	2
11	473	4
11	476	1
11	477	2
11	486	1
11	488	1
11	489	1
11	490	1
11	491	1
11	492	3
11	493	2
11	496	1
11	497	2
11	507	2
11	517	1
11	518	3
11	520	1
11	527	1
11	529	1
11	534	1
11	537	1
11	539	1
11	545	3
11	552	2
11	554	1
11	559	1
11	568	2
11	580	2
11	591	1
11	595	2
12	16	2
12	18	1
12	19	2
12	20	2
12	21	1
12	23	1
12	24	1
12	28	2
12	30	1
12	33	1
12	36	1
12	39	2
12	41	1
12	44	1
12	49	1
12	50	2
12	55	2
12	57	1
12	62	1
12	66	1
12	69	1
12	74	2
12	76	1
12	78	1
12	80	3
12	83	1
12	84	1
12	87	1
12	90	1
12	92	1
12	93	3
12	94	1
12	95	1
12	101	2
12	104	2
12	105	1
12	106	1
12	107	1
12	108	1
12	109	1
12	114	1
12	116	1
12	117	1
12	118	1
12	123	1
12	130	2
12	131	2
12	133	1
12	134	1
12	138	1
12	139	3
12	146	1
12	147	1
12	155	2
12	158	1
12	159	1
12	162	1
12	163	3
12	164	2
12	165	1
12	169	1
12	170	1
12	173	1
12	175	1
12	176	1
12	177	1
12	182	1
12	184	1
12	186	2
12	191	1
12	199	1
12	201	1
12	203	1
12	206	1
12	208	1
12	211	1
12	212	1
12	218	1
12	220	1
12	221	1
12	222	1
12	223	1
12	227	1
12	229	1
12	230	1
12	231	1
12	234	2
12	240	1
12	241	1
12	245	1
12	255	3
12	256	1
12	257	1
12	261	1
12	263	2
12	264	1
12	265	2
12	267	3
12	268	1
12	274	1
12	281	1
12	283	1
12	288	1
12	289	1
12	297	1
12	298	1
12	302	3
12	306	1
12	316	1
12	317	1
12	320	1
12	327	1
12	329	1
12	330	1
12	340	1
12	343	1
12	344	1
12	345	2
12	346	1
12	353	1
12	355	1
12	358	2
12	360	1
12	362	1
12	365	1
12	373	1
12	376	2
12	397	1
12	404	1
12	412	1
12	416	1
12	423	1
12	426	1
12	432	1
12	434	2
12	438	1
12	439	1
12	440	2
12	442	2
12	443	3
12	451	1
12	452	2
12	453	1
12	458	1
12	468	1
12	469	1
12	481	1
12	489	1
12	492	1
12	495	1
12	505	1
12	506	1
12	510	1
12	511	1
12	517	1
12	518	2
12	532	1
12	537	1
12	552	2
12	574	1
12	575	1
12	580	3
12	582	1
13	14	2
13	28	1
13	29	1
13	30	1
13	32	1
13	36	2
13	37	1
13	40	1
13	42	1
13	46	4
13	50	2
13	55	1
13	58	1
13	63	1
13	69	1
13	71	1
13	73	1
13	85	1
13	86	1
13	90	1
13	97	1
13	108	1
13	112	1
13	117	1
13	122	1
13	129	1
13	138	1
13	139	3
13	156	1
13	162	2
13	163	1
13	164	2
13	165	1
13	178	1
13	189	2
13	190	1
13	205	1
13	213	1
13	224	2
13	227	2
13	245	1
13	247	2
13	274	1
13	276	1
13	280	2
13	282	1
13	293	1
13	294	1
13	296	1
13	297	1
13	303	1
13	305	2
13	334	1
13	335	1
13	336	3
13	337	3
13	350	1
13	358	1
13	363	1
13	377	1
13	404	1
13	406	1
13	429	1
13	430	2
13	432	1
13	435	4
13	439	1
13	449	1
13	469	2
13	472	1
13	490	1
13	494	1
13	498	1
13	518	2
13	531	2
13	563	1
13	588	4
14	16	1
14	28	1
14	49	2
14	55	1
14	60	1
14	62	1
14	75	1
14	79	2
14	82	2
14	101	6
14	104	1
14	138	1
14	160	1
14	200	1
14	232	2
14	244	1
14	337	2
14	343	1
14	363	1
14	367	1
14	382	1
14	393	1
14	437	1
14	492	1
14	494	1
14	509	1
14	518	1
14	531	1
14	544	1
14	547	1
15	16	1
15	17	5
15	18	4
15	19	3
15	20	1
15	21	1
15	24	3
15	25	1
15	27	1
15	28	2
15	30	3
15	31	3
15	32	1
15	33	2
15	34	2
15	36	1
15	37	1
15	39	4
15	41	1
15	42	1
15	43	1
15	44	4
15	45	3
15	46	1
15	47	1
15	50	1
15	57	2
15	61	1
15	62	1
15	70	1
15	71	7
15	74	2
15	76	3
15	77	4
15	78	7
15	83	2
15	84	1
15	85	1
15	87	1
15	88	3
15	90	3
15	91	1
15	92	1
15	93	6
15	100	2
15	101	1
15	102	15
15	103	2
15	104	4
15	105	1
15	107	3
15	108	6
15	109	1
15	111	2
15	112	1
15	113	2
15	114	3
15	115	1
15	116	2
15	117	6
15	118	2
15	120	6
15	121	3
15	122	3
15	125	1
15	126	1
15	127	1
15	128	3
15	129	1
15	130	1
15	131	2
15	134	3
15	136	3
15	137	1
15	140	2
15	141	2
15	142	3
15	143	2
15	146	1
15	148	2
15	149	1
15	150	2
15	151	1
15	152	1
15	153	1
15	154	2
15	155	1
15	156	2
15	157	2
15	158	1
15	159	1
15	160	4
15	164	3
15	165	2
15	171	2
15	172	1
15	173	2
15	176	4
15	177	2
15	180	4
15	181	4
15	184	1
15	185	2
15	186	1
15	187	1
15	188	1
15	189	2
15	190	1
15	191	2
15	192	1
15	194	1
15	198	2
15	200	1
15	204	3
15	205	1
15	207	2
15	208	3
15	209	3
15	211	1
15	212	3
15	218	3
15	222	5
15	223	1
15	226	1
15	229	1
15	230	1
15	233	2
15	235	1
15	236	2
15	237	2
15	239	1
15	240	1
15	241	5
15	243	2
15	244	5
15	246	2
15	247	1
15	248	2
15	249	1
15	250	7
15	251	1
15	254	1
15	255	3
15	256	1
15	259	4
15	260	3
15	262	2
15	263	1
15	264	2
15	265	1
15	266	1
15	267	3
15	268	1
15	270	2
15	271	1
15	272	1
15	277	2
15	278	1
15	279	1
15	280	2
15	281	1
15	282	3
15	284	1
15	285	1
15	286	2
15	288	2
15	289	8
15	290	1
15	291	3
15	292	3
15	293	3
15	294	3
15	295	2
15	299	4
15	300	1
15	303	1
15	305	2
15	309	2
15	312	1
15	317	2
15	318	1
15	319	2
15	321	1
15	322	3
15	327	2
15	328	1
15	329	1
15	330	1
15	331	2
15	333	1
15	336	1
15	338	2
15	340	2
15	342	4
15	343	5
15	344	1
15	346	1
15	347	1
15	349	2
15	350	1
15	351	2
15	353	3
15	355	2
15	356	1
15	358	5
15	359	1
15	360	3
15	361	1
15	362	2
15	363	2
15	364	1
15	366	2
15	367	3
15	368	3
15	370	1
15	373	1
15	378	1
15	381	1
15	384	1
15	394	1
15	395	3
15	397	1
15	399	2
15	400	2
15	401	1
15	402	1
15	403	1
15	404	1
15	410	2
15	411	4
15	412	1
15	413	1
15	416	1
15	426	1
15	434	1
15	435	1
15	436	3
15	442	1
15	444	2
15	447	1
15	452	2
15	455	1
15	461	1
15	463	1
15	466	1
15	470	1
15	473	1
15	475	1
15	476	1
15	480	1
15	482	1
15	484	1
15	485	2
15	486	2
15	489	1
15	491	1
15	492	7
15	500	3
15	501	4
15	502	3
15	505	1
15	506	6
15	507	2
15	509	3
15	512	4
15	517	1
15	518	4
15	528	2
15	537	1
15	539	3
15	540	2
15	544	1
15	547	3
15	552	1
15	554	1
15	556	1
15	561	1
15	567	2
15	572	1
15	574	1
15	579	1
15	580	1
15	593	1
15	598	1
16	18	3
16	19	3
16	20	1
16	23	1
16	24	3
16	27	1
16	28	2
16	30	1
16	31	2
16	33	1
16	36	1
16	39	2
16	40	1
16	41	2
16	44	5
16	50	3
16	55	1
16	57	1
16	61	1
16	62	1
16	66	1
16	69	1
16	71	1
16	72	1
16	74	2
16	75	1
16	76	3
16	78	2
16	80	2
16	83	2
16	84	1
16	89	1
16	90	2
16	92	3
16	93	3
16	95	1
16	101	3
16	103	1
16	104	1
16	105	3
16	108	1
16	111	2
16	115	1
16	116	1
16	117	2
16	118	2
16	121	1
16	122	1
16	123	2
16	127	1
16	130	1
16	131	2
16	133	1
16	139	1
16	140	1
16	141	2
16	142	1
16	143	1
16	146	3
16	147	2
16	154	1
16	157	1
16	158	1
16	159	1
16	163	2
16	164	4
16	165	2
16	170	1
16	173	2
16	176	1
16	177	2
16	178	1
16	184	2
16	186	1
16	191	1
16	192	1
16	199	3
16	201	1
16	206	1
16	210	1
16	211	2
16	212	2
16	218	2
16	221	1
16	222	1
16	227	1
16	229	1
16	237	2
16	241	3
16	242	1
16	248	2
16	250	1
16	253	1
16	255	1
16	261	1
16	263	1
16	264	1
16	265	2
16	266	1
16	267	1
16	277	1
16	281	3
16	282	3
16	285	1
16	290	1
16	291	1
16	292	1
16	297	1
16	298	2
16	300	2
16	302	1
16	315	1
16	316	1
16	317	1
16	318	1
16	319	1
16	327	1
16	330	1
16	331	1
16	333	1
16	343	1
16	346	2
16	352	1
16	353	2
16	355	1
16	358	2
16	360	2
16	361	1
16	362	2
16	363	1
16	366	1
16	368	1
16	375	1
16	376	1
16	383	1
16	390	1
16	397	3
16	403	1
16	404	2
16	408	1
16	412	2
16	416	1
16	423	2
16	432	2
16	434	3
16	438	1
16	439	1
16	442	1
16	443	1
16	451	3
16	461	1
16	465	1
16	467	1
16	468	1
16	469	1
16	486	1
16	489	1
16	491	1
16	492	2
16	505	2
16	506	1
16	507	1
16	512	1
16	517	1
16	518	1
16	530	2
16	531	1
16	541	2
16	552	2
16	572	1
16	574	1
16	579	2
16	580	2
16	591	1
16	592	1
16	598	1
16	599	1
17	21	1
17	24	1
17	25	2
17	30	2
17	31	1
17	32	1
17	38	1
17	45	2
17	55	1
17	71	2
17	72	3
17	77	6
17	78	3
17	84	1
17	86	4
17	88	4
17	90	1
17	91	1
17	93	23
17	98	4
17	99	3
17	100	8
17	101	2
17	105	1
17	114	6
17	116	2
17	117	3
17	123	1
17	128	1
17	130	2
17	134	6
17	136	1
17	140	1
17	148	2
17	151	1
17	154	1
17	155	1
17	156	2
17	159	2
17	160	1
17	165	1
17	173	4
17	176	1
17	181	7
17	184	1
17	185	1
17	188	1
17	189	1
17	192	2
17	199	1
17	204	3
17	207	1
17	211	2
17	212	1
17	222	2
17	223	1
17	234	1
17	235	2
17	237	1
17	238	3
17	240	1
17	241	3
17	244	1
17	246	3
17	249	1
17	250	2
17	253	1
17	255	1
17	257	1
17	259	5
17	260	3
17	264	4
17	265	7
17	268	1
17	271	3
17	272	1
17	276	1
17	277	1
17	278	2
17	280	3
17	282	3
17	286	2
17	289	5
17	290	1
17	293	2
17	294	3
17	305	1
17	308	2
17	317	1
17	318	1
17	321	1
17	322	1
17	327	1
17	329	1
17	330	2
17	331	2
17	340	2
17	343	2
17	344	1
17	355	1
17	357	1
17	359	1
17	360	1
17	362	4
17	363	5
17	366	1
17	367	3
17	370	1
17	373	1
17	381	2
17	387	1
17	394	1
17	395	1
17	400	1
17	406	5
17	411	4
17	412	3
17	416	3
17	419	2
17	421	1
17	447	2
17	452	1
17	458	2
17	473	4
17	477	1
17	492	2
17	500	2
17	501	2
17	507	2
17	517	1
17	518	2
17	525	1
17	537	2
17	538	1
17	539	1
17	548	2
17	559	1
17	568	1
17	580	2
17	595	2
18	19	2
18	21	1
18	22	1
18	23	1
18	24	3
18	27	1
18	28	3
18	31	1
18	33	1
18	34	1
18	37	1
18	39	4
18	40	2
18	41	1
18	42	1
18	43	1
18	44	7
18	45	1
18	46	1
18	50	2
18	55	1
18	61	1
18	62	2
18	66	1
18	69	3
18	71	4
18	74	5
18	76	2
18	78	2
18	80	1
18	83	1
18	84	1
18	85	2
18	87	3
18	88	1
18	90	3
18	91	1
18	92	1
18	93	2
18	95	2
18	97	3
18	100	1
18	102	1
18	103	2
18	104	1
18	107	2
18	111	2
18	113	1
18	117	3
18	118	5
18	120	3
18	121	3
18	122	1
18	124	1
18	126	1
18	127	1
18	129	2
18	130	2
18	131	6
18	133	1
18	136	3
18	137	1
18	140	1
18	141	3
18	142	2
18	143	3
18	145	1
18	146	2
18	148	1
18	149	2
18	151	2
18	152	1
18	154	2
18	156	1
18	157	2
18	159	1
18	163	4
18	164	2
18	165	1
18	171	2
18	172	1
18	175	1
18	176	1
18	177	6
18	178	1
18	179	2
18	180	2
18	184	1
18	185	1
18	186	1
18	187	1
18	188	2
18	191	9
18	192	1
18	195	1
18	198	1
18	204	1
18	205	1
18	207	1
18	208	1
18	209	1
18	212	1
18	216	1
18	218	1
18	222	3
18	223	2
18	225	1
18	226	1
18	227	3
18	229	1
18	232	2
18	235	1
18	237	1
18	239	1
18	241	1
18	243	1
18	244	1
18	248	3
18	250	3
18	251	1
18	254	2
18	255	1
18	258	1
18	259	3
18	261	2
18	262	1
18	263	2
18	264	1
18	265	1
18	266	2
18	267	1
18	270	1
18	277	3
18	280	1
18	281	1
18	282	2
18	283	1
18	285	6
18	288	1
18	289	2
18	291	3
18	292	5
18	293	1
18	294	3
18	295	1
18	300	2
18	303	4
18	306	1
18	307	1
18	309	1
18	311	1
18	312	1
18	315	2
18	318	1
18	319	2
18	322	1
18	330	1
18	333	1
18	339	1
18	342	1
18	343	2
18	346	2
18	347	1
18	350	1
18	351	1
18	353	2
18	355	1
18	358	2
18	360	2
18	361	1
18	363	1
18	364	1
18	366	1
18	367	2
18	368	2
18	382	1
18	384	1
18	387	1
18	388	3
18	397	2
18	398	1
18	399	1
18	402	1
18	403	1
18	404	1
18	408	1
18	410	1
18	411	1
18	412	1
18	416	1
18	434	1
18	435	1
18	439	1
18	442	1
18	443	1
18	458	1
18	459	1
18	461	1
18	462	1
18	463	1
18	466	1
18	468	4
18	469	1
18	470	1
18	471	1
18	473	1
18	480	1
18	482	1
18	485	1
18	486	1
18	489	3
18	491	2
18	492	2
18	499	2
18	500	1
18	502	1
18	505	1
18	507	1
18	509	1
18	512	1
18	518	1
18	528	2
18	539	1
18	540	1
18	544	1
18	552	3
18	559	1
18	561	2
18	572	1
18	574	1
18	578	1
18	579	1
18	580	1
18	592	1
18	593	1
18	598	1
19	20	3
19	21	2
19	22	1
19	23	2
19	24	5
19	27	1
19	28	8
19	29	1
19	30	2
19	31	7
19	33	8
19	34	1
19	36	2
19	37	2
19	38	1
19	39	5
19	40	6
19	41	2
19	42	2
19	43	1
19	44	9
19	45	1
19	46	1
19	50	3
19	53	1
19	55	1
19	56	1
19	57	2
19	60	1
19	61	1
19	62	1
19	66	1
19	67	2
19	69	1
19	70	1
19	71	2
19	73	1
19	74	3
19	75	2
19	76	5
19	77	1
19	78	8
19	79	1
19	83	4
19	84	1
19	85	5
19	86	1
19	87	2
19	88	4
19	89	1
19	90	6
19	91	2
19	92	3
19	93	5
19	97	4
19	98	1
19	100	2
19	101	4
19	102	1
19	103	1
19	104	3
19	105	1
19	108	3
19	110	1
19	111	2
19	112	3
19	113	3
19	114	7
19	116	2
19	117	3
19	118	4
19	119	4
19	120	1
19	121	1
19	122	3
19	123	4
19	124	1
19	125	1
19	129	3
19	130	6
19	131	4
19	134	1
19	136	1
19	137	1
19	139	3
19	140	2
19	141	6
19	142	2
19	143	5
19	146	3
19	147	4
19	148	1
19	149	1
19	151	2
19	154	1
19	155	1
19	156	1
19	157	3
19	158	2
19	159	1
19	162	1
19	164	2
19	165	5
19	166	1
19	167	1
19	169	8
19	170	1
19	172	1
19	173	6
19	176	2
19	178	3
19	183	1
19	184	4
19	186	2
19	187	1
19	188	1
19	190	1
19	191	2
19	192	2
19	194	1
19	197	1
19	198	3
19	199	3
19	201	2
19	202	1
19	204	3
19	205	2
19	206	1
19	207	1
19	209	1
19	210	1
19	211	1
19	212	4
19	215	1
19	218	4
19	220	1
19	221	1
19	222	3
19	225	1
19	227	1
19	230	1
19	231	1
19	232	1
19	235	2
19	237	3
19	240	1
19	241	6
19	243	1
19	244	1
19	248	8
19	249	2
19	250	7
19	251	1
19	252	3
19	253	1
19	254	1
19	255	3
19	256	1
19	257	3
19	259	2
19	260	1
19	261	1
19	262	2
19	263	4
19	264	2
19	265	5
19	266	1
19	267	5
19	268	1
19	270	2
19	271	1
19	274	1
19	277	3
19	279	3
19	280	2
19	281	3
19	282	5
19	283	2
19	284	1
19	287	1
19	288	1
19	289	3
19	290	1
19	291	3
19	292	3
19	293	1
19	294	1
19	295	3
19	297	3
19	298	2
19	300	3
19	302	1
19	303	6
19	306	2
19	307	1
19	309	1
19	311	2
19	316	2
19	317	1
19	318	4
19	319	3
19	320	1
19	322	3
19	327	2
19	328	1
19	329	2
19	330	3
19	338	1
19	339	1
19	340	3
19	342	1
19	343	5
19	344	1
19	346	1
19	349	1
19	350	1
19	351	1
19	353	3
19	355	3
19	356	2
19	357	1
19	358	6
19	359	1
19	360	5
19	361	1
19	362	3
19	363	2
19	364	2
19	365	2
19	366	1
19	367	1
19	368	2
19	370	1
19	372	1
19	373	1
19	376	2
19	380	1
19	382	1
19	384	2
19	387	1
19	390	2
19	391	1
19	393	1
19	395	1
19	397	4
19	398	1
19	399	1
19	401	1
19	402	1
19	403	1
19	404	2
19	410	4
19	411	1
19	412	1
19	414	1
19	416	3
19	417	1
19	423	1
19	426	1
19	432	1
19	434	3
19	437	2
19	438	1
19	439	2
19	442	2
19	450	1
19	451	1
19	452	1
19	453	1
19	455	1
19	456	1
19	458	3
19	459	1
19	463	2
19	466	2
19	468	3
19	469	1
19	470	1
19	472	1
19	473	1
19	480	1
19	481	1
19	482	1
19	484	1
19	485	1
19	486	3
19	489	2
19	490	1
19	491	1
19	492	4
19	500	2
19	502	1
19	503	2
19	505	2
19	506	2
19	507	2
19	509	1
19	512	2
19	517	1
19	518	2
19	525	3
19	526	1
19	528	2
19	535	1
19	538	2
19	539	3
19	540	1
19	544	1
19	545	1
19	552	7
19	559	1
19	566	1
19	567	1
19	568	1
19	572	1
19	574	3
19	578	2
19	579	2
19	580	3
19	592	1
19	593	1
19	598	3
20	24	2
20	25	1
20	30	2
20	32	1
20	33	1
20	34	1
20	36	2
20	39	5
20	41	1
20	44	3
20	50	2
20	55	1
20	57	2
20	64	1
20	71	1
20	72	1
20	74	1
20	76	1
20	77	3
20	78	4
20	83	1
20	88	1
20	90	3
20	91	2
20	92	1
20	93	2
20	101	4
20	104	2
20	105	1
20	107	1
20	109	1
20	111	1
20	113	2
20	114	1
20	116	1
20	117	3
20	118	1
20	121	1
20	122	1
20	123	1
20	126	1
20	128	1
20	130	2
20	131	2
20	133	1
20	136	1
20	139	1
20	146	1
20	147	1
20	151	1
20	153	1
20	155	1
20	156	3
20	158	4
20	160	1
20	164	2
20	169	1
20	170	1
20	173	2
20	176	1
20	177	1
20	180	1
20	184	1
20	185	1
20	186	1
20	190	2
20	194	1
20	199	3
20	206	1
20	207	1
20	210	1
20	211	2
20	212	2
20	218	1
20	221	1
20	222	2
20	226	1
20	227	1
20	229	1
20	230	1
20	231	1
20	241	2
20	243	1
20	250	1
20	255	2
20	257	1
20	262	1
20	263	1
20	265	2
20	267	1
20	281	2
20	282	1
20	285	1
20	287	1
20	294	3
20	297	1
20	298	1
20	300	1
20	302	2
20	305	1
20	316	1
20	317	1
20	318	2
20	327	1
20	329	1
20	340	1
20	342	1
20	344	1
20	345	1
20	347	1
20	353	2
20	358	2
20	359	1
20	362	4
20	365	2
20	373	2
20	376	2
20	379	1
20	381	1
20	387	1
20	395	2
20	397	1
20	399	1
20	404	1
20	413	1
20	416	1
20	423	1
20	426	1
20	432	1
20	434	1
20	437	1
20	439	1
20	442	2
20	444	1
20	452	1
20	453	1
20	458	1
20	468	1
20	469	1
20	481	1
20	492	1
20	505	4
20	506	2
20	513	1
20	517	1
20	518	2
20	528	2
20	530	1
20	540	1
20	545	1
20	547	1
20	552	1
20	559	1
20	567	1
20	574	1
20	578	1
20	580	2
21	25	2
21	33	1
21	35	2
21	38	1
21	39	1
21	40	1
21	42	2
21	43	1
21	44	1
21	45	1
21	46	1
21	55	1
21	61	2
21	65	1
21	72	3
21	74	1
21	76	2
21	77	1
21	78	1
21	79	2
21	85	1
21	86	1
21	87	2
21	88	2
21	90	2
21	91	11
21	93	2
21	98	1
21	99	1
21	100	2
21	102	1
21	103	1
21	104	1
21	108	1
21	112	1
21	113	4
21	114	1
21	118	1
21	120	3
21	122	2
21	129	1
21	130	1
21	135	1
21	136	1
21	137	10
21	139	1
21	140	1
21	142	1
21	143	1
21	144	1
21	148	1
21	149	1
21	151	2
21	154	5
21	156	1
21	157	1
21	159	4
21	160	4
21	161	1
21	162	1
21	167	1
21	169	2
21	172	1
21	175	1
21	182	1
21	184	4
21	191	1
21	192	1
21	194	2
21	198	4
21	200	4
21	201	1
21	204	1
21	205	1
21	208	1
21	209	1
21	211	1
21	213	1
21	214	1
21	218	3
21	220	9
21	222	2
21	234	1
21	235	8
21	238	1
21	239	1
21	243	1
21	244	1
21	246	1
21	248	1
21	250	1
21	251	1
21	254	1
21	259	1
21	262	1
21	263	4
21	264	1
21	265	1
21	267	2
21	269	1
21	270	1
21	271	1
21	274	1
21	276	1
21	277	1
21	279	2
21	280	1
21	282	2
21	283	1
21	288	4
21	289	2
21	291	2
21	292	1
21	294	1
21	295	1
21	298	1
21	303	1
21	308	1
21	309	1
21	310	4
21	315	1
21	317	3
21	318	1
21	321	1
21	322	1
21	324	2
21	330	2
21	338	2
21	339	1
21	342	1
21	343	1
21	346	1
21	350	1
21	351	3
21	353	1
21	356	1
21	358	1
21	359	2
21	360	1
21	362	3
21	363	3
21	364	1
21	367	1
21	368	1
21	369	4
21	371	1
21	372	2
21	374	2
21	378	2
21	397	1
21	399	1
21	400	1
21	404	1
21	406	1
21	408	1
21	409	2
21	410	2
21	412	1
21	414	1
21	416	2
21	419	1
21	428	1
21	437	1
21	457	1
21	466	1
21	470	1
21	472	1
21	473	2
21	480	1
21	482	1
21	485	1
21	489	4
21	492	1
21	501	13
21	502	1
21	505	1
21	506	1
21	507	1
21	509	1
21	518	1
21	528	1
21	539	1
21	540	1
21	544	1
21	567	8
21	572	1
21	574	1
21	591	1
21	593	1
21	595	1
22	23	2
22	24	2
22	28	1
22	31	2
22	33	2
22	37	1
22	38	2
22	39	2
22	42	1
22	57	1
22	69	1
22	70	1
22	71	1
22	72	1
22	75	2
22	76	2
22	86	1
22	91	1
22	97	1
22	98	1
22	99	1
22	111	1
22	114	1
22	117	1
22	123	1
22	124	1
22	129	2
22	130	1
22	132	1
22	141	2
22	142	1
22	143	3
22	149	1
22	150	1
22	151	1
22	156	4
22	157	2
22	158	2
22	162	1
22	165	1
22	174	1
22	178	1
22	184	1
22	188	1
22	204	1
22	205	1
22	209	2
22	218	1
22	221	2
22	224	1
22	235	1
22	237	1
22	238	1
22	249	1
22	253	1
22	260	1
22	261	1
22	267	1
22	270	2
22	274	2
22	276	1
22	277	2
22	280	2
22	282	1
22	297	1
22	300	1
22	308	1
22	311	1
22	318	1
22	322	1
22	343	1
22	352	2
22	356	1
22	358	1
22	360	1
22	373	1
22	376	1
22	379	1
22	381	1
22	382	1
22	387	1
22	391	1
22	398	2
22	402	1
22	406	1
22	408	1
22	415	1
22	432	1
22	434	1
22	437	2
22	448	1
22	466	1
22	476	1
22	486	2
22	489	1
22	500	1
22	507	1
22	517	1
22	518	1
22	539	1
22	545	2
22	552	1
22	591	2
23	28	4
23	30	1
23	31	2
23	33	3
23	38	1
23	39	1
23	44	1
23	57	4
23	66	2
23	69	1
23	74	1
23	75	4
23	76	4
23	77	1
23	78	1
23	80	2
23	84	1
23	87	1
23	89	1
23	90	2
23	91	3
23	93	1
23	95	1
23	97	2
23	102	1
23	103	1
23	114	1
23	116	1
23	119	1
23	120	2
23	124	1
23	127	1
23	130	1
23	133	3
23	139	1
23	141	2
23	142	1
23	143	1
23	147	1
23	149	3
23	151	1
23	155	1
23	156	3
23	157	2
23	158	1
23	163	1
23	165	1
23	173	2
23	177	1
23	178	2
23	184	3
23	204	1
23	209	4
23	214	1
23	218	1
23	221	1
23	227	2
23	229	1
23	237	2
23	240	5
23	241	3
23	245	1
23	248	1
23	252	1
23	253	1
23	260	1
23	261	3
23	263	1
23	267	1
23	270	2
23	274	1
23	277	2
23	279	1
23	281	1
23	291	1
23	294	2
23	295	1
23	297	2
23	302	4
23	315	3
23	318	1
23	322	1
23	330	1
23	339	2
23	343	1
23	345	2
23	346	2
23	352	1
23	355	2
23	358	1
23	360	4
23	362	1
23	364	1
23	374	2
23	376	1
23	379	1
23	381	1
23	390	1
23	393	1
23	396	1
23	398	2
23	408	2
23	410	1
23	415	1
23	416	1
23	418	2
23	426	1
23	432	1
23	434	1
23	437	3
23	441	1
23	443	1
23	444	1
23	446	1
23	451	1
23	454	1
23	466	1
23	471	2
23	476	1
23	478	2
23	486	2
23	489	2
23	494	1
23	500	1
23	501	2
23	503	1
23	505	1
23	507	1
23	511	1
23	516	1
23	517	1
23	518	1
23	528	1
23	537	2
23	539	1
23	544	2
23	545	2
23	547	2
23	552	1
23	578	1
23	580	1
23	591	2
23	593	1
24	25	1
24	27	1
24	28	7
24	30	2
24	31	2
24	32	1
24	33	5
24	34	2
24	36	1
24	37	2
24	38	1
24	39	3
24	40	3
24	41	2
24	42	1
24	44	7
24	46	1
24	47	1
24	50	4
24	55	2
24	56	1
24	57	3
24	60	1
24	61	1
24	62	1
24	69	2
24	70	3
24	71	3
24	72	2
24	73	1
24	74	2
24	75	1
24	76	7
24	77	6
24	78	7
24	83	4
24	84	1
24	85	2
24	86	2
24	87	1
24	88	4
24	90	3
24	91	3
24	92	2
24	93	4
24	97	4
24	98	4
24	99	1
24	101	3
24	103	1
24	104	2
24	105	5
24	107	1
24	108	2
24	109	1
24	110	1
24	111	3
24	112	1
24	114	5
24	116	5
24	117	4
24	118	1
24	121	2
24	122	1
24	123	2
24	124	1
24	126	1
24	128	1
24	129	4
24	130	2
24	131	4
24	132	1
24	134	1
24	136	1
24	140	1
24	141	6
24	142	1
24	143	5
24	145	1
24	146	5
24	147	1
24	148	1
24	150	1
24	151	2
24	153	1
24	154	1
24	155	1
24	156	2
24	157	2
24	158	5
24	160	2
24	164	3
24	165	5
24	169	1
24	170	3
24	171	1
24	172	1
24	173	6
24	174	3
24	176	3
24	177	2
24	178	3
24	180	1
24	181	6
24	184	2
24	185	1
24	186	5
24	187	1
24	188	2
24	190	2
24	191	2
24	192	2
24	194	1
24	196	1
24	197	1
24	199	6
24	201	1
24	204	3
24	205	2
24	206	2
24	207	2
24	209	1
24	210	2
24	211	3
24	212	8
24	218	2
24	219	1
24	221	2
24	222	2
24	224	1
24	226	1
24	229	1
24	235	1
24	236	1
24	237	4
24	238	2
24	240	1
24	241	9
24	242	4
24	243	1
24	246	1
24	248	5
24	249	1
24	250	2
24	253	2
24	255	5
24	257	1
24	259	3
24	260	1
24	262	1
24	263	2
24	264	1
24	265	4
24	266	1
24	267	1
24	268	2
24	270	1
24	274	1
24	276	1
24	277	4
24	280	2
24	281	3
24	282	2
24	283	1
24	285	2
24	288	1
24	289	2
24	290	1
24	291	1
24	292	1
24	293	1
24	294	5
24	295	1
24	297	4
24	298	1
24	300	3
24	302	7
24	303	3
24	305	2
24	306	4
24	308	1
24	311	1
24	314	1
24	316	1
24	317	3
24	318	3
24	319	1
24	321	3
24	322	2
24	323	1
24	327	1
24	328	3
24	329	4
24	331	2
24	340	1
24	342	1
24	343	3
24	344	1
24	347	1
24	352	2
24	353	3
24	355	2
24	356	3
24	358	4
24	359	1
24	360	5
24	361	1
24	362	5
24	363	2
24	365	1
24	366	2
24	370	1
24	373	2
24	376	1
24	379	2
24	381	1
24	382	2
24	384	1
24	387	6
24	390	2
24	391	1
24	395	2
24	397	4
24	398	3
24	399	1
24	402	1
24	403	1
24	404	3
24	406	1
24	408	1
24	410	1
24	411	1
24	412	3
24	416	2
24	423	2
24	426	2
24	432	2
24	434	2
24	438	1
24	439	1
24	442	3
24	444	1
24	447	2
24	448	1
24	451	1
24	452	1
24	461	1
24	465	2
24	466	1
24	468	2
24	469	2
24	475	1
24	477	1
24	486	2
24	489	2
24	491	1
24	492	3
24	500	3
24	501	1
24	502	1
24	503	1
24	505	1
24	506	2
24	507	3
24	512	1
24	517	4
24	518	2
24	520	1
24	525	1
24	528	1
24	530	2
24	537	3
24	539	6
24	540	1
24	545	1
24	548	1
24	552	3
24	554	3
24	559	2
24	560	1
24	567	1
24	574	2
24	579	1
24	580	2
24	591	1
24	592	1
24	593	1
24	596	1
24	598	2
25	30	3
25	32	12
25	34	2
25	37	1
25	39	1
25	44	2
25	55	2
25	57	1
25	60	1
25	71	4
25	72	2
25	76	1
25	77	4
25	78	1
25	85	1
25	86	1
25	87	2
25	88	1
25	93	3
25	94	1
25	98	1
25	99	1
25	100	2
25	106	16
25	107	3
25	109	4
25	111	1
25	114	2
25	117	8
25	120	4
25	121	7
25	126	3
25	128	6
25	131	2
25	133	7
25	136	2
25	151	1
25	152	1
25	153	1
25	158	1
25	159	2
25	160	1
25	163	1
25	164	1
25	173	2
25	177	1
25	180	5
25	185	5
25	190	1
25	192	1
25	194	1
25	198	1
25	199	1
25	201	1
25	205	1
25	211	3
25	212	2
25	214	1
25	216	1
25	218	1
25	220	1
25	222	5
25	223	1
25	226	2
25	227	3
25	229	1
25	231	1
25	232	1
25	234	1
25	235	5
25	238	1
25	239	2
25	241	3
25	243	1
25	246	1
25	250	2
25	251	1
25	252	1
25	255	1
25	258	5
25	261	1
25	262	2
25	263	1
25	264	3
25	265	2
25	266	1
25	267	2
25	271	2
25	273	1
25	274	2
25	276	1
25	280	2
25	282	2
25	285	1
25	289	1
25	291	1
25	292	2
25	294	4
25	298	2
25	300	1
25	305	2
25	308	1
25	312	1
25	321	1
25	327	1
25	342	7
25	343	1
25	347	2
25	353	1
25	355	1
25	358	1
25	359	2
25	362	3
25	363	3
25	372	1
25	379	1
25	395	2
25	399	1
25	406	1
25	411	1
25	412	2
25	414	1
25	416	2
25	419	1
25	426	1
25	428	1
25	432	1
25	442	2
25	444	1
25	447	1
25	454	1
25	456	1
25	460	1
25	469	1
25	473	2
25	477	2
25	489	10
25	490	1
25	492	1
25	506	1
25	507	1
25	509	1
25	518	1
25	528	1
25	540	1
25	554	1
25	556	1
25	557	3
25	567	1
25	575	5
25	576	4
25	578	1
25	580	2
25	591	2
25	593	1
25	595	2
26	27	2
26	30	1
26	44	1
26	53	1
26	76	1
26	80	1
26	81	2
26	87	1
26	91	1
26	94	2
26	107	2
26	108	1
26	109	1
26	111	1
26	117	1
26	118	1
26	120	1
26	130	1
26	133	1
26	136	1
26	140	5
26	149	1
26	154	1
26	181	1
26	185	1
26	187	1
26	220	1
26	241	1
26	242	1
26	258	1
26	275	1
26	292	1
26	302	1
26	355	1
26	413	1
26	418	1
26	423	1
26	428	1
26	450	1
26	451	1
26	478	1
26	492	1
26	511	1
26	521	1
26	525	1
26	545	1
26	552	1
26	560	1
26	561	1
27	28	1
27	30	1
27	31	1
27	37	1
27	41	1
27	44	3
27	50	2
27	53	1
27	57	3
27	58	1
27	60	4
27	61	1
27	62	1
27	66	1
27	71	1
27	76	1
27	78	1
27	79	1
27	80	1
27	81	1
27	83	1
27	87	1
27	90	1
27	91	1
27	92	1
27	93	1
27	94	2
27	107	3
27	108	2
27	109	1
27	111	1
27	117	1
27	118	1
27	120	2
27	121	1
27	131	1
27	133	1
27	136	1
27	140	2
27	141	1
27	143	1
27	146	2
27	149	1
27	157	1
27	160	1
27	162	2
27	164	1
27	165	1
27	176	1
27	185	1
27	187	2
27	192	1
27	212	2
27	218	1
27	220	1
27	222	1
27	227	1
27	228	2
27	233	1
27	237	1
27	241	1
27	248	1
27	250	5
27	258	1
27	264	2
27	265	1
27	266	1
27	277	1
27	281	1
27	282	2
27	291	2
27	292	3
27	298	1
27	303	1
27	318	1
27	319	1
27	321	1
27	337	1
27	343	2
27	353	1
27	355	1
27	358	2
27	360	1
27	361	1
27	365	1
27	366	1
27	375	1
27	376	1
27	379	1
27	381	1
27	390	1
27	403	1
27	412	1
27	425	1
27	428	1
27	434	1
27	450	1
27	451	1
27	455	1
27	459	1
27	463	2
27	486	1
27	489	2
27	491	1
27	503	1
27	507	1
27	509	1
27	511	4
27	512	1
27	515	2
27	530	2
27	552	1
27	560	1
27	561	1
27	578	1
27	579	1
27	598	2
28	29	3
28	30	4
28	31	2
28	32	1
28	33	3
28	34	1
28	37	7
28	38	2
28	39	3
28	40	7
28	41	2
28	42	4
28	44	6
28	45	1
28	47	1
28	50	1
28	55	2
28	56	1
28	60	3
28	61	1
28	62	3
28	66	1
28	69	7
28	70	1
28	71	6
28	72	2
28	73	2
28	74	1
28	75	5
28	76	4
28	77	2
28	78	7
28	79	1
28	80	1
28	82	1
28	83	5
28	84	6
28	85	6
28	86	4
28	87	2
28	88	2
28	89	1
28	90	4
28	91	4
28	92	1
28	93	1
28	95	4
28	97	5
28	98	3
28	99	1
28	100	2
28	101	7
28	104	6
28	105	3
28	108	3
28	110	1
28	111	1
28	112	3
28	114	7
28	116	1
28	117	5
28	118	2
28	119	2
28	121	2
28	122	2
28	124	1
28	126	1
28	127	2
28	129	6
28	130	2
28	131	3
28	132	2
28	133	2
28	134	1
28	140	1
28	141	7
28	142	2
28	143	5
28	145	1
28	146	1
28	147	1
28	150	2
28	151	3
28	155	2
28	156	3
28	157	3
28	158	3
28	162	2
28	163	1
28	164	1
28	165	8
28	169	2
28	173	1
28	174	3
28	176	1
28	177	1
28	178	2
28	181	1
28	184	4
28	186	3
28	187	1
28	191	2
28	192	5
28	194	1
28	197	2
28	199	1
28	200	1
28	201	2
28	204	1
28	205	8
28	209	1
28	211	2
28	212	5
28	213	3
28	216	1
28	218	4
28	220	2
28	221	1
28	224	2
28	227	3
28	229	1
28	235	1
28	237	4
28	238	2
28	240	3
28	241	10
28	242	1
28	244	1
28	248	7
28	249	6
28	250	8
28	252	4
28	253	4
28	254	1
28	255	2
28	257	1
28	258	3
28	259	3
28	261	2
28	263	1
28	264	4
28	265	2
28	266	1
28	267	3
28	268	1
28	270	3
28	271	2
28	272	1
28	274	2
28	276	2
28	277	5
28	278	1
28	280	2
28	281	3
28	282	2
28	283	1
28	287	1
28	288	1
28	289	4
28	290	1
28	291	3
28	292	1
28	293	3
28	294	3
28	295	6
28	297	2
28	300	2
28	302	3
28	303	5
28	306	1
28	308	1
28	310	1
28	318	1
28	319	2
28	321	2
28	322	5
28	328	2
28	329	1
28	330	2
28	337	1
28	338	1
28	339	2
28	340	1
28	341	1
28	343	4
28	346	2
28	352	3
28	353	2
28	355	4
28	356	7
28	358	6
28	360	5
28	361	1
28	362	5
28	363	4
28	364	2
28	365	1
28	366	2
28	370	1
28	373	3
28	374	1
28	375	1
28	378	2
28	382	2
28	387	9
28	390	2
28	391	1
28	393	1
28	395	1
28	397	1
28	398	1
28	400	1
28	403	1
28	406	2
28	410	2
28	411	1
28	412	1
28	416	2
28	422	1
28	434	1
28	437	1
28	441	1
28	442	2
28	443	1
28	444	1
28	448	1
28	451	1
28	466	2
28	468	1
28	469	2
28	471	1
28	472	3
28	477	1
28	478	1
28	486	6
28	489	3
28	490	2
28	491	1
28	492	1
28	494	1
28	500	6
28	503	2
28	507	4
28	511	1
28	512	1
28	514	1
28	517	1
28	518	4
28	525	1
28	529	1
28	530	2
28	537	2
28	539	2
28	544	1
28	545	1
28	547	1
28	552	7
28	554	1
28	559	3
28	560	1
28	566	3
28	567	1
28	574	1
28	578	3
28	579	2
28	580	3
28	591	2
28	593	1
28	596	1
28	598	1
29	30	1
29	32	1
29	37	3
29	40	5
29	42	1
29	44	2
29	69	3
29	71	3
29	73	2
29	77	2
29	78	2
29	83	2
29	85	5
29	86	3
29	97	2
29	100	2
29	104	2
29	112	9
29	117	3
29	129	1
29	165	3
29	178	2
29	192	2
29	197	2
29	205	7
29	224	1
29	241	2
29	248	2
29	249	2
29	252	2
29	271	2
29	276	1
29	280	1
29	282	1
29	293	2
29	294	2
29	295	2
29	300	2
29	303	2
29	339	2
29	358	1
29	363	2
29	406	1
29	472	3
29	486	2
29	490	2
29	507	2
29	552	2
29	566	2
30	32	3
30	33	1
30	34	1
30	36	2
30	37	2
30	38	2
30	39	2
30	40	1
30	41	1
30	42	4
30	44	2
30	50	1
30	53	1
30	57	2
30	69	1
30	71	12
30	73	1
30	74	1
30	76	1
30	77	3
30	78	5
30	80	1
30	83	2
30	85	1
30	86	1
30	87	1
30	88	4
30	90	1
30	91	1
30	92	1
30	93	2
30	94	2
30	96	2
30	97	1
30	98	1
30	99	1
30	100	3
30	101	2
30	103	1
30	104	4
30	105	1
30	106	2
30	107	3
30	109	1
30	111	2
30	112	1
30	114	2
30	116	1
30	117	8
30	118	2
30	119	1
30	120	2
30	121	7
30	122	1
30	123	1
30	126	1
30	128	10
30	129	1
30	130	3
30	131	2
30	133	3
30	134	2
30	136	2
30	141	2
30	143	1
30	146	1
30	147	1
30	149	1
30	151	1
30	153	1
30	158	1
30	160	1
30	164	2
30	165	2
30	170	1
30	171	1
30	172	1
30	173	3
30	177	1
30	180	3
30	181	2
30	184	1
30	185	6
30	186	1
30	188	1
30	189	1
30	190	1
30	191	1
30	194	1
30	199	2
30	204	3
30	205	2
30	206	1
30	207	1
30	211	2
30	212	2
30	220	1
30	221	1
30	222	4
30	223	1
30	224	1
30	226	1
30	229	1
30	237	1
30	241	5
30	243	1
30	246	1
30	248	2
30	249	2
30	250	3
30	252	1
30	253	1
30	255	2
30	258	6
30	259	1
30	261	1
30	262	1
30	263	1
30	264	1
30	265	1
30	270	1
30	272	1
30	273	1
30	276	1
30	277	1
30	278	1
30	280	1
30	281	2
30	282	1
30	285	1
30	286	2
30	289	2
30	290	1
30	292	1
30	293	3
30	294	2
30	295	2
30	297	2
30	298	1
30	300	1
30	302	2
30	305	1
30	308	1
30	316	1
30	322	2
30	327	2
30	330	2
30	331	2
30	337	1
30	339	1
30	340	2
30	342	5
30	343	2
30	346	1
30	347	1
30	353	2
30	356	1
30	358	1
30	359	1
30	360	2
30	362	3
30	363	3
30	364	1
30	367	2
30	370	1
30	376	1
30	387	2
30	390	2
30	394	1
30	395	3
30	397	1
30	398	1
30	399	1
30	400	1
30	404	1
30	406	1
30	408	1
30	410	1
30	411	2
30	412	1
30	416	2
30	423	1
30	426	1
30	428	2
30	432	1
30	434	2
30	439	1
30	442	2
30	444	1
30	452	1
30	454	1
30	466	1
30	468	2
30	469	1
30	472	1
30	486	1
30	490	1
30	492	2
30	494	2
30	500	4
30	501	1
30	503	1
30	506	3
30	517	1
30	518	3
30	527	1
30	528	1
30	539	1
30	540	1
30	552	3
30	557	2
30	561	1
30	566	1
30	567	3
30	574	1
30	576	2
30	578	2
30	580	1
30	593	1
31	33	4
31	38	1
31	39	3
31	40	2
31	44	1
31	49	1
31	53	1
31	56	1
31	57	5
31	60	1
31	61	1
31	64	1
31	67	1
31	71	1
31	74	1
31	75	1
31	76	6
31	78	3
31	79	2
31	80	1
31	81	1
31	83	1
31	85	1
31	88	1
31	89	1
31	90	2
31	91	1
31	92	1
31	93	1
31	101	3
31	103	1
31	104	2
31	105	1
31	107	2
31	108	3
31	111	1
31	113	1
31	114	1
31	115	1
31	116	2
31	118	2
31	120	3
31	122	2
31	123	1
31	124	3
31	125	2
31	128	1
31	131	2
31	134	1
31	135	1
31	136	1
31	138	1
31	139	1
31	141	1
31	142	1
31	146	2
31	147	2
31	149	2
31	150	1
31	153	1
31	154	2
31	155	2
31	156	1
31	157	2
31	158	2
31	159	1
31	161	1
31	162	1
31	163	1
31	164	2
31	165	3
31	166	1
31	167	1
31	169	1
31	173	1
31	176	2
31	177	5
31	180	2
31	181	1
31	184	2
31	186	1
31	187	1
31	191	1
31	198	1
31	199	2
31	201	1
31	202	1
31	204	1
31	205	1
31	208	2
31	209	4
31	210	1
31	214	1
31	218	4
31	220	1
31	221	1
31	222	1
31	230	2
31	233	1
31	237	3
31	240	1
31	241	2
31	242	1
31	248	3
31	250	2
31	255	5
31	259	2
31	260	4
31	261	1
31	263	4
31	268	1
31	270	1
31	271	1
31	273	1
31	279	1
31	280	2
31	282	1
31	289	2
31	290	1
31	295	1
31	298	1
31	299	2
31	300	3
31	302	2
31	306	1
31	317	2
31	318	3
31	319	2
31	320	1
31	321	1
31	328	2
31	329	1
31	330	1
31	331	1
31	333	2
31	340	2
31	343	2
31	344	1
31	346	1
31	348	1
31	349	1
31	352	4
31	355	2
31	358	4
31	360	1
31	362	4
31	363	1
31	366	1
31	372	1
31	373	1
31	375	1
31	376	1
31	379	1
31	381	2
31	383	1
31	390	4
31	393	1
31	396	1
31	397	1
31	398	1
31	402	2
31	404	1
31	415	1
31	418	1
31	423	1
31	432	1
31	433	1
31	434	3
31	436	2
31	437	1
31	439	1
31	440	1
31	441	1
31	450	1
31	451	4
31	454	1
31	459	2
31	463	2
31	466	1
31	467	1
31	471	2
31	475	1
31	476	2
31	486	1
31	489	3
31	492	3
31	500	1
31	501	1
31	503	1
31	505	2
31	506	3
31	507	2
31	511	1
31	513	2
31	515	1
31	517	2
31	518	3
31	519	1
31	522	1
31	525	2
31	528	1
31	531	1
31	535	1
31	537	4
31	538	1
31	539	2
31	541	1
31	545	2
31	552	1
31	571	1
31	577	1
31	578	2
31	579	2
31	591	2
31	596	1
31	599	1
32	34	2
32	37	1
32	39	1
32	40	1
32	42	1
32	44	2
32	45	1
32	57	1
32	69	1
32	70	1
32	71	3
32	73	1
32	76	1
32	77	1
32	78	1
32	85	1
32	86	2
32	87	1
32	93	1
32	97	1
32	100	2
32	106	3
32	107	2
32	109	3
32	111	1
32	112	1
32	117	7
32	120	3
32	121	4
32	126	1
32	128	3
32	129	1
32	131	1
32	133	5
32	136	2
32	150	1
32	152	1
32	153	2
32	158	1
32	160	1
32	164	1
32	165	1
32	173	1
32	177	1
32	180	3
32	185	4
32	190	1
32	194	1
32	205	1
32	211	1
32	212	2
32	216	1
32	220	1
32	222	3
32	224	1
32	226	2
32	227	1
32	229	1
32	241	2
32	243	1
32	250	2
32	255	1
32	257	1
32	258	5
32	262	2
32	266	1
32	267	1
32	273	1
32	274	1
32	276	1
32	280	1
32	282	1
32	285	1
32	291	1
32	292	1
32	293	1
32	294	2
32	298	1
32	300	1
32	305	1
32	312	1
32	319	1
32	327	1
32	342	4
32	347	2
32	353	1
32	355	1
32	358	2
32	359	1
32	362	1
32	363	1
32	372	1
32	387	1
32	395	1
32	399	1
32	406	1
32	426	1
32	432	1
32	442	2
32	444	1
32	472	1
32	473	1
32	489	3
32	490	1
32	492	1
32	506	1
32	518	2
32	528	1
32	529	1
32	538	1
32	540	1
32	548	1
32	557	2
32	567	1
32	568	1
32	575	4
32	576	1
33	36	1
33	37	2
33	38	2
33	39	4
33	41	1
33	42	2
33	43	1
33	45	1
33	46	1
33	50	2
33	56	1
33	57	5
33	60	1
33	62	1
33	69	1
33	70	3
33	71	1
33	72	1
33	74	3
33	75	3
33	76	13
33	78	2
33	83	2
33	84	1
33	85	1
33	86	1
33	87	2
33	88	4
33	90	2
33	91	3
33	92	1
33	93	4
33	98	1
33	99	1
33	100	1
33	101	2
33	102	1
33	103	1
33	104	2
33	105	1
33	108	3
33	110	1
33	112	1
33	113	1
33	114	2
33	116	5
33	117	2
33	118	2
33	120	2
33	122	2
33	123	1
33	124	1
33	126	1
33	129	2
33	130	3
33	131	1
33	132	1
33	136	1
33	137	1
33	141	2
33	142	1
33	143	2
33	146	4
33	147	1
33	148	1
33	149	4
33	150	1
33	151	2
33	154	1
33	156	4
33	157	4
33	158	3
33	164	2
33	165	1
33	170	1
33	172	1
33	173	1
33	174	1
33	184	4
33	186	3
33	191	1
33	198	2
33	199	2
33	204	2
33	205	2
33	206	1
33	207	1
33	209	5
33	211	1
33	212	6
33	218	3
33	221	3
33	222	2
33	224	1
33	230	1
33	235	2
33	237	3
33	238	1
33	241	2
33	243	1
33	244	1
33	248	3
33	249	2
33	250	3
33	251	1
33	253	2
33	254	2
33	255	2
33	256	1
33	259	2
33	260	1
33	261	1
33	262	1
33	263	2
33	265	1
33	267	1
33	268	2
33	270	3
33	274	1
33	276	1
33	277	3
33	280	1
33	281	1
33	282	1
33	284	1
33	285	1
33	287	1
33	288	1
33	289	3
33	291	1
33	292	1
33	295	1
33	297	2
33	298	1
33	300	1
33	302	2
33	303	2
33	306	1
33	308	1
33	309	1
33	316	1
33	317	2
33	318	4
33	319	1
33	322	2
33	327	1
33	328	6
33	329	3
33	330	1
33	342	1
33	343	2
33	346	1
33	349	1
33	350	1
33	351	1
33	352	2
33	353	2
33	355	2
33	356	1
33	358	2
33	360	7
33	362	1
33	364	1
33	366	1
33	367	1
33	368	2
33	373	2
33	376	2
33	379	1
33	381	1
33	387	1
33	390	2
33	391	1
33	394	1
33	395	1
33	397	6
33	398	1
33	399	1
33	401	1
33	402	1
33	404	2
33	406	1
33	410	1
33	415	1
33	416	2
33	418	2
33	423	3
33	432	2
33	434	2
33	439	1
33	442	1
33	448	1
33	450	1
33	451	1
33	466	2
33	468	2
33	469	1
33	470	1
33	471	2
33	473	1
33	475	1
33	476	1
33	478	1
33	480	1
33	482	1
33	484	1
33	485	1
33	486	2
33	489	1
33	492	1
33	500	1
33	502	1
33	505	3
33	506	2
33	507	2
33	509	1
33	517	3
33	518	1
33	525	1
33	528	2
33	537	4
33	539	2
33	540	1
33	544	1
33	545	3
33	552	2
33	559	2
33	572	1
33	574	5
33	580	2
33	591	2
33	593	2
34	36	1
34	37	1
34	38	1
34	39	1
34	40	1
34	42	2
34	44	3
34	45	2
34	47	2
34	50	2
34	54	1
34	55	2
34	56	1
34	57	2
34	62	1
34	65	3
34	71	1
34	76	1
34	77	2
34	78	4
34	79	1
34	80	1
34	82	1
34	83	1
34	85	1
34	87	1
34	88	1
34	90	1
34	93	3
34	95	1
34	101	1
34	104	1
34	107	1
34	109	2
34	110	1
34	111	1
34	114	1
34	117	2
34	118	2
34	119	1
34	121	2
34	123	1
34	125	1
34	126	1
34	128	2
34	131	1
34	134	1
34	136	3
34	141	1
34	145	1
34	150	1
34	151	1
34	152	1
34	153	1
34	158	2
34	160	2
34	162	1
34	163	1
34	164	2
34	165	1
34	173	1
34	177	2
34	180	1
34	181	2
34	183	1
34	185	2
34	188	1
34	189	1
34	190	2
34	194	1
34	199	1
34	205	2
34	206	1
34	210	1
34	211	1
34	212	2
34	215	2
34	216	3
34	218	2
34	220	1
34	222	1
34	224	1
34	225	2
34	226	2
34	227	2
34	229	1
34	230	2
34	232	2
34	241	4
34	243	1
34	245	1
34	246	1
34	247	1
34	248	1
34	250	2
34	253	1
34	255	1
34	257	1
34	258	1
34	260	1
34	262	2
34	264	1
34	265	2
34	266	1
34	274	2
34	285	1
34	288	1
34	291	3
34	292	2
34	294	3
34	297	2
34	298	1
34	300	1
34	302	1
34	303	3
34	305	3
34	306	1
34	309	1
34	312	1
34	315	1
34	316	1
34	318	1
34	319	3
34	322	1
34	327	1
34	331	1
34	336	1
34	337	1
34	342	1
34	343	2
34	344	1
34	347	3
34	351	1
34	353	2
34	355	1
34	356	2
34	357	1
34	358	2
34	359	1
34	362	1
34	372	1
34	379	1
34	380	1
34	382	1
34	383	1
34	387	4
34	395	2
34	397	1
34	398	1
34	399	1
34	415	1
34	416	1
34	418	1
34	419	1
34	420	1
34	426	1
34	431	1
34	432	1
34	434	3
34	435	1
34	436	1
34	438	1
34	441	1
34	442	3
34	444	2
34	447	2
34	448	1
34	451	1
34	452	2
34	455	2
34	458	1
34	461	2
34	465	1
34	468	1
34	469	2
34	471	1
34	489	1
34	492	1
34	497	1
34	500	2
34	506	1
34	517	1
34	518	1
34	525	1
34	526	2
34	527	1
34	528	1
34	531	1
34	532	1
34	534	1
34	535	2
34	536	1
34	537	1
34	538	1
34	540	1
34	545	1
34	552	1
34	556	1
34	559	2
34	567	2
34	568	1
34	578	1
34	580	2
34	588	1
34	591	1
34	598	1
34	599	1
35	61	1
35	65	1
35	79	1
35	91	1
35	108	1
35	125	1
35	135	1
35	137	1
35	154	1
35	200	1
35	263	1
35	288	1
35	317	1
35	409	1
35	501	1
36	39	1
36	41	1
36	50	3
36	55	1
36	57	2
36	62	1
36	64	1
36	65	2
36	66	1
36	71	2
36	72	1
36	74	1
36	76	1
36	78	1
36	82	1
36	83	1
36	90	1
36	92	1
36	93	2
36	97	1
36	101	3
36	103	2
36	104	2
36	105	1
36	107	1
36	110	1
36	112	1
36	116	1
36	117	2
36	118	2
36	119	1
36	122	1
36	123	1
36	125	1
36	130	1
36	131	1
36	146	1
36	147	1
36	150	1
36	151	1
36	158	1
36	162	1
36	163	1
36	164	1
36	170	1
36	172	1
36	173	1
36	180	1
36	184	1
36	186	1
36	188	1
36	190	4
36	199	1
36	206	1
36	210	1
36	211	1
36	212	1
36	218	1
36	221	1
36	222	1
36	224	1
36	225	1
36	227	1
36	232	1
36	236	1
36	241	2
36	249	1
36	252	1
36	255	1
36	263	1
36	265	1
36	281	1
36	282	1
36	291	1
36	297	2
36	298	1
36	302	2
36	303	1
36	305	2
36	316	2
36	327	1
36	339	1
36	342	1
36	345	1
36	353	1
36	358	1
36	362	1
36	363	1
36	376	1
36	379	1
36	381	1
36	391	1
36	397	1
36	404	1
36	413	1
36	416	2
36	423	1
36	432	1
36	434	2
36	439	1
36	442	1
36	452	1
36	461	2
36	463	1
36	465	1
36	468	1
36	469	1
36	470	1
36	492	2
36	494	2
36	502	1
36	506	1
36	509	1
36	513	1
36	517	1
36	518	1
36	530	1
36	531	1
36	545	1
36	552	1
36	559	1
36	574	1
36	578	1
36	580	1
36	588	1
37	38	1
37	39	1
37	40	9
37	42	3
37	44	2
37	53	1
37	55	1
37	67	1
37	69	4
37	70	2
37	71	5
37	72	1
37	73	3
37	74	1
37	75	1
37	76	2
37	77	4
37	78	4
37	79	1
37	83	2
37	84	2
37	85	10
37	86	5
37	91	1
37	95	5
37	97	2
37	98	2
37	99	1
37	100	2
37	104	4
37	110	1
37	112	6
37	113	1
37	114	3
37	117	4
37	129	2
37	132	1
37	141	4
37	143	1
37	145	1
37	150	1
37	151	3
37	156	1
37	157	1
37	158	2
37	165	4
37	169	1
37	170	1
37	172	1
37	174	1
37	176	1
37	178	3
37	186	1
37	190	1
37	192	2
37	194	1
37	197	3
37	198	2
37	205	14
37	206	1
37	207	2
37	209	1
37	212	1
37	216	1
37	219	1
37	221	1
37	224	2
37	235	1
37	236	1
37	238	2
37	241	4
37	248	5
37	249	3
37	250	4
37	252	2
37	253	2
37	256	1
37	258	1
37	264	2
37	267	1
37	270	1
37	271	2
37	274	1
37	276	2
37	277	1
37	280	2
37	281	1
37	282	1
37	284	1
37	292	1
37	293	2
37	294	3
37	295	3
37	297	1
37	300	2
37	303	4
37	308	1
37	314	1
37	318	1
37	319	1
37	322	1
37	323	2
37	330	3
37	339	2
37	349	1
37	352	1
37	356	2
37	358	2
37	359	1
37	363	2
37	368	1
37	373	1
37	379	1
37	387	7
37	390	1
37	391	1
37	401	1
37	402	2
37	406	2
37	426	1
37	432	1
37	447	1
37	448	1
37	466	1
37	469	2
37	471	1
37	472	3
37	477	1
37	484	1
37	486	3
37	489	1
37	490	2
37	500	3
37	507	2
37	516	1
37	518	1
37	525	1
37	530	1
37	545	1
37	548	1
37	552	3
37	554	2
37	559	1
37	566	2
37	578	2
37	580	1
37	591	1
37	593	1
38	39	2
38	40	1
38	42	16
38	50	1
38	57	1
38	69	1
38	70	1
38	71	1
38	72	1
38	75	2
38	76	6
38	77	1
38	78	2
38	83	2
38	85	1
38	86	4
38	88	2
38	91	1
38	95	1
38	98	2
38	99	1
38	100	3
38	102	1
38	111	1
38	114	2
38	115	1
38	117	1
38	119	1
38	123	2
38	124	1
38	129	1
38	130	1
38	132	4
38	134	1
38	141	2
38	143	2
38	149	1
38	150	1
38	151	1
38	156	2
38	157	2
38	158	4
38	165	2
38	167	1
38	174	3
38	183	1
38	184	1
38	204	1
38	205	1
38	209	2
38	210	1
38	215	1
38	218	1
38	221	2
38	224	1
38	235	1
38	237	1
38	238	2
38	241	4
38	242	1
38	245	3
38	249	5
38	253	1
38	257	2
38	260	2
38	261	1
38	265	4
38	267	1
38	270	2
38	274	2
38	276	1
38	277	3
38	297	2
38	303	1
38	306	2
38	308	1
38	315	1
38	318	1
38	319	1
38	322	2
38	331	1
38	337	1
38	338	1
38	352	2
38	353	1
38	356	7
38	357	1
38	358	1
38	360	1
38	363	2
38	373	1
38	376	1
38	379	1
38	380	1
38	381	1
38	387	5
38	391	1
38	397	1
38	398	1
38	406	1
38	408	1
38	410	1
38	411	3
38	412	1
38	415	1
38	419	1
38	432	1
38	434	4
38	436	1
38	438	1
38	442	1
38	448	1
38	450	1
38	451	1
38	455	1
38	466	1
38	468	1
38	473	1
38	476	1
38	477	2
38	486	2
38	489	1
38	500	1
38	507	1
38	517	1
38	518	1
38	526	1
38	527	2
38	534	2
38	537	1
38	538	3
38	539	2
38	545	4
38	552	2
38	554	1
38	559	1
38	566	1
38	567	1
38	568	2
38	580	1
38	591	2
39	40	2
39	41	1
39	42	2
39	43	1
39	44	1
39	45	1
39	46	1
39	50	2
39	55	1
39	57	3
39	69	2
39	70	1
39	71	4
39	72	1
39	74	2
39	75	2
39	76	6
39	77	5
39	78	6
39	79	1
39	80	2
39	83	1
39	84	1
39	85	2
39	86	1
39	87	4
39	88	1
39	89	1
39	90	7
39	91	9
39	92	2
39	93	3
39	98	1
39	99	1
39	100	1
39	101	6
39	102	2
39	103	6
39	104	2
39	105	1
39	107	3
39	109	1
39	111	3
39	113	5
39	114	2
39	116	1
39	117	5
39	118	2
39	120	3
39	121	2
39	122	1
39	123	2
39	124	1
39	126	2
39	127	1
39	128	1
39	129	2
39	130	4
39	131	2
39	132	1
39	135	2
39	136	2
39	137	1
39	139	2
39	141	2
39	142	2
39	143	2
39	145	3
39	146	1
39	147	2
39	148	1
39	149	3
39	150	1
39	151	2
39	153	3
39	154	1
39	155	1
39	156	5
39	157	3
39	158	5
39	160	1
39	162	1
39	164	2
39	165	2
39	166	1
39	167	2
39	169	1
39	170	1
39	171	2
39	172	1
39	173	2
39	174	2
39	176	1
39	177	1
39	179	2
39	180	3
39	184	2
39	185	1
39	186	3
39	187	2
39	190	1
39	191	2
39	194	9
39	198	2
39	199	4
39	201	1
39	202	1
39	203	1
39	204	2
39	205	1
39	206	1
39	209	5
39	211	2
39	212	2
39	215	1
39	218	4
39	220	3
39	221	3
39	222	5
39	223	1
39	224	1
39	225	1
39	226	1
39	227	1
39	229	1
39	230	1
39	231	1
39	232	1
39	235	2
39	237	1
39	238	1
39	239	1
39	241	3
39	242	1
39	243	2
39	244	1
39	248	4
39	249	1
39	250	4
39	251	2
39	253	1
39	254	1
39	255	2
39	257	3
39	258	1
39	259	1
39	260	1
39	261	2
39	262	3
39	263	3
39	264	1
39	265	2
39	267	2
39	270	3
39	274	2
39	276	1
39	277	2
39	279	1
39	281	1
39	282	4
39	283	2
39	284	1
39	285	1
39	288	1
39	289	1
39	291	1
39	292	1
39	294	5
39	295	2
39	297	2
39	298	1
39	300	2
39	302	1
39	303	1
39	305	1
39	306	3
39	308	1
39	309	1
39	310	2
39	316	2
39	317	1
39	318	4
39	319	1
39	320	1
39	322	2
39	323	1
39	326	1
39	327	1
39	329	1
39	330	2
39	336	1
39	339	2
39	340	4
39	341	1
39	342	2
39	343	1
39	344	1
39	346	1
39	347	1
39	350	1
39	351	1
39	352	2
39	353	3
39	356	1
39	358	4
39	359	1
39	360	3
39	362	5
39	364	1
39	365	1
39	367	1
39	368	1
39	372	1
39	373	3
39	375	1
39	376	3
39	379	1
39	381	1
39	387	3
39	391	1
39	393	1
39	395	1
39	397	2
39	398	1
39	399	2
39	404	2
39	406	1
39	410	1
39	411	2
39	412	1
39	415	1
39	416	2
39	417	1
39	423	1
39	426	2
39	428	1
39	432	2
39	434	3
39	437	1
39	439	2
39	442	2
39	444	2
39	448	1
39	451	1
39	452	1
39	453	1
39	457	1
39	458	1
39	461	1
39	466	7
39	468	1
39	469	1
39	470	1
39	473	1
39	476	1
39	480	1
39	481	1
39	482	1
39	485	1
39	486	2
39	489	2
39	492	2
39	500	2
39	502	1
39	505	4
39	506	2
39	507	1
39	509	1
39	517	2
39	518	3
39	522	1
39	528	3
39	535	1
39	538	1
39	539	2
39	540	2
39	544	1
39	545	2
39	552	3
39	561	1
39	567	1
39	571	2
39	572	1
39	574	2
39	578	1
39	579	1
39	580	2
39	587	1
39	589	1
39	591	2
39	593	1
39	599	1
40	42	2
40	44	6
40	53	1
40	55	2
40	66	1
40	67	2
40	69	5
40	71	3
40	73	10
40	74	1
40	76	4
40	77	4
40	78	3
40	79	3
40	83	2
40	85	49
40	86	5
40	87	2
40	89	1
40	90	4
40	91	1
40	92	1
40	95	4
40	97	4
40	98	1
40	100	2
40	101	2
40	102	2
40	104	3
40	108	3
40	110	1
40	111	1
40	112	21
40	113	2
40	117	3
40	123	1
40	129	1
40	132	1
40	139	2
40	141	9
40	142	1
40	143	1
40	145	2
40	147	2
40	149	1
40	151	2
40	152	1
40	154	1
40	158	2
40	159	2
40	160	1
40	164	1
40	165	4
40	166	3
40	167	2
40	169	2
40	170	1
40	171	1
40	172	1
40	173	4
40	174	1
40	176	1
40	177	1
40	178	3
40	179	1
40	186	1
40	187	1
40	191	2
40	192	2
40	197	4
40	198	1
40	199	1
40	200	3
40	201	1
40	202	2
40	205	9
40	206	1
40	216	1
40	218	2
40	219	1
40	220	3
40	224	2
40	227	1
40	235	5
40	236	1
40	238	1
40	239	1
40	241	3
40	248	7
40	249	2
40	250	8
40	252	2
40	253	1
40	258	1
40	259	1
40	262	1
40	263	2
40	264	2
40	266	1
40	271	2
40	276	1
40	277	1
40	279	2
40	280	2
40	282	2
40	285	1
40	288	1
40	289	1
40	291	2
40	292	1
40	293	2
40	294	3
40	295	3
40	298	1
40	300	3
40	303	5
40	306	1
40	307	1
40	309	2
40	310	1
40	312	1
40	314	1
40	315	1
40	318	2
40	319	2
40	320	1
40	321	1
40	322	2
40	330	3
40	333	2
40	338	7
40	339	2
40	347	1
40	351	1
40	353	1
40	356	2
40	357	2
40	358	1
40	359	2
40	360	2
40	362	3
40	363	4
40	367	1
40	369	4
40	371	2
40	372	4
40	374	1
40	379	1
40	384	1
40	387	6
40	388	1
40	394	2
40	406	2
40	408	1
40	410	2
40	413	3
40	426	1
40	436	2
40	437	4
40	439	1
40	447	1
40	458	1
40	463	1
40	466	1
40	468	1
40	469	2
40	470	1
40	471	1
40	472	3
40	477	1
40	478	1
40	486	3
40	489	1
40	490	2
40	493	1
40	499	1
40	500	2
40	501	3
40	507	2
40	516	1
40	518	3
40	525	1
40	535	1
40	538	3
40	548	4
40	552	5
40	554	1
40	559	1
40	566	2
40	567	1
40	578	1
40	579	1
40	580	1
40	592	1
40	596	1
40	598	2
41	44	1
41	50	2
41	57	1
41	61	1
41	62	1
41	71	1
41	74	1
41	76	2
41	78	3
41	83	2
41	90	2
41	92	2
41	93	1
41	101	1
41	104	1
41	105	1
41	111	1
41	116	1
41	117	2
41	118	4
41	121	1
41	123	1
41	130	1
41	131	2
41	140	1
41	141	1
41	143	1
41	146	2
41	147	1
41	149	1
41	155	1
41	157	1
41	164	2
41	165	1
41	169	1
41	170	1
41	173	1
41	176	1
41	181	1
41	186	1
41	192	1
41	199	1
41	206	1
41	211	1
41	212	2
41	216	1
41	221	1
41	222	1
41	237	1
41	241	3
41	242	1
41	248	1
41	249	1
41	255	1
41	263	1
41	264	2
41	265	2
41	266	1
41	277	1
41	278	1
41	281	2
41	282	1
41	289	1
41	291	1
41	292	1
41	297	1
41	298	1
41	302	1
41	316	1
41	319	1
41	327	1
41	343	1
41	352	1
41	353	2
41	355	1
41	358	1
41	360	1
41	361	1
41	362	1
41	366	1
41	376	1
41	382	1
41	393	1
41	397	1
41	399	1
41	403	1
41	404	1
41	412	1
41	416	1
41	423	1
41	432	1
41	434	2
41	439	1
41	442	1
41	468	1
41	469	2
41	486	1
41	489	1
41	491	1
41	506	1
41	507	1
41	512	1
41	517	1
41	529	1
41	552	2
41	574	1
41	579	1
41	580	1
41	598	1
42	43	1
42	45	1
42	46	1
42	50	1
42	57	1
42	69	2
42	70	1
42	71	3
42	72	1
42	73	1
42	74	1
42	75	2
42	76	3
42	78	3
42	83	3
42	85	1
42	86	7
42	87	1
42	88	3
42	90	1
42	91	3
42	93	1
42	95	1
42	97	1
42	98	2
42	99	1
42	100	5
42	102	1
42	103	1
42	104	1
42	110	1
42	111	1
42	112	1
42	113	1
42	114	3
42	117	2
42	118	1
42	119	1
42	120	1
42	122	1
42	123	2
42	129	3
42	130	2
42	131	1
42	132	1
42	134	1
42	136	1
42	137	1
42	141	2
42	142	1
42	143	3
42	148	1
42	149	1
42	150	1
42	151	2
42	154	1
42	156	3
42	157	2
42	158	1
42	159	2
42	160	1
42	165	3
42	172	1
42	174	4
42	181	1
42	183	1
42	184	1
42	191	1
42	198	1
42	200	3
42	204	1
42	205	3
42	209	2
42	210	1
42	215	5
42	218	1
42	220	1
42	221	1
42	222	1
42	224	2
42	235	3
42	238	2
42	241	2
42	242	1
42	243	1
42	244	1
42	248	2
42	249	3
42	250	1
42	251	1
42	253	1
42	254	1
42	255	2
42	256	1
42	257	1
42	259	1
42	260	1
42	262	1
42	263	1
42	265	2
42	267	1
42	270	2
42	271	2
42	274	2
42	276	2
42	277	2
42	280	1
42	282	2
42	288	1
42	289	2
42	291	1
42	292	1
42	293	2
42	294	2
42	295	1
42	297	2
42	303	2
42	306	2
42	308	1
42	309	1
42	318	1
42	319	1
42	322	4
42	323	1
42	330	2
42	331	1
42	337	1
42	338	2
42	342	1
42	343	1
42	346	1
42	350	1
42	351	2
42	352	1
42	353	2
42	356	11
42	357	1
42	358	4
42	359	1
42	360	1
42	362	1
42	363	3
42	364	1
42	365	1
42	367	1
42	368	1
42	369	2
42	370	2
42	371	2
42	372	1
42	373	1
42	380	1
42	381	1
42	387	9
42	390	1
42	391	1
42	397	4
42	399	1
42	404	1
42	406	2
42	408	1
42	410	1
42	412	1
42	416	1
42	419	2
42	422	1
42	428	1
42	434	2
42	436	1
42	437	1
42	438	1
42	441	1
42	442	1
42	448	1
42	451	1
42	455	1
42	466	3
42	468	1
42	470	1
42	472	1
42	473	2
42	477	2
42	480	1
42	482	1
42	485	1
42	486	1
42	489	1
42	490	1
42	492	1
42	500	2
42	501	1
42	502	1
42	505	1
42	509	1
42	526	1
42	527	2
42	528	1
42	534	1
42	537	1
42	538	2
42	539	2
42	540	1
42	544	1
42	545	4
42	547	1
42	552	3
42	554	2
42	559	2
42	566	1
42	567	1
42	568	2
42	572	1
42	574	1
42	578	1
42	580	2
42	591	1
42	593	2
43	45	1
43	46	1
43	74	1
43	76	1
43	78	1
43	87	1
43	88	1
43	91	2
43	93	1
43	100	1
43	102	1
43	103	1
43	113	1
43	118	1
43	120	1
43	122	1
43	129	1
43	130	1
43	136	1
43	137	1
43	142	1
43	143	1
43	148	1
43	149	1
43	151	1
43	154	1
43	156	1
43	157	1
43	172	1
43	184	1
43	191	1
43	198	1
43	204	1
43	209	1
43	218	1
43	222	1
43	235	1
43	243	1
43	244	1
43	248	1
43	250	1
43	251	1
43	254	1
43	259	1
43	262	1
43	263	1
43	270	1
43	277	1
43	282	1
43	288	1
43	289	1
43	291	1
43	292	1
43	295	1
43	303	1
43	309	1
43	318	1
43	322	1
43	330	1
43	342	1
43	343	1
43	346	1
43	348	1
43	350	1
43	351	1
43	353	1
43	358	1
43	360	1
43	364	1
43	367	1
43	368	1
43	397	1
43	399	1
43	404	1
43	410	1
43	416	1
43	439	1
43	466	1
43	470	1
43	473	1
43	480	1
43	482	1
43	485	1
43	492	1
43	502	1
43	505	1
43	509	1
43	528	1
43	539	1
43	540	1
43	544	1
43	571	1
43	572	1
43	574	1
43	593	1
44	45	1
44	47	1
44	50	1
44	53	3
44	55	1
44	56	1
44	57	1
44	60	1
44	61	1
44	62	1
44	64	1
44	66	2
44	67	1
44	69	4
44	71	4
44	73	1
44	74	4
44	75	2
44	76	3
44	77	4
44	78	6
44	79	2
44	80	3
44	82	2
44	83	5
44	84	4
44	85	4
44	86	2
44	87	3
44	88	2
44	90	7
44	91	1
44	92	1
44	93	2
44	94	1
44	95	1
44	97	4
44	100	2
44	101	2
44	103	1
44	104	2
44	105	3
44	107	2
44	108	3
44	109	2
44	110	1
44	111	2
44	112	2
44	117	5
44	118	1
44	119	1
44	120	2
44	121	3
44	122	2
44	125	2
44	126	3
44	127	2
44	128	2
44	129	1
44	131	3
44	133	3
44	136	3
44	140	2
44	141	4
44	143	1
44	144	1
44	145	1
44	146	1
44	149	3
44	152	2
44	153	3
44	154	2
44	157	1
44	158	2
44	159	2
44	160	2
44	162	1
44	163	2
44	164	4
44	165	3
44	169	1
44	173	2
44	176	3
44	177	8
44	178	3
44	179	1
44	180	1
44	181	1
44	184	4
44	185	2
44	186	1
44	188	1
44	190	3
44	191	7
44	192	3
44	194	2
44	195	1
44	197	2
44	199	2
44	205	2
44	208	2
44	210	1
44	211	1
44	212	6
44	216	4
44	217	1
44	218	3
44	220	3
44	222	1
44	225	1
44	226	2
44	227	5
44	229	2
44	232	3
44	237	1
44	241	8
44	242	1
44	243	1
44	244	3
44	248	3
44	249	2
44	250	7
44	252	2
44	254	1
44	255	1
44	258	1
44	259	4
44	261	2
44	262	2
44	263	3
44	264	1
44	265	1
44	266	3
44	267	1
44	271	2
44	274	1
44	277	1
44	279	1
44	280	1
44	281	1
44	282	1
44	283	1
44	285	5
44	289	1
44	290	1
44	291	7
44	292	7
44	293	1
44	294	3
44	295	2
44	297	3
44	298	2
44	300	5
44	301	1
44	302	1
44	303	5
44	305	1
44	306	1
44	307	1
44	311	1
44	312	2
44	315	1
44	316	1
44	319	1
44	324	1
44	327	1
44	328	1
44	331	1
44	333	2
44	337	2
44	338	1
44	339	3
44	340	1
44	342	1
44	343	1
44	346	2
44	347	3
44	352	1
44	353	2
44	355	3
44	358	3
44	359	1
44	360	1
44	361	2
44	362	2
44	363	2
44	366	1
44	367	1
44	368	1
44	372	1
44	375	1
44	376	1
44	383	1
44	384	4
44	388	2
44	389	1
44	390	1
44	393	1
44	395	1
44	397	3
44	398	1
44	399	2
44	403	1
44	404	1
44	411	2
44	412	1
44	415	1
44	416	1
44	423	1
44	426	2
44	428	2
44	432	1
44	434	2
44	435	1
44	439	1
44	441	2
44	442	2
44	443	1
44	444	1
44	447	1
44	451	2
44	452	1
44	454	1
44	456	2
44	457	1
44	458	2
44	459	2
44	465	2
44	468	2
44	472	2
44	486	3
44	489	3
44	490	1
44	491	1
44	492	2
44	499	2
44	500	2
44	505	1
44	506	1
44	507	3
44	511	1
44	512	2
44	514	1
44	518	3
44	525	2
44	528	2
44	530	1
44	531	1
44	540	1
44	541	1
44	552	3
44	556	1
44	559	1
44	561	2
44	566	3
44	567	2
44	577	1
44	579	2
44	580	1
44	582	1
44	592	4
44	598	4
44	599	1
45	46	1
45	47	1
45	74	1
45	76	1
45	78	1
45	86	1
45	87	1
45	88	3
45	90	1
45	91	1
45	93	2
45	100	2
45	101	2
45	102	1
45	103	1
45	113	1
45	114	1
45	118	2
45	119	1
45	120	1
45	122	1
45	129	1
45	130	1
45	134	1
45	136	1
45	137	1
45	140	1
45	142	1
45	143	2
45	148	3
45	149	1
45	150	1
45	151	1
45	154	1
45	156	3
45	157	1
45	160	1
45	172	1
45	176	2
45	177	1
45	184	1
45	186	1
45	191	4
45	198	1
45	204	1
45	209	2
45	216	1
45	218	2
45	221	2
45	222	1
45	233	1
45	235	1
45	243	1
45	244	2
45	248	1
45	249	1
45	250	1
45	251	1
45	254	1
45	257	1
45	259	2
45	262	1
45	263	1
45	264	1
45	270	1
45	277	1
45	282	1
45	288	1
45	289	1
45	291	1
45	292	3
45	295	2
45	302	1
45	303	1
45	309	1
45	316	1
45	318	1
45	319	1
45	322	2
45	330	1
45	342	1
45	343	3
45	346	1
45	350	1
45	351	1
45	353	2
45	358	1
45	360	1
45	362	1
45	364	1
45	367	2
45	368	1
45	387	1
45	397	1
45	399	1
45	404	1
45	410	1
45	415	1
45	416	1
45	434	1
45	441	1
45	453	1
45	463	1
45	466	1
45	468	1
45	469	1
45	470	1
45	473	2
45	478	1
45	480	1
45	482	1
45	485	1
45	492	1
45	502	1
45	505	1
45	506	1
45	509	1
45	518	1
45	528	1
45	529	2
45	537	2
45	539	1
45	540	1
45	541	1
45	544	1
45	568	1
45	572	1
45	574	1
45	588	1
45	591	1
45	593	1
46	55	1
46	74	2
46	76	2
46	77	1
46	78	2
46	84	1
46	87	1
46	88	1
46	91	1
46	93	2
46	100	1
46	102	1
46	103	1
46	104	1
46	113	1
46	114	1
46	116	1
46	118	1
46	120	2
46	122	1
46	129	1
46	130	1
46	136	1
46	137	1
46	142	1
46	143	1
46	148	1
46	149	1
46	151	1
46	154	1
46	156	1
46	157	1
46	172	1
46	184	1
46	190	1
46	191	1
46	195	1
46	198	3
46	204	1
46	209	1
46	211	1
46	218	2
46	220	1
46	222	1
46	235	1
46	241	2
46	243	1
46	244	2
46	248	1
46	249	1
46	250	1
46	251	1
46	254	1
46	256	1
46	259	2
46	262	1
46	263	1
46	264	1
46	270	1
46	277	1
46	278	1
46	282	1
46	284	1
46	288	1
46	289	1
46	291	1
46	292	1
46	294	1
46	295	1
46	297	1
46	301	1
46	303	1
46	305	1
46	309	1
46	318	1
46	322	1
46	330	1
46	342	1
46	343	2
46	346	1
46	350	2
46	351	1
46	353	1
46	358	1
46	360	1
46	362	1
46	364	1
46	367	1
46	368	1
46	379	1
46	397	1
46	398	1
46	399	1
46	404	1
46	410	1
46	411	1
46	416	1
46	432	1
46	465	1
46	466	1
46	470	1
46	473	2
46	475	1
46	476	1
46	480	1
46	482	1
46	485	1
46	492	2
46	494	2
46	502	1
46	505	1
46	509	1
46	528	1
46	530	1
46	537	1
46	539	2
46	540	1
46	544	1
46	559	1
46	572	1
46	574	1
46	588	3
46	593	2
47	55	1
47	77	1
47	78	2
47	83	1
47	88	2
47	93	2
47	108	1
47	118	1
47	136	1
47	139	1
47	143	1
47	150	1
47	159	1
47	160	1
47	164	2
47	181	2
47	189	1
47	191	1
47	199	1
47	218	2
47	225	1
47	227	1
47	230	1
47	234	1
47	241	2
47	245	1
47	246	1
47	247	1
47	287	1
47	288	1
47	291	1
47	294	1
47	296	1
47	297	1
47	303	1
47	305	3
47	309	1
47	315	1
47	318	1
47	322	1
47	333	1
47	336	1
47	343	1
47	345	2
47	346	1
47	347	1
47	348	1
47	351	1
47	358	2
47	360	1
47	395	1
47	398	1
47	413	1
47	415	1
47	416	1
47	417	1
47	428	1
47	435	4
47	436	1
47	439	1
47	442	1
47	447	1
47	452	2
47	455	1
47	491	1
47	500	1
47	513	1
47	518	1
47	521	1
47	522	1
47	523	1
47	528	1
47	533	1
47	541	1
47	556	2
47	580	1
47	581	1
48	59	1
48	79	1
48	161	1
48	162	1
48	182	1
48	263	1
48	291	1
48	298	1
48	346	1
48	418	1
48	454	1
49	50	1
49	55	1
49	60	1
49	62	2
49	80	1
49	82	1
49	105	1
49	138	1
49	139	1
49	164	1
49	177	1
49	218	1
49	232	1
49	320	1
49	337	1
49	345	1
49	434	1
49	443	1
49	513	1
49	532	1
49	561	1
50	53	1
50	55	3
50	56	1
50	57	4
50	60	2
50	61	1
50	62	4
50	63	2
50	64	2
50	65	2
50	66	1
50	71	1
50	72	2
50	74	1
50	76	3
50	78	3
50	80	2
50	81	1
50	82	1
50	83	2
50	88	1
50	90	2
50	92	2
50	93	2
50	94	1
50	101	2
50	103	1
50	104	1
50	105	1
50	107	2
50	108	1
50	111	1
50	114	1
50	116	2
50	117	3
50	118	2
50	119	1
50	120	1
50	121	2
50	123	2
50	124	1
50	125	1
50	126	2
50	130	1
50	131	2
50	134	1
50	138	1
50	139	1
50	140	2
50	141	1
50	143	1
50	146	4
50	147	1
50	151	1
50	157	1
50	158	2
50	162	1
50	163	1
50	164	3
50	165	2
50	170	1
50	173	2
50	176	1
50	177	1
50	178	1
50	180	1
50	183	1
50	184	2
50	185	1
50	186	2
50	187	1
50	188	1
50	190	2
50	192	1
50	199	1
50	206	1
50	210	2
50	211	1
50	212	3
50	215	1
50	218	2
50	221	1
50	222	2
50	224	1
50	225	1
50	227	6
50	228	1
50	232	1
50	233	1
50	234	1
50	237	1
50	241	4
50	245	2
50	248	2
50	255	1
50	258	1
50	260	1
50	261	2
50	263	1
50	264	1
50	265	3
50	266	1
50	269	1
50	273	1
50	274	3
50	277	1
50	281	3
50	282	3
50	285	1
50	291	1
50	292	1
50	297	2
50	298	2
50	300	1
50	302	1
50	304	1
50	305	2
50	306	1
50	316	1
50	317	1
50	318	1
50	319	2
50	320	1
50	327	1
50	328	1
50	339	1
50	343	1
50	345	2
50	353	2
50	355	1
50	356	1
50	357	1
50	358	2
50	360	3
50	361	1
50	362	1
50	363	1
50	366	1
50	376	1
50	379	1
50	380	1
50	381	1
50	387	1
50	390	1
50	394	1
50	397	3
50	401	1
50	402	1
50	403	1
50	404	2
50	412	2
50	413	1
50	416	1
50	423	2
50	432	1
50	434	5
50	435	1
50	438	2
50	439	1
50	442	2
50	443	1
50	446	1
50	448	1
50	450	1
50	451	3
50	452	1
50	455	1
50	460	1
50	461	3
50	462	3
50	463	1
50	465	2
50	468	1
50	469	1
50	473	1
50	475	1
50	486	1
50	489	1
50	491	2
50	492	1
50	505	1
50	506	1
50	507	1
50	509	1
50	510	2
50	512	2
50	513	2
50	517	2
50	522	1
50	526	1
50	530	1
50	532	1
50	537	1
50	538	1
50	545	2
50	552	2
50	557	1
50	559	1
50	561	1
50	567	1
50	568	1
50	574	1
50	578	1
50	579	1
50	580	2
50	582	1
50	583	1
50	598	1
51	58	1
51	60	1
51	63	1
51	67	2
52	77	1
52	97	1
52	103	1
52	104	2
52	105	1
52	122	1
52	158	1
52	178	1
52	201	2
52	205	1
52	241	1
52	258	1
52	280	1
52	302	2
52	305	1
52	315	2
52	316	2
52	339	3
52	345	1
52	346	1
52	364	3
52	393	1
52	395	1
52	435	1
52	438	1
52	478	1
52	496	1
52	591	1
53	67	1
53	79	1
53	80	1
53	81	1
53	82	1
53	85	1
53	87	1
53	91	1
53	94	2
53	95	1
53	97	1
53	107	1
53	119	1
53	120	1
53	122	1
53	125	1
53	126	1
53	129	1
53	133	1
53	136	1
53	140	2
53	149	1
53	175	1
53	178	1
53	188	1
53	205	1
53	216	1
53	220	1
53	222	1
53	226	2
53	228	1
53	232	1
53	250	1
53	258	1
53	261	1
53	280	1
53	283	1
53	291	1
53	292	2
53	300	1
53	303	1
53	311	1
53	330	1
53	359	1
53	387	1
53	428	1
53	457	1
53	460	1
53	468	1
53	471	1
53	489	1
53	561	1
54	65	1
54	79	1
54	232	1
54	348	2
54	418	3
55	57	1
55	60	1
55	62	2
55	65	1
55	66	2
55	72	2
55	73	1
55	74	1
55	75	1
55	77	3
55	78	2
55	80	1
55	82	2
55	84	1
55	85	2
55	86	1
55	88	1
55	90	2
55	93	4
55	95	1
55	98	1
55	99	1
55	100	1
55	101	1
55	103	1
55	104	1
55	105	1
55	108	3
55	112	1
55	114	2
55	125	2
55	126	1
55	127	1
55	130	1
55	138	1
55	139	4
55	141	1
55	146	1
55	151	2
55	155	1
55	158	2
55	162	4
55	163	2
55	164	4
55	166	1
55	169	1
55	173	1
55	176	1
55	177	1
55	178	1
55	184	1
55	188	1
55	189	1
55	190	3
55	192	1
55	199	1
55	203	1
55	205	1
55	211	1
55	212	1
55	216	1
55	218	5
55	222	1
55	224	1
55	225	2
55	227	6
55	230	1
55	231	1
55	232	1
55	234	2
55	235	1
55	238	1
55	241	4
55	246	1
55	247	2
55	248	1
55	251	1
55	252	1
55	257	1
55	258	1
55	259	2
55	264	1
55	265	2
55	267	2
55	271	2
55	276	1
55	280	1
55	281	1
55	282	2
55	283	1
55	289	1
55	291	1
55	293	1
55	294	3
55	297	1
55	298	3
55	300	1
55	302	1
55	303	2
55	305	5
55	308	1
55	315	3
55	317	1
55	318	2
55	319	1
55	320	1
55	329	1
55	335	2
55	336	3
55	337	2
55	340	1
55	344	1
55	345	2
55	346	1
55	347	1
55	353	1
55	358	2
55	359	1
55	360	2
55	362	1
55	363	2
55	365	1
55	369	1
55	370	1
55	375	1
55	376	1
55	379	3
55	387	1
55	393	1
55	396	1
55	398	1
55	406	1
55	411	2
55	412	2
55	416	1
55	419	1
55	429	1
55	430	1
55	432	2
55	434	2
55	435	4
55	438	2
55	439	2
55	441	1
55	443	1
55	449	1
55	451	2
55	452	3
55	453	2
55	457	1
55	458	1
55	461	3
55	463	1
55	465	3
55	469	3
55	471	1
55	473	1
55	477	2
55	481	1
55	489	1
55	490	1
55	492	5
55	496	1
55	497	1
55	500	1
55	505	2
55	507	1
55	509	1
55	514	1
55	518	2
55	525	1
55	530	1
55	532	1
55	541	1
55	552	1
55	559	5
55	578	2
55	580	1
55	593	2
55	595	1
56	57	1
56	76	1
56	88	1
56	90	1
56	94	1
56	104	1
56	107	1
56	114	1
56	122	1
56	155	1
56	158	1
56	160	1
56	176	1
56	186	2
56	187	1
56	201	1
56	204	1
56	212	1
56	218	1
56	227	1
56	241	1
56	244	1
56	245	1
56	289	1
56	290	1
56	297	1
56	337	1
56	340	1
56	343	1
56	358	1
56	360	1
56	370	1
56	376	1
56	382	1
56	395	1
56	399	1
56	415	1
56	428	1
56	434	1
56	441	2
56	445	1
56	451	1
56	452	1
56	465	1
56	503	1
56	513	2
56	528	1
56	539	1
56	559	1
56	575	1
56	591	1
57	60	4
57	62	1
57	63	1
57	65	2
57	71	1
57	74	1
57	75	1
57	76	5
57	77	1
57	78	3
57	81	1
57	82	1
57	83	1
57	90	2
57	91	2
57	92	1
57	93	1
57	101	1
57	104	1
57	105	1
57	107	2
57	108	6
57	109	1
57	111	1
57	116	3
57	117	2
57	118	1
57	119	1
57	121	1
57	123	1
57	124	2
57	125	2
57	126	1
57	128	1
57	130	1
57	131	3
57	136	1
57	138	1
57	139	1
57	141	1
57	146	1
57	147	2
57	149	3
57	153	1
57	155	2
57	156	1
57	157	2
57	158	2
57	160	1
57	162	6
57	163	1
57	164	2
57	170	1
57	173	3
57	177	1
57	180	1
57	184	1
57	185	1
57	186	1
57	187	1
57	188	1
57	190	2
57	194	1
57	199	1
57	204	1
57	206	1
57	209	3
57	211	2
57	212	2
57	213	1
57	218	7
57	221	2
57	222	3
57	224	1
57	225	1
57	226	1
57	227	5
57	229	1
57	232	1
57	233	2
57	234	1
57	237	1
57	241	2
57	243	1
57	250	2
57	255	2
57	256	1
57	259	1
57	260	2
57	261	1
57	262	1
57	263	2
57	264	1
57	265	1
57	270	1
57	279	1
57	281	1
57	285	1
57	291	1
57	293	1
57	294	1
57	297	1
57	298	1
57	300	1
57	302	4
57	305	2
57	316	1
57	318	3
57	327	1
57	342	1
57	344	1
57	347	1
57	352	1
57	353	2
57	356	1
57	358	1
57	359	1
57	360	4
57	362	2
57	375	1
57	376	3
57	379	1
57	381	1
57	390	1
57	393	2
57	395	1
57	397	1
57	398	2
57	399	1
57	404	1
57	415	1
57	416	1
57	418	3
57	423	1
57	426	1
57	428	1
57	432	2
57	434	4
57	439	1
57	441	2
57	442	2
57	444	1
57	450	1
57	451	4
57	452	1
57	459	2
57	461	1
57	463	5
57	465	1
57	468	1
57	469	1
57	471	3
57	475	1
57	476	1
57	486	1
57	489	4
57	492	2
57	503	2
57	506	2
57	507	2
57	511	2
57	513	1
57	514	1
57	515	1
57	517	3
57	518	2
57	525	2
57	528	1
57	537	1
57	539	1
57	540	1
57	545	2
57	552	1
57	559	1
57	567	1
57	574	2
57	578	1
57	580	1
57	591	3
58	60	2
58	63	2
58	67	2
59	79	1
59	94	1
59	182	1
59	216	1
59	222	1
59	263	1
59	291	1
60	63	1
60	67	3
60	75	2
60	76	1
60	81	1
60	84	1
60	88	1
60	90	1
60	94	1
60	101	1
60	105	2
60	107	1
60	108	3
60	116	1
60	118	1
60	124	1
60	126	1
60	127	1
60	131	1
60	146	1
60	157	1
60	162	5
60	184	2
60	186	1
60	187	1
60	200	1
60	212	2
60	218	3
60	222	1
60	227	6
60	231	1
60	232	1
60	233	1
60	244	1
60	248	1
60	250	1
60	259	1
60	260	1
60	263	1
60	285	1
60	291	1
60	298	1
60	302	1
60	317	1
60	318	1
60	328	1
60	337	1
60	343	1
60	358	1
60	363	1
60	375	2
60	376	1
60	390	2
60	397	1
60	423	1
60	437	1
60	441	1
60	450	1
60	451	2
60	456	1
60	459	1
60	463	3
60	489	1
60	492	1
60	494	1
60	503	2
60	511	2
60	514	1
60	515	1
60	525	2
60	537	1
60	544	1
60	547	1
60	559	1
60	561	1
60	578	2
60	580	1
61	62	1
61	71	1
61	75	1
61	76	1
61	78	1
61	79	3
61	83	1
61	88	1
61	90	1
61	91	1
61	92	1
61	107	1
61	111	1
61	113	2
61	117	1
61	120	1
61	121	1
61	131	1
61	135	2
61	136	2
61	137	1
61	139	2
61	140	1
61	141	1
61	143	1
61	146	1
61	154	1
61	157	1
61	160	1
61	161	3
61	164	1
61	165	1
61	176	1
61	180	1
61	192	1
61	198	1
61	200	1
61	212	2
61	217	1
61	237	1
61	241	1
61	248	1
61	263	2
61	264	1
61	265	1
61	266	1
61	277	1
61	281	1
61	282	1
61	288	2
61	291	1
61	292	2
61	295	2
61	317	1
61	319	1
61	340	1
61	343	1
61	347	1
61	348	1
61	353	1
61	355	1
61	358	1
61	360	1
61	361	1
61	362	1
61	366	1
61	396	1
61	403	1
61	409	1
61	412	1
61	434	1
61	440	1
61	455	1
61	466	1
61	467	1
61	482	1
61	486	1
61	489	2
61	491	1
61	501	1
61	506	1
61	507	1
61	512	1
61	552	1
61	571	1
61	577	1
61	578	1
61	579	1
61	598	1
62	63	1
62	65	1
62	71	1
62	76	1
62	78	2
62	80	1
62	82	8
62	83	1
62	90	1
62	92	1
62	101	3
62	107	2
62	110	1
62	111	1
62	117	1
62	118	1
62	121	1
62	124	1
62	125	1
62	126	1
62	131	1
62	135	1
62	138	1
62	139	1
62	140	1
62	141	1
62	143	1
62	146	1
62	157	1
62	162	1
62	163	1
62	164	2
62	165	1
62	176	1
62	188	1
62	190	1
62	192	1
62	212	1
62	218	1
62	224	1
62	225	1
62	227	1
62	232	1
62	237	1
62	241	1
62	248	1
62	264	1
62	265	1
62	266	1
62	277	2
62	281	1
62	282	1
62	291	1
62	292	1
62	294	1
62	305	1
62	310	1
62	319	1
62	320	1
62	337	2
62	343	1
62	345	1
62	353	1
62	355	1
62	358	1
62	360	1
62	361	1
62	366	1
62	384	1
62	403	1
62	412	2
62	434	3
62	443	1
62	450	1
62	452	1
62	460	1
62	461	1
62	463	1
62	465	1
62	486	1
62	489	2
62	491	1
62	507	1
62	512	1
62	513	1
62	514	1
62	518	1
62	532	1
62	552	1
62	559	1
62	561	1
62	579	1
62	598	1
63	66	1
63	67	1
63	78	1
63	82	1
63	105	1
63	126	4
63	142	1
63	262	1
63	411	1
63	448	1
63	451	1
63	452	1
63	461	1
63	471	2
63	507	1
63	517	1
63	561	1
64	66	2
64	72	1
64	74	1
64	82	1
64	101	1
64	117	1
64	126	1
64	151	1
64	153	1
64	158	1
64	184	1
64	190	2
64	210	1
64	216	1
64	218	1
64	223	1
64	244	1
64	264	1
64	282	1
64	292	1
64	345	1
64	358	1
64	379	1
64	381	1
64	401	1
64	413	1
64	441	1
64	454	1
64	456	1
64	457	1
64	458	1
64	473	1
64	513	1
64	530	1
64	545	1
64	556	1
64	559	1
64	578	1
64	582	1
64	592	1
65	82	1
65	90	1
65	108	2
65	109	1
65	110	1
65	120	1
65	122	1
65	125	4
65	154	7
65	159	7
65	162	2
65	163	1
65	184	1
65	188	1
65	190	1
65	194	1
65	211	1
65	212	1
65	218	2
65	220	1
65	223	1
65	224	1
65	225	2
65	227	7
65	232	2
65	233	1
65	234	7
65	262	1
65	274	1
65	297	1
65	304	1
65	305	2
65	316	1
65	317	1
65	319	1
65	321	1
65	324	1
65	326	1
65	333	3
65	337	1
65	382	1
65	383	1
65	409	1
65	416	2
65	418	1
65	419	1
65	420	1
65	422	2
65	431	1
65	434	2
65	451	2
65	452	1
65	461	3
65	463	1
65	465	1
65	483	1
65	486	1
65	497	1
65	500	1
65	510	1
65	512	1
65	526	1
65	527	1
65	529	1
65	531	2
65	534	1
65	535	1
65	536	1
65	559	1
65	562	1
65	582	1
65	583	1
65	598	1
65	599	1
66	67	1
66	69	1
66	74	2
66	80	1
66	82	1
66	84	1
66	85	1
66	90	2
66	93	1
66	94	2
66	95	1
66	97	1
66	107	1
66	108	1
66	109	1
66	118	1
66	120	1
66	125	1
66	126	1
66	127	1
66	133	2
66	139	2
66	141	1
66	147	2
66	153	1
66	162	2
66	163	1
66	164	1
66	173	2
66	177	1
66	178	1
66	190	2
66	212	1
66	216	1
66	218	3
66	220	1
66	225	1
66	227	3
66	229	2
66	232	1
66	244	2
66	250	2
66	261	1
66	262	1
66	263	2
66	267	1
66	271	1
66	275	1
66	279	2
66	291	4
66	292	1
66	294	1
66	298	2
66	303	1
66	307	1
66	318	1
66	337	1
66	338	1
66	340	1
66	346	1
66	358	2
66	359	1
66	363	1
66	379	1
66	384	1
66	410	1
66	415	1
66	428	1
66	441	1
66	443	1
66	444	2
66	448	1
66	451	1
66	454	3
66	455	1
66	456	1
66	457	1
66	458	2
66	463	1
66	469	1
66	477	1
66	492	1
66	497	1
66	509	1
66	512	1
66	518	1
66	530	1
66	533	1
66	556	2
66	559	1
66	580	1
66	582	1
66	592	1
67	79	1
67	85	2
67	95	1
67	108	1
67	110	2
67	139	1
67	141	1
67	146	1
67	147	1
67	169	1
67	173	1
67	175	1
67	177	1
67	180	1
67	182	1
67	190	1
67	205	1
67	214	1
67	218	1
67	225	1
67	232	1
67	250	2
67	262	1
67	263	2
67	279	1
67	282	1
67	291	1
67	292	1
67	298	1
67	307	1
67	322	1
67	328	1
67	330	1
67	338	1
67	359	1
67	363	1
67	384	1
67	387	2
67	408	1
67	410	1
67	426	1
67	456	1
67	458	2
67	463	1
67	512	1
68	130	1
68	192	3
68	235	1
68	277	1
68	282	24
68	393	1
68	474	1
68	520	1
69	70	1
69	71	4
69	72	2
69	73	3
69	74	2
69	75	1
69	76	1
69	77	2
69	78	2
69	80	1
69	83	2
69	84	3
69	85	5
69	86	4
69	87	11
69	91	1
69	93	1
69	95	1
69	97	4
69	98	1
69	99	1
69	100	2
69	104	2
69	112	4
69	114	1
69	117	4
69	129	4
69	132	2
69	133	1
69	141	1
69	143	1
69	145	8
69	149	3
69	150	2
69	151	1
69	152	1
69	154	1
69	156	1
69	157	1
69	158	1
69	159	3
69	163	1
69	165	4
69	174	1
69	177	2
69	178	2
69	179	1
69	188	1
69	191	1
69	192	2
69	194	2
69	197	2
69	203	1
69	205	4
69	209	1
69	213	1
69	221	1
69	224	2
69	227	2
69	229	1
69	235	2
69	238	2
69	241	2
69	248	2
69	249	3
69	250	1
69	252	2
69	253	1
69	259	1
69	261	1
69	266	1
69	267	2
69	270	1
69	271	2
69	274	1
69	276	2
69	277	1
69	280	1
69	282	1
69	283	1
69	285	1
69	289	1
69	291	1
69	292	1
69	293	3
69	294	3
69	295	3
69	297	1
69	300	2
69	303	4
69	306	3
69	308	1
69	312	1
69	315	1
69	322	1
69	330	1
69	333	1
69	339	4
69	341	2
69	346	3
69	347	1
69	352	1
69	356	2
69	358	2
69	363	3
69	367	1
69	373	1
69	387	1
69	388	1
69	391	1
69	396	1
69	406	3
69	443	1
69	448	1
69	466	1
69	467	1
69	468	1
69	472	3
69	486	3
69	489	1
69	490	2
69	492	1
69	499	1
69	500	1
69	507	2
69	518	1
69	545	1
69	552	2
69	566	2
69	580	1
69	591	1
70	71	1
70	72	1
70	74	1
70	75	1
70	76	2
70	80	1
70	84	1
70	85	1
70	86	1
70	90	2
70	91	1
70	98	2
70	99	1
70	103	1
70	104	1
70	108	1
70	110	1
70	111	1
70	112	1
70	114	2
70	117	1
70	120	1
70	127	1
70	129	1
70	132	1
70	141	1
70	143	1
70	150	1
70	151	1
70	156	1
70	157	1
70	158	1
70	165	1
70	170	1
70	172	1
70	174	1
70	181	2
70	198	1
70	199	3
70	205	2
70	207	6
70	209	1
70	210	2
70	212	1
70	213	1
70	215	1
70	218	1
70	221	1
70	224	1
70	235	1
70	238	1
70	242	2
70	246	1
70	249	1
70	250	1
70	253	1
70	256	1
70	259	1
70	264	1
70	265	2
70	267	1
70	270	1
70	274	1
70	276	1
70	277	1
70	284	1
70	297	1
70	302	3
70	306	2
70	308	1
70	322	1
70	349	1
70	352	1
70	356	1
70	358	1
70	360	2
70	368	1
70	373	1
70	387	3
70	391	2
70	394	1
70	396	1
70	401	1
70	402	1
70	406	1
70	411	1
70	426	1
70	434	1
70	448	1
70	466	1
70	484	1
70	486	1
70	500	1
70	504	1
70	527	1
70	545	1
70	554	3
70	591	1
70	593	1
71	72	1
71	73	2
71	75	1
71	76	2
71	77	5
71	78	6
71	83	3
71	85	3
71	86	4
71	88	2
71	90	4
71	91	1
71	92	1
71	93	1
71	97	2
71	98	1
71	99	1
71	100	3
71	101	1
71	103	3
71	104	5
71	106	2
71	107	4
71	108	1
71	109	1
71	111	3
71	112	3
71	114	2
71	115	1
71	117	19
71	118	2
71	120	4
71	121	6
71	122	2
71	126	1
71	128	14
71	129	2
71	131	2
71	132	1
71	133	2
71	134	2
71	136	1
71	140	1
71	141	3
71	143	2
71	146	1
71	150	3
71	151	1
71	153	1
71	156	1
71	157	2
71	158	2
71	160	1
71	164	2
71	165	5
71	171	2
71	172	1
71	173	3
71	174	1
71	175	1
71	176	2
71	177	1
71	178	2
71	180	7
71	181	5
71	185	5
71	186	1
71	187	1
71	188	1
71	189	1
71	190	1
71	191	2
71	192	3
71	194	1
71	197	2
71	204	2
71	205	5
71	207	1
71	208	1
71	209	2
71	211	1
71	212	2
71	218	1
71	220	2
71	221	1
71	222	4
71	223	1
71	224	2
71	226	1
71	227	1
71	229	1
71	235	1
71	237	1
71	238	1
71	239	1
71	241	7
71	243	1
71	246	2
71	248	4
71	249	4
71	250	3
71	252	2
71	253	1
71	255	1
71	258	2
71	259	1
71	260	1
71	262	1
71	264	2
71	265	1
71	266	1
71	267	1
71	270	1
71	271	3
71	272	1
71	273	1
71	274	1
71	276	2
71	277	3
71	278	1
71	280	1
71	281	1
71	282	2
71	285	1
71	286	2
71	289	2
71	290	1
71	291	1
71	292	1
71	293	4
71	294	5
71	295	2
71	297	1
71	299	1
71	300	3
71	302	1
71	303	2
71	305	1
71	306	1
71	308	1
71	319	1
71	322	1
71	327	1
71	330	1
71	331	2
71	333	1
71	339	3
71	340	2
71	342	4
71	343	3
71	347	1
71	352	1
71	353	2
71	355	1
71	356	2
71	358	4
71	359	1
71	360	2
71	361	1
71	362	1
71	363	3
71	366	3
71	367	3
71	370	1
71	373	1
71	374	1
71	387	2
71	390	1
71	391	1
71	394	1
71	395	2
71	399	1
71	400	1
71	403	1
71	406	2
71	411	2
71	412	1
71	426	1
71	434	1
71	436	1
71	442	1
71	444	1
71	448	1
71	452	1
71	454	1
71	461	1
71	463	1
71	466	1
71	472	3
71	486	4
71	489	2
71	490	2
71	491	1
71	492	2
71	494	1
71	500	3
71	501	1
71	506	2
71	507	3
71	512	1
71	518	6
71	528	1
71	540	1
71	545	1
71	552	3
71	557	2
71	561	1
71	566	2
71	567	3
71	571	1
71	576	3
71	578	1
71	579	1
71	580	1
71	591	1
71	593	1
71	598	1
72	75	1
72	76	1
72	77	2
72	86	4
72	91	1
72	93	4
72	98	7
72	99	11
72	100	2
72	101	1
72	103	1
72	114	5
72	117	2
72	129	2
72	132	2
72	141	1
72	143	1
72	146	1
72	150	2
72	151	3
72	156	1
72	157	1
72	158	3
72	159	1
72	165	1
72	173	2
72	174	1
72	177	1
72	178	1
72	184	1
72	190	1
72	192	1
72	201	1
72	205	1
72	209	1
72	210	1
72	211	2
72	213	1
72	218	1
72	221	1
72	222	2
72	224	1
72	234	1
72	235	3
72	236	1
72	238	8
72	241	1
72	246	1
72	249	1
72	253	1
72	264	2
72	265	3
72	267	1
72	269	1
72	270	1
72	271	4
72	274	1
72	276	9
72	277	3
72	279	2
72	280	2
72	281	1
72	282	4
72	289	1
72	294	2
72	297	1
72	300	1
72	303	1
72	305	1
72	308	9
72	315	2
72	320	1
72	322	1
72	340	2
72	345	1
72	352	1
72	356	2
72	358	2
72	359	1
72	360	1
72	362	4
72	363	5
72	373	1
72	379	1
72	381	1
72	387	1
72	391	1
72	406	25
72	408	1
72	411	1
72	412	3
72	413	1
72	416	3
72	419	1
72	438	1
72	447	1
72	448	1
72	451	1
72	461	1
72	465	1
72	466	1
72	473	2
72	477	1
72	486	1
72	492	1
72	500	1
72	505	1
72	507	1
72	513	1
72	527	1
72	530	1
72	545	2
72	559	1
72	578	1
72	580	1
72	591	1
72	595	2
73	77	2
73	78	2
73	83	1
73	85	10
73	86	3
73	97	3
73	98	1
73	100	1
73	103	1
73	104	1
73	110	1
73	112	10
73	117	2
73	129	4
73	145	1
73	151	1
73	158	1
73	165	2
73	166	1
73	170	1
73	172	1
73	176	1
73	178	2
73	186	1
73	192	1
73	197	2
73	205	3
73	206	1
73	219	1
73	224	2
73	236	1
73	238	1
73	241	2
73	248	2
73	249	1
73	252	1
73	253	1
73	271	2
73	276	1
73	280	2
73	282	1
73	293	2
73	294	2
73	295	2
73	300	1
73	303	3
73	314	1
73	318	1
73	333	1
73	339	1
73	353	1
73	358	2
73	362	1
73	363	3
73	364	1
73	379	2
73	387	1
73	391	1
73	393	1
73	406	3
73	426	1
73	447	1
73	469	1
73	472	2
73	477	1
73	486	1
73	488	1
73	490	2
73	492	1
73	497	2
73	507	1
73	518	1
73	525	1
73	548	4
73	552	1
73	554	1
73	566	1
73	580	1
74	76	3
74	77	1
74	78	3
74	80	1
74	82	2
74	83	2
74	84	2
74	85	2
74	87	2
74	88	1
74	90	3
74	91	1
74	92	1
74	93	3
74	95	1
74	97	1
74	100	1
74	101	1
74	102	1
74	103	1
74	104	1
74	105	3
74	112	1
74	113	1
74	114	1
74	116	1
74	117	1
74	118	3
74	120	1
74	122	1
74	123	1
74	126	1
74	129	1
74	130	2
74	131	3
74	133	1
74	136	4
74	137	1
74	142	1
74	143	2
74	145	1
74	146	1
74	147	1
74	148	1
74	149	2
74	151	1
74	152	1
74	153	2
74	154	2
74	156	1
74	157	1
74	159	1
74	160	1
74	163	1
74	164	1
74	170	1
74	172	1
74	173	1
74	177	2
74	179	1
74	184	1
74	185	1
74	186	2
74	190	2
74	191	2
74	195	1
74	198	2
74	199	1
74	204	1
74	205	1
74	206	1
74	207	1
74	209	1
74	211	1
74	212	2
74	216	4
74	218	3
74	221	1
74	222	2
74	227	2
74	229	1
74	230	1
74	231	2
74	232	1
74	235	1
74	241	2
74	243	1
74	244	3
74	248	1
74	250	3
74	251	1
74	254	2
74	255	2
74	256	1
74	259	3
74	261	1
74	262	1
74	263	8
74	265	1
74	266	1
74	267	1
74	270	1
74	277	1
74	281	1
74	282	1
74	284	1
74	285	2
74	288	1
74	289	2
74	291	2
74	292	6
74	294	1
74	295	1
74	297	2
74	298	1
74	301	1
74	302	1
74	303	3
74	305	1
74	309	1
74	312	1
74	315	1
74	316	1
74	318	3
74	322	1
74	327	1
74	330	1
74	333	1
74	342	1
74	343	1
74	346	2
74	347	2
74	349	1
74	350	1
74	351	1
74	353	2
74	358	1
74	360	1
74	362	1
74	363	1
74	364	1
74	367	2
74	368	2
74	371	1
74	376	1
74	379	1
74	381	1
74	388	1
74	397	2
74	398	1
74	399	1
74	401	1
74	402	1
74	404	2
74	410	1
74	411	1
74	416	2
74	423	1
74	428	1
74	432	2
74	434	1
74	439	1
74	441	2
74	442	1
74	443	1
74	452	1
74	454	2
74	456	2
74	457	1
74	458	1
74	462	1
74	465	1
74	466	1
74	468	4
74	469	1
74	470	1
74	473	1
74	480	1
74	482	1
74	484	1
74	485	1
74	492	2
74	499	1
74	502	1
74	505	2
74	506	1
74	509	1
74	517	1
74	518	1
74	528	1
74	530	1
74	539	1
74	540	1
74	544	1
74	552	1
74	556	1
74	559	1
74	572	1
74	574	2
74	580	5
74	582	1
74	592	4
74	593	2
75	76	2
75	79	1
75	84	2
75	86	1
75	87	1
75	90	2
75	91	1
75	98	1
75	99	1
75	101	3
75	102	1
75	105	3
75	108	3
75	114	1
75	117	1
75	122	1
75	124	1
75	126	1
75	127	1
75	129	1
75	130	1
75	132	1
75	139	2
75	141	2
75	143	1
75	149	1
75	150	1
75	151	1
75	155	1
75	156	3
75	157	2
75	158	2
75	160	1
75	162	1
75	164	1
75	165	1
75	169	1
75	173	1
75	174	1
75	184	4
75	186	1
75	198	1
75	200	2
75	204	1
75	205	1
75	209	2
75	211	1
75	212	3
75	218	10
75	221	2
75	224	1
75	227	1
75	235	1
75	237	1
75	238	1
75	244	1
75	249	1
75	253	1
75	255	1
75	259	1
75	260	1
75	261	1
75	263	1
75	267	2
75	270	2
75	271	1
75	274	1
75	276	1
75	277	1
75	288	1
75	291	2
75	297	1
75	302	1
75	308	1
75	318	2
75	322	2
75	337	1
75	343	1
75	352	2
75	356	1
75	358	1
75	360	2
75	363	1
75	370	1
75	373	1
75	374	2
75	375	2
75	376	1
75	379	1
75	381	1
75	387	1
75	391	1
75	397	1
75	398	1
75	406	1
75	415	1
75	432	2
75	434	1
75	437	1
75	441	1
75	448	1
75	451	2
75	454	1
75	466	1
75	476	1
75	482	1
75	486	2
75	489	1
75	492	1
75	494	1
75	500	1
75	501	3
75	507	1
75	514	1
75	517	1
75	518	1
75	525	1
75	530	2
75	539	1
75	541	1
75	544	3
75	545	2
75	547	3
75	552	1
75	559	1
75	572	1
75	591	2
76	78	3
76	80	1
76	83	2
76	84	3
76	85	6
76	86	1
76	87	1
76	88	4
76	90	8
76	91	6
76	92	2
76	93	3
76	97	1
76	98	1
76	99	1
76	100	2
76	101	4
76	102	1
76	103	1
76	104	1
76	105	1
76	108	3
76	109	1
76	110	1
76	111	1
76	112	1
76	113	3
76	114	5
76	116	6
76	117	4
76	118	3
76	120	2
76	121	2
76	122	1
76	123	1
76	124	1
76	128	1
76	129	2
76	130	2
76	131	3
76	132	3
76	136	2
76	137	1
76	139	1
76	140	1
76	141	4
76	142	1
76	143	3
76	146	4
76	147	1
76	148	1
76	149	4
76	150	1
76	151	2
76	152	1
76	154	3
76	155	1
76	156	3
76	157	5
76	158	3
76	159	1
76	162	1
76	164	3
76	165	2
76	166	1
76	167	1
76	170	1
76	171	1
76	172	1
76	173	3
76	174	1
76	176	1
76	184	6
76	185	1
76	186	4
76	187	1
76	191	1
76	192	2
76	195	1
76	198	3
76	199	2
76	202	1
76	204	2
76	205	2
76	206	1
76	207	1
76	209	6
76	210	1
76	211	3
76	212	6
76	213	1
76	216	1
76	218	5
76	220	3
76	221	3
76	222	2
76	224	1
76	226	1
76	227	1
76	230	1
76	235	2
76	236	1
76	237	2
76	238	1
76	239	1
76	241	8
76	242	1
76	243	1
76	244	2
76	248	8
76	249	3
76	250	3
76	251	1
76	253	1
76	254	1
76	255	1
76	256	2
76	259	2
76	260	1
76	261	1
76	262	2
76	263	2
76	264	1
76	265	3
76	266	2
76	267	1
76	270	3
76	274	2
76	276	1
76	277	5
76	278	1
76	279	1
76	280	1
76	281	2
76	282	2
76	284	2
76	285	1
76	287	1
76	288	1
76	289	1
76	290	1
76	291	3
76	292	2
76	293	1
76	295	1
76	297	2
76	298	3
76	300	3
76	301	1
76	302	3
76	303	1
76	306	2
76	308	1
76	309	1
76	312	1
76	316	1
76	317	2
76	318	3
76	319	3
76	320	1
76	322	2
76	327	2
76	328	5
76	330	1
76	331	1
76	333	1
76	342	1
76	343	3
76	346	2
76	347	1
76	348	1
76	349	1
76	350	1
76	351	1
76	352	3
76	353	3
76	355	2
76	356	1
76	358	6
76	360	7
76	361	1
76	362	4
76	364	1
76	366	1
76	367	1
76	368	2
76	372	2
76	373	2
76	375	1
76	376	2
76	379	1
76	381	1
76	383	1
76	387	1
76	390	3
76	391	1
76	394	2
76	397	5
76	398	1
76	399	1
76	401	1
76	402	1
76	403	1
76	404	3
76	406	1
76	408	1
76	410	1
76	412	1
76	413	1
76	415	1
76	416	2
76	418	2
76	423	5
76	432	3
76	434	5
76	437	1
76	439	2
76	442	2
76	448	1
76	450	1
76	451	3
76	466	2
76	468	1
76	469	1
76	470	1
76	471	2
76	473	2
76	475	2
76	476	1
76	477	3
76	478	4
76	480	1
76	482	1
76	484	1
76	485	1
76	486	3
76	489	2
76	491	1
76	492	4
76	500	1
76	502	1
76	505	3
76	506	1
76	507	5
76	509	1
76	512	1
76	517	3
76	518	2
76	521	1
76	525	1
76	528	1
76	531	1
76	534	1
76	535	1
76	537	6
76	538	1
76	539	3
76	540	1
76	541	1
76	544	1
76	545	4
76	552	3
76	572	1
76	574	3
76	579	3
76	580	2
76	591	3
76	593	1
76	598	1
76	599	2
77	78	21
77	80	2
77	83	2
77	85	4
77	86	5
77	87	1
77	88	4
77	90	2
77	91	4
77	92	1
77	93	5
77	95	1
77	97	1
77	98	2
77	99	2
77	100	10
77	101	3
77	102	2
77	103	4
77	104	3
77	105	1
77	107	1
77	109	1
77	110	1
77	111	3
77	112	3
77	113	2
77	114	7
77	117	5
77	119	1
77	121	1
77	122	2
77	126	1
77	128	2
77	129	1
77	131	1
77	132	1
77	134	2
77	136	1
77	142	1
77	145	2
77	151	2
77	153	1
77	156	3
77	158	3
77	160	1
77	164	2
77	165	2
77	167	2
77	170	1
77	172	4
77	173	3
77	176	1
77	177	1
77	178	3
77	180	1
77	181	4
77	185	2
77	186	1
77	188	1
77	189	1
77	190	3
77	192	3
77	194	2
77	197	3
77	199	4
77	201	2
77	203	1
77	204	3
77	205	3
77	206	1
77	207	1
77	209	2
77	211	3
77	212	1
77	218	1
77	219	4
77	222	3
77	223	1
77	226	1
77	227	1
77	229	1
77	234	2
77	235	2
77	236	1
77	238	2
77	240	1
77	241	15
77	243	1
77	245	1
77	246	2
77	248	2
77	249	3
77	250	5
77	251	1
77	252	3
77	253	1
77	255	1
77	258	1
77	259	2
77	262	1
77	264	6
77	265	3
77	267	1
77	271	5
77	272	1
77	276	1
77	277	2
77	278	2
77	280	4
77	282	4
77	283	1
77	285	1
77	286	2
77	289	3
77	290	1
77	293	3
77	294	12
77	295	3
77	297	6
77	300	3
77	302	4
77	303	3
77	305	3
77	308	1
77	314	1
77	315	3
77	316	1
77	318	3
77	327	1
77	331	2
77	336	1
77	338	1
77	339	5
77	340	5
77	342	1
77	343	2
77	345	1
77	346	1
77	347	1
77	353	1
77	359	2
77	360	2
77	362	5
77	363	5
77	364	2
77	365	1
77	367	2
77	369	1
77	370	1
77	373	2
77	379	3
77	387	3
77	393	3
77	394	1
77	395	3
77	396	2
77	398	2
77	399	1
77	400	1
77	406	1
77	408	1
77	410	1
77	411	5
77	412	3
77	416	3
77	417	1
77	419	1
77	426	5
77	432	2
77	434	2
77	435	2
77	437	1
77	442	1
77	444	1
77	447	3
77	452	2
77	465	1
77	469	2
77	472	2
77	473	3
77	477	3
77	486	2
77	490	2
77	492	3
77	494	1
77	500	1
77	501	2
77	502	1
77	505	2
77	506	1
77	507	3
77	509	1
77	518	3
77	525	1
77	528	1
77	530	1
77	533	1
77	538	1
77	539	1
77	540	1
77	548	1
77	552	2
77	554	1
77	559	2
77	566	2
77	567	1
77	580	2
77	591	2
77	593	3
77	595	2
78	83	6
78	85	3
78	86	5
78	87	3
78	88	4
78	90	4
78	91	3
78	92	3
78	93	6
78	95	1
78	97	2
78	98	2
78	99	1
78	100	8
78	101	3
78	102	1
78	103	3
78	104	4
78	105	1
78	107	1
78	108	1
78	109	1
78	110	1
78	111	8
78	112	3
78	113	3
78	114	4
78	116	1
78	117	7
78	118	2
78	119	4
78	120	1
78	121	2
78	122	1
78	123	2
78	124	1
78	125	2
78	126	1
78	128	2
78	129	1
78	130	6
78	131	3
78	134	3
78	136	2
78	137	1
78	138	1
78	140	1
78	141	2
78	142	1
78	143	3
78	145	1
78	146	2
78	147	2
78	148	2
78	149	1
78	151	3
78	153	3
78	154	1
78	155	1
78	156	4
78	157	2
78	158	3
78	160	1
78	164	5
78	165	6
78	170	2
78	172	2
78	173	3
78	174	1
78	176	3
78	177	1
78	178	3
78	180	1
78	181	4
78	183	1
78	184	3
78	185	2
78	186	2
78	188	1
78	189	1
78	190	3
78	191	1
78	192	4
78	194	2
78	197	3
78	198	1
78	199	4
78	201	1
78	204	3
78	205	4
78	206	3
78	207	1
78	209	2
78	210	2
78	211	2
78	212	3
78	213	1
78	215	1
78	218	2
78	219	3
78	221	1
78	222	3
78	223	1
78	226	1
78	227	2
78	229	1
78	234	1
78	235	1
78	236	1
78	237	2
78	238	2
78	241	34
78	242	1
78	243	2
78	244	1
78	245	1
78	246	1
78	248	5
78	249	5
78	250	5
78	251	1
78	252	3
78	253	3
78	254	1
78	255	2
78	259	4
78	260	1
78	261	1
78	262	2
78	263	3
78	264	5
78	265	3
78	266	1
78	269	1
78	270	2
78	271	2
78	272	2
78	274	1
78	277	6
78	278	3
78	279	1
78	280	1
78	281	4
78	282	3
78	285	1
78	286	2
78	288	1
78	289	4
78	290	1
78	291	2
78	292	2
78	293	4
78	294	8
78	295	5
78	297	7
78	298	1
78	300	3
78	302	3
78	303	4
78	305	3
78	306	1
78	309	1
78	314	1
78	315	3
78	316	2
78	318	6
78	319	2
78	322	2
78	327	2
78	328	1
78	330	2
78	331	5
78	339	3
78	340	2
78	342	2
78	343	4
78	345	1
78	346	1
78	347	3
78	350	1
78	351	1
78	352	1
78	353	4
78	355	1
78	356	2
78	357	1
78	358	3
78	359	1
78	360	6
78	361	2
78	362	6
78	363	5
78	364	3
78	365	4
78	366	1
78	367	3
78	368	2
78	370	1
78	373	4
78	376	1
78	379	2
78	380	1
78	382	2
78	387	3
78	390	1
78	393	3
78	394	1
78	395	1
78	397	3
78	398	3
78	399	2
78	400	1
78	403	1
78	404	2
78	410	3
78	411	4
78	412	1
78	414	1
78	416	4
78	419	1
78	423	1
78	426	2
78	432	3
78	434	4
78	435	2
78	438	1
78	439	2
78	442	3
78	444	2
78	447	2
78	450	1
78	451	1
78	452	3
78	455	1
78	459	1
78	461	1
78	465	1
78	466	2
78	468	1
78	469	3
78	470	1
78	472	2
78	473	1
78	475	1
78	477	1
78	480	1
78	482	1
78	485	1
78	486	4
78	489	1
78	490	1
78	491	2
78	492	5
78	493	1
78	496	1
78	500	2
78	501	1
78	502	2
78	503	1
78	505	3
78	506	2
78	507	3
78	509	1
78	512	1
78	517	1
78	518	3
78	520	1
78	525	2
78	526	1
78	528	2
78	529	1
78	530	1
78	532	1
78	538	1
78	539	3
78	540	2
78	541	1
78	544	1
78	545	2
78	548	1
78	552	5
78	554	1
78	559	1
78	566	2
78	567	3
78	568	2
78	572	1
78	574	2
78	578	1
78	579	1
78	580	3
78	591	1
78	593	2
78	598	1
79	83	1
79	85	3
79	91	2
79	95	2
79	103	1
79	107	2
79	108	2
79	116	1
79	120	3
79	122	1
79	125	1
79	135	1
79	136	1
79	137	5
79	139	1
79	140	1
79	141	1
79	154	3
79	159	1
79	160	1
79	161	1
79	162	1
79	169	2
79	175	1
79	177	1
79	178	1
79	180	1
79	182	3
79	194	1
79	198	1
79	200	2
79	201	3
79	205	1
79	212	1
79	214	2
79	215	1
79	218	1
79	220	1
79	227	1
79	234	1
79	244	1
79	250	5
79	262	2
79	263	18
79	264	1
79	267	1
79	273	2
79	277	1
79	288	16
79	291	2
79	292	2
79	294	2
79	295	1
79	296	1
79	298	1
79	303	2
79	317	1
79	326	1
79	330	1
79	340	1
79	348	2
79	355	2
79	359	1
79	362	2
79	368	1
79	387	3
79	396	1
79	399	1
79	409	2
79	411	1
79	418	1
79	439	1
79	440	1
79	457	1
79	462	1
79	466	1
79	467	1
79	468	3
79	471	1
79	482	1
79	485	2
79	486	1
79	489	1
79	500	2
79	501	2
79	505	1
79	506	1
79	509	1
79	511	1
79	516	1
79	518	7
79	547	2
79	552	1
79	567	1
79	571	2
79	572	2
79	577	1
79	578	1
79	587	1
79	598	2
80	84	1
80	87	2
80	89	2
80	91	1
80	93	1
80	94	1
80	95	1
80	98	1
80	102	1
80	103	2
80	104	1
80	107	1
80	110	1
80	111	1
80	119	1
80	120	1
80	133	3
80	136	1
80	138	1
80	139	3
80	145	1
80	149	2
80	153	1
80	154	1
80	159	1
80	163	1
80	164	2
80	167	1
80	172	1
80	177	1
80	180	1
80	184	1
80	191	1
80	199	1
80	203	2
80	209	3
80	210	1
80	218	4
80	220	2
80	227	1
80	229	1
80	240	1
80	242	1
80	245	1
80	246	1
80	250	1
80	258	2
80	261	3
80	267	1
80	274	1
80	277	1
80	283	2
80	290	1
80	292	1
80	295	1
80	297	1
80	298	1
80	300	1
80	302	2
80	314	1
80	315	1
80	318	2
80	319	1
80	320	1
80	330	1
80	331	1
80	333	1
80	336	1
80	339	2
80	341	1
80	345	2
80	346	3
80	347	1
80	352	1
80	358	1
80	360	1
80	362	1
80	365	1
80	383	2
80	390	1
80	393	1
80	396	2
80	397	1
80	404	1
80	411	1
80	416	1
80	417	1
80	423	1
80	426	2
80	428	1
80	434	2
80	437	1
80	438	1
80	440	1
80	443	2
80	451	1
80	492	1
80	494	1
80	505	1
80	517	1
80	518	2
80	522	1
80	531	1
80	532	1
80	541	1
80	561	1
80	579	1
80	580	1
80	591	1
80	593	1
80	599	1
81	105	2
81	107	1
81	108	1
81	120	2
81	140	1
81	162	1
81	187	1
81	228	1
81	233	1
81	275	1
81	298	1
81	318	1
81	358	1
81	375	1
81	390	1
81	418	1
81	432	1
81	450	4
81	451	4
81	459	1
81	460	1
81	463	1
81	489	1
81	503	1
81	511	1
81	515	1
81	522	1
81	560	2
81	561	3
81	578	1
82	101	2
82	105	1
82	122	1
82	125	1
82	126	2
82	140	1
82	153	1
82	162	1
82	163	1
82	188	1
82	190	2
82	216	2
82	224	1
82	225	2
82	227	1
82	231	1
82	232	2
82	244	1
82	263	1
82	291	1
82	292	1
82	294	1
82	305	1
82	310	1
82	337	1
82	412	1
82	434	1
82	441	2
82	452	2
82	454	2
82	456	2
82	457	1
82	458	1
82	460	1
82	461	1
82	462	1
82	465	1
82	468	1
82	471	1
82	489	1
82	518	1
82	556	1
82	582	1
82	592	2
83	85	2
83	86	2
83	88	1
83	90	2
83	92	2
83	93	2
83	97	1
83	100	3
83	101	1
83	102	3
83	103	1
83	104	3
83	105	3
83	111	3
83	112	2
83	114	2
83	116	2
83	117	4
83	118	2
83	119	1
83	121	1
83	122	1
83	123	1
83	124	1
83	130	3
83	131	2
83	136	1
83	137	1
83	140	1
83	141	1
83	142	1
83	143	1
83	146	2
83	147	1
83	150	1
83	157	1
83	160	1
83	164	3
83	165	6
83	170	1
83	173	1
83	176	1
83	177	1
83	178	2
83	181	4
83	182	1
83	186	1
83	189	1
83	192	3
83	195	3
83	197	2
83	199	3
83	201	1
83	203	1
83	205	3
83	206	1
83	211	1
83	212	4
83	213	1
83	221	3
83	222	1
83	223	1
83	230	1
83	237	2
83	241	6
83	242	3
83	246	2
83	247	1
83	248	3
83	249	4
83	252	2
83	253	1
83	254	1
83	255	4
83	259	1
83	263	3
83	264	1
83	265	2
83	266	1
83	268	1
83	271	2
83	272	1
83	274	1
83	277	1
83	281	3
83	282	1
83	288	1
83	289	1
83	291	2
83	292	1
83	293	1
83	294	1
83	295	2
83	296	1
83	297	1
83	298	1
83	300	2
83	301	2
83	302	4
83	303	2
83	305	1
83	306	2
83	309	1
83	316	1
83	319	1
83	322	2
83	327	1
83	328	1
83	329	1
83	331	3
83	336	1
83	337	1
83	339	2
83	343	2
83	351	1
83	353	2
83	355	5
83	358	2
83	360	1
83	361	1
83	362	2
83	363	3
83	364	1
83	366	1
83	371	1
83	373	2
83	376	1
83	387	2
83	395	1
83	397	2
83	403	1
83	404	3
83	408	2
83	411	2
83	412	1
83	416	1
83	423	1
83	432	1
83	434	3
83	435	1
83	436	1
83	439	1
83	442	1
83	450	1
83	454	1
83	455	1
83	468	4
83	469	1
83	472	2
83	486	3
83	489	1
83	490	1
83	491	1
83	492	1
83	500	5
83	506	1
83	507	3
83	512	1
83	517	1
83	518	1
83	522	1
83	527	2
83	530	1
83	539	3
83	546	1
83	547	1
83	552	6
83	556	1
83	566	4
83	574	2
83	579	1
83	580	2
83	591	1
83	598	1
84	85	1
84	87	2
84	90	3
84	91	1
84	93	2
84	95	1
84	101	2
84	105	2
84	108	2
84	112	1
84	114	6
84	116	1
84	120	1
84	122	1
84	126	1
84	127	1
84	133	1
84	135	2
84	136	1
84	141	1
84	145	1
84	158	1
84	159	1
84	161	1
84	162	1
84	163	1
84	169	1
84	177	1
84	181	1
84	184	3
84	192	2
84	194	7
84	195	3
84	198	6
84	205	1
84	207	2
84	209	1
84	211	2
84	212	3
84	218	2
84	220	2
84	227	2
84	229	1
84	241	1
84	244	1
84	249	1
84	250	2
84	253	2
84	256	2
84	259	2
84	261	1
84	264	1
84	265	1
84	267	1
84	271	1
84	277	2
84	278	1
84	281	1
84	284	2
84	287	1
84	291	2
84	299	1
84	301	1
84	302	1
84	330	1
84	333	1
84	337	1
84	340	2
84	341	3
84	343	1
84	346	1
84	349	1
84	359	1
84	362	3
84	365	1
84	368	1
84	375	1
84	387	1
84	396	1
84	397	1
84	401	1
84	402	2
84	416	1
84	441	1
84	443	1
84	451	1
84	462	1
84	467	3
84	473	1
84	475	1
84	484	1
84	489	2
84	506	1
84	507	1
84	514	1
84	518	1
84	525	2
84	530	2
84	537	1
84	539	1
84	559	1
84	568	1
84	580	1
85	86	4
85	87	1
85	88	1
85	90	4
85	91	3
85	95	4
85	97	4
85	98	1
85	100	2
85	101	2
85	102	3
85	104	3
85	108	2
85	110	1
85	112	29
85	113	4
85	114	1
85	117	3
85	129	1
85	132	3
85	139	2
85	141	4
85	143	1
85	145	2
85	147	1
85	149	1
85	151	2
85	152	2
85	154	1
85	158	2
85	159	1
85	160	1
85	162	1
85	165	3
85	166	2
85	167	4
85	169	2
85	170	1
85	171	1
85	172	1
85	173	3
85	174	1
85	176	1
85	177	1
85	178	3
85	179	1
85	181	1
85	186	1
85	187	1
85	191	1
85	192	2
85	197	3
85	198	2
85	200	4
85	202	1
85	205	13
85	206	1
85	207	1
85	212	1
85	216	1
85	218	2
85	219	1
85	220	3
85	224	1
85	227	1
85	235	3
85	236	1
85	238	1
85	239	1
85	241	3
85	248	7
85	249	2
85	250	7
85	252	2
85	253	1
85	256	1
85	258	1
85	259	1
85	260	1
85	262	1
85	263	2
85	264	2
85	266	1
85	271	2
85	276	1
85	277	2
85	279	2
85	280	2
85	282	1
85	284	1
85	285	1
85	288	1
85	289	1
85	291	2
85	292	1
85	293	2
85	294	3
85	295	3
85	298	1
85	300	3
85	303	5
85	306	2
85	307	1
85	310	1
85	312	2
85	314	1
85	315	1
85	318	2
85	319	2
85	320	1
85	321	1
85	322	2
85	330	2
85	333	2
85	338	2
85	339	2
85	347	1
85	349	1
85	352	2
85	353	1
85	358	2
85	359	1
85	360	2
85	362	1
85	363	4
85	367	1
85	368	2
85	369	3
85	372	2
85	375	1
85	379	1
85	387	6
85	388	1
85	394	2
85	395	1
85	400	1
85	401	1
85	402	1
85	406	2
85	408	1
85	410	2
85	413	3
85	426	1
85	428	1
85	434	1
85	437	2
85	439	2
85	447	1
85	451	1
85	455	1
85	458	1
85	463	1
85	466	1
85	468	1
85	469	2
85	471	1
85	472	4
85	477	1
85	478	1
85	484	1
85	486	3
85	489	1
85	490	2
85	493	1
85	499	1
85	500	2
85	501	2
85	507	2
85	516	1
85	518	3
85	525	1
85	535	1
85	538	2
85	548	4
85	552	5
85	554	2
85	559	1
85	566	2
85	567	1
85	578	1
85	579	1
85	580	1
85	596	1
85	598	1
85	599	1
86	91	1
86	93	3
86	95	1
86	97	3
86	98	8
86	99	6
86	100	8
86	104	2
86	110	3
86	112	4
86	114	8
86	117	4
86	129	3
86	130	3
86	132	1
86	141	1
86	143	1
86	145	1
86	150	2
86	151	3
86	156	1
86	157	1
86	158	2
86	159	1
86	165	4
86	170	1
86	172	2
86	174	4
86	176	1
86	178	3
86	181	2
86	186	1
86	192	5
86	197	12
86	199	1
86	205	6
86	206	1
86	209	1
86	211	1
86	215	1
86	219	1
86	221	1
86	222	1
86	224	4
86	234	1
86	235	2
86	236	1
86	238	6
86	241	5
86	242	1
86	246	1
86	248	2
86	249	4
86	252	3
86	253	3
86	264	2
86	265	1
86	267	1
86	270	1
86	271	3
86	274	1
86	276	4
86	277	3
86	278	1
86	280	3
86	282	2
86	286	1
86	289	1
86	293	4
86	294	5
86	295	4
86	297	1
86	300	2
86	303	4
86	308	3
86	314	1
86	318	1
86	319	1
86	322	1
86	323	1
86	331	1
86	339	2
86	352	2
86	353	1
86	356	4
86	358	3
86	359	1
86	362	4
86	363	5
86	365	1
86	373	1
86	379	1
86	387	7
86	391	1
86	406	7
86	411	2
86	412	2
86	413	1
86	416	1
86	419	3
86	426	2
86	436	1
86	447	1
86	448	1
86	466	2
86	469	1
86	472	3
86	473	2
86	477	1
86	486	3
86	490	2
86	500	1
86	507	5
86	525	1
86	529	1
86	545	2
86	548	1
86	552	4
86	554	3
86	559	1
86	566	2
86	568	1
86	580	2
86	591	1
86	593	4
86	595	1
87	88	1
87	89	1
87	91	3
87	92	1
87	93	2
87	94	1
87	97	2
87	99	1
87	100	2
87	101	1
87	102	1
87	103	2
87	104	2
87	107	1
87	109	1
87	113	1
87	118	1
87	119	2
87	120	2
87	122	1
87	125	1
87	126	1
87	129	1
87	130	3
87	131	1
87	133	1
87	135	4
87	136	2
87	137	1
87	139	1
87	142	1
87	143	1
87	145	7
87	148	1
87	149	13
87	151	1
87	152	1
87	153	1
87	154	2
87	156	2
87	157	1
87	158	1
87	159	3
87	163	1
87	172	1
87	177	2
87	179	1
87	184	1
87	188	1
87	191	2
87	194	2
87	198	1
87	201	3
87	203	7
87	204	1
87	209	5
87	213	1
87	214	1
87	218	1
87	219	1
87	220	8
87	222	2
87	223	1
87	227	2
87	235	1
87	241	1
87	243	1
87	244	1
87	245	3
87	248	1
87	250	2
87	251	1
87	254	1
87	258	2
87	259	2
87	261	1
87	262	1
87	263	2
87	266	1
87	267	1
87	269	1
87	270	1
87	277	1
87	279	1
87	282	1
87	283	2
87	285	1
87	288	1
87	289	2
87	291	2
87	292	6
87	293	1
87	294	1
87	295	4
87	297	1
87	302	1
87	303	2
87	306	4
87	309	1
87	312	1
87	315	4
87	318	2
87	322	1
87	330	1
87	331	1
87	333	2
87	338	1
87	339	10
87	340	2
87	341	5
87	342	1
87	343	1
87	345	1
87	346	4
87	347	1
87	350	1
87	351	1
87	353	1
87	358	1
87	360	1
87	363	1
87	364	1
87	365	2
87	367	2
87	368	1
87	388	1
87	393	1
87	396	1
87	397	1
87	399	2
87	404	1
87	410	2
87	411	1
87	416	2
87	419	1
87	426	2
87	428	1
87	434	1
87	438	3
87	440	2
87	454	1
87	458	2
87	460	1
87	466	3
87	467	2
87	468	1
87	470	1
87	473	1
87	478	1
87	480	1
87	482	1
87	485	1
87	489	1
87	491	1
87	492	3
87	493	1
87	495	2
87	496	1
87	499	1
87	502	1
87	505	1
87	509	1
87	510	1
87	518	4
87	528	2
87	529	2
87	539	1
87	540	1
87	541	1
87	544	1
87	552	3
87	556	1
87	561	1
87	572	1
87	574	1
87	589	2
87	591	1
87	593	1
88	90	3
88	91	2
88	93	6
88	100	4
88	101	1
88	102	1
88	103	1
88	104	1
88	108	2
88	111	1
88	112	2
88	113	2
88	114	4
88	116	4
88	117	2
88	118	1
88	120	1
88	122	1
88	128	1
88	129	1
88	130	2
88	134	3
88	136	2
88	137	1
88	142	1
88	143	2
88	146	2
88	148	2
88	149	1
88	151	1
88	154	1
88	156	2
88	157	1
88	167	1
88	172	1
88	173	4
88	181	3
88	184	5
88	185	1
88	186	3
88	187	1
88	188	1
88	189	1
88	191	2
88	198	1
88	199	6
88	200	1
88	201	1
88	204	4
88	205	2
88	207	1
88	209	1
88	212	4
88	218	2
88	222	1
88	223	1
88	230	1
88	235	1
88	241	3
88	243	1
88	244	2
88	246	1
88	248	3
88	249	2
88	250	3
88	251	2
88	252	1
88	254	1
88	256	1
88	259	4
88	262	1
88	263	1
88	264	2
88	265	3
88	267	1
88	269	1
88	270	1
88	272	1
88	277	1
88	278	2
88	280	2
88	282	3
88	285	1
88	286	2
88	288	1
88	289	5
88	290	2
88	291	1
88	292	2
88	293	2
88	294	2
88	295	1
88	297	1
88	300	1
88	303	1
88	309	1
88	317	3
88	318	4
88	319	1
88	322	2
88	327	1
88	328	3
88	330	1
88	331	2
88	337	1
88	340	3
88	342	1
88	343	4
88	346	1
88	350	1
88	351	1
88	353	1
88	358	2
88	360	3
88	363	3
88	364	1
88	367	4
88	368	1
88	370	2
88	379	1
88	382	2
88	387	1
88	390	2
88	394	1
88	395	1
88	397	3
88	398	1
88	399	1
88	400	4
88	403	1
88	404	1
88	408	1
88	410	1
88	411	2
88	416	2
88	423	1
88	428	1
88	434	1
88	439	1
88	447	1
88	452	2
88	458	2
88	466	1
88	468	1
88	469	1
88	470	1
88	472	2
88	473	1
88	477	1
88	480	1
88	482	1
88	485	1
88	490	1
88	492	3
88	500	1
88	501	2
88	502	1
88	503	1
88	505	2
88	509	2
88	518	3
88	525	2
88	527	1
88	528	1
88	537	3
88	538	2
88	539	3
88	540	1
88	544	1
88	545	1
88	552	1
88	559	1
88	566	1
88	572	1
88	574	1
88	593	2
89	92	1
89	101	1
89	111	1
89	123	1
89	142	1
89	147	1
89	165	1
89	172	1
89	199	2
89	201	1
89	225	1
89	227	1
89	235	1
89	240	1
89	248	1
89	250	1
89	282	1
89	295	2
89	315	1
89	330	1
89	339	1
89	340	2
89	345	1
89	346	2
89	387	2
89	389	1
89	395	1
89	396	1
89	410	1
89	411	2
89	466	1
89	478	1
89	528	1
89	529	1
90	91	4
90	92	2
90	93	3
90	94	1
90	97	3
90	101	8
90	104	1
90	105	4
90	107	2
90	108	4
90	111	1
90	113	4
90	114	3
90	116	3
90	117	4
90	118	2
90	120	7
90	121	2
90	123	1
90	126	1
90	127	2
90	130	1
90	131	3
90	133	4
90	136	3
90	139	2
90	140	1
90	141	2
90	143	1
90	144	1
90	146	2
90	147	2
90	154	1
90	156	2
90	157	1
90	158	2
90	160	2
90	162	2
90	164	3
90	165	1
90	166	1
90	167	1
90	170	1
90	171	3
90	173	7
90	176	2
90	177	1
90	178	2
90	180	3
90	184	8
90	186	4
90	187	3
90	190	1
90	191	1
90	192	1
90	194	2
90	198	1
90	199	6
90	202	1
90	206	1
90	207	2
90	209	1
90	210	1
90	211	2
90	212	9
90	214	1
90	216	1
90	218	7
90	220	4
90	221	1
90	222	3
90	225	1
90	227	4
90	230	2
90	237	1
90	239	2
90	241	3
90	244	2
90	248	4
90	255	1
90	256	1
90	258	1
90	259	4
90	263	3
90	264	2
90	265	5
90	266	1
90	267	1
90	272	1
90	277	1
90	279	1
90	280	2
90	281	2
90	282	3
90	283	1
90	291	5
90	292	3
90	294	7
90	297	3
90	298	1
90	300	2
90	302	3
90	306	2
90	316	3
90	318	8
90	319	3
90	320	1
90	324	2
90	327	1
90	328	1
90	337	2
90	340	2
90	343	1
90	347	1
90	353	2
90	355	1
90	356	1
90	358	3
90	360	5
90	361	1
90	362	4
90	365	1
90	366	1
90	367	1
90	372	1
90	373	2
90	375	2
90	376	2
90	384	1
90	394	2
90	397	1
90	399	1
90	400	3
90	403	1
90	404	1
90	412	1
90	415	2
90	416	1
90	423	1
90	428	3
90	432	1
90	434	4
90	437	2
90	439	2
90	441	3
90	442	1
90	444	1
90	451	2
90	452	1
90	458	1
90	461	1
90	465	2
90	468	2
90	469	2
90	478	1
90	486	1
90	489	2
90	491	1
90	505	4
90	506	1
90	507	2
90	512	1
90	514	1
90	517	2
90	522	1
90	525	4
90	527	1
90	528	1
90	530	1
90	535	1
90	537	2
90	538	1
90	539	1
90	552	3
90	559	2
90	560	1
90	561	1
90	572	1
90	574	1
90	579	2
90	580	1
90	588	1
90	591	1
90	592	1
90	593	1
90	598	2
90	599	1
91	93	1
91	94	1
91	97	3
91	98	3
91	99	1
91	100	1
91	101	5
91	102	1
91	103	3
91	104	1
91	107	2
91	108	1
91	112	1
91	113	6
91	114	4
91	116	1
91	117	1
91	118	1
91	120	4
91	122	2
91	124	1
91	127	1
91	129	5
91	130	1
91	131	1
91	132	2
91	133	1
91	136	2
91	137	3
91	139	2
91	141	1
91	142	2
91	143	2
91	148	1
91	149	3
91	150	2
91	151	2
91	154	4
91	156	5
91	157	2
91	158	3
91	160	1
91	162	1
91	165	1
91	166	1
91	167	3
91	172	2
91	174	4
91	177	1
91	178	1
91	181	2
91	184	1
91	186	2
91	187	1
91	191	1
91	192	2
91	198	2
91	199	3
91	200	4
91	201	2
91	202	1
91	204	1
91	205	3
91	209	4
91	210	1
91	213	1
91	215	1
91	218	3
91	219	1
91	220	4
91	221	1
91	222	1
91	224	1
91	227	1
91	235	4
91	238	1
91	243	1
91	244	1
91	248	3
91	249	1
91	250	1
91	251	2
91	253	2
91	254	1
91	257	3
91	258	2
91	259	1
91	262	1
91	263	3
91	264	2
91	267	1
91	269	1
91	270	2
91	274	1
91	276	2
91	277	4
91	279	2
91	280	1
91	282	4
91	283	2
91	287	1
91	288	3
91	289	1
91	291	2
91	292	3
91	293	2
91	294	4
91	295	2
91	297	1
91	299	1
91	300	1
91	302	1
91	303	3
91	306	2
91	308	1
91	309	1
91	310	6
91	315	1
91	318	3
91	319	1
91	320	1
91	322	2
91	323	1
91	330	2
91	338	1
91	339	1
91	340	1
91	342	1
91	343	1
91	346	1
91	350	1
91	351	2
91	352	1
91	353	2
91	354	1
91	356	3
91	358	4
91	360	2
91	362	6
91	363	4
91	364	3
91	367	2
91	368	1
91	370	1
91	371	2
91	372	1
91	373	3
91	375	1
91	378	4
91	387	5
91	391	1
91	393	3
91	397	1
91	399	1
91	400	1
91	401	1
91	403	1
91	404	1
91	406	1
91	408	1
91	409	2
91	410	1
91	412	1
91	413	2
91	416	2
91	418	1
91	428	3
91	434	2
91	437	2
91	439	1
91	444	2
91	448	1
91	451	1
91	466	2
91	470	2
91	471	1
91	472	1
91	473	1
91	480	1
91	481	1
91	482	1
91	485	1
91	486	1
91	492	1
91	500	3
91	501	6
91	502	1
91	505	3
91	509	1
91	518	4
91	528	1
91	530	1
91	533	1
91	535	1
91	537	3
91	538	1
91	539	2
91	540	1
91	544	1
91	545	2
91	552	1
91	561	1
91	568	1
91	572	1
91	574	1
91	578	1
91	579	1
91	587	1
91	591	1
91	593	1
91	599	1
92	93	1
92	101	2
92	104	1
92	105	1
92	111	2
92	116	1
92	117	2
92	118	1
92	119	1
92	121	1
92	123	2
92	130	1
92	131	2
92	140	1
92	141	1
92	142	1
92	143	1
92	146	2
92	147	2
92	157	1
92	158	1
92	164	2
92	165	2
92	170	1
92	173	1
92	176	1
92	186	1
92	192	1
92	199	2
92	201	1
92	206	1
92	211	1
92	212	2
92	219	2
92	221	1
92	222	1
92	237	1
92	241	3
92	248	2
92	250	1
92	255	1
92	263	1
92	264	1
92	265	2
92	266	1
92	277	1
92	281	2
92	282	2
92	291	1
92	292	1
92	297	2
92	298	1
92	302	2
92	315	1
92	316	1
92	319	1
92	327	1
92	330	1
92	343	1
92	353	2
92	355	1
92	358	1
92	360	1
92	361	1
92	362	1
92	365	2
92	366	1
92	376	1
92	397	1
92	403	1
92	404	1
92	412	1
92	416	1
92	423	1
92	432	1
92	434	3
92	439	1
92	442	1
92	468	1
92	469	1
92	486	1
92	489	1
92	491	1
92	506	1
92	507	1
92	512	1
92	517	1
92	552	2
92	574	1
92	579	1
92	580	1
92	598	1
93	95	1
93	98	4
93	99	3
93	100	9
93	101	3
93	102	1
93	103	2
93	104	1
93	105	2
93	108	1
93	109	1
93	113	1
93	114	9
93	116	5
93	117	4
93	118	3
93	120	2
93	122	2
93	123	3
93	126	1
93	128	1
93	129	1
93	130	5
93	131	2
93	133	1
93	134	6
93	136	2
93	137	1
93	139	1
93	142	1
93	143	1
93	146	3
93	147	1
93	148	2
93	149	1
93	151	2
93	154	2
93	155	2
93	156	2
93	157	1
93	158	2
93	159	2
93	163	2
93	164	2
93	165	2
93	169	1
93	170	1
93	172	1
93	173	7
93	176	3
93	177	2
93	178	1
93	181	8
93	184	3
93	186	1
93	188	1
93	189	1
93	191	1
93	192	1
93	195	1
93	198	1
93	199	5
93	204	3
93	205	1
93	206	1
93	207	1
93	209	1
93	210	1
93	211	4
93	212	3
93	213	1
93	214	1
93	218	2
93	220	2
93	221	1
93	222	5
93	223	2
93	225	1
93	227	2
93	228	2
93	229	1
93	230	1
93	231	1
93	234	2
93	235	3
93	237	3
93	238	3
93	240	1
93	241	9
93	243	1
93	244	3
93	246	1
93	248	1
93	249	1
93	250	2
93	251	1
93	252	1
93	253	1
93	254	1
93	255	3
93	256	1
93	257	2
93	259	5
93	260	3
93	261	2
93	262	1
93	263	2
93	264	3
93	265	11
93	267	2
93	268	3
93	270	1
93	271	3
93	272	1
93	276	1
93	277	1
93	278	2
93	280	4
93	281	2
93	282	6
93	284	1
93	286	1
93	288	1
93	289	9
93	290	1
93	291	1
93	292	2
93	293	3
93	294	4
93	295	1
93	297	2
93	298	1
93	300	1
93	301	1
93	302	1
93	303	2
93	305	2
93	306	1
93	308	2
93	309	1
93	315	2
93	316	1
93	317	2
93	318	5
93	321	1
93	322	3
93	327	2
93	329	5
93	330	1
93	331	1
93	340	2
93	342	3
93	343	3
93	344	3
93	345	1
93	346	2
93	347	1
93	350	1
93	351	1
93	352	1
93	353	2
93	355	1
93	357	1
93	358	3
93	359	1
93	360	4
93	362	5
93	363	5
93	364	1
93	365	2
93	366	1
93	367	3
93	368	1
93	370	1
93	373	2
93	376	2
93	379	1
93	381	2
93	395	2
93	397	3
93	398	1
93	399	1
93	404	2
93	406	5
93	410	1
93	411	4
93	412	4
93	416	7
93	419	4
93	421	1
93	423	1
93	431	1
93	432	1
93	434	1
93	435	1
93	438	1
93	439	2
93	442	1
93	443	1
93	447	3
93	450	1
93	451	1
93	452	4
93	453	2
93	454	1
93	458	2
93	460	1
93	461	1
93	465	1
93	466	1
93	468	2
93	469	1
93	470	1
93	473	5
93	475	1
93	477	2
93	480	1
93	481	1
93	482	1
93	485	1
93	490	1
93	492	6
93	493	1
93	500	2
93	501	2
93	502	6
93	505	3
93	506	1
93	507	3
93	509	1
93	517	2
93	518	3
93	525	3
93	528	1
93	537	3
93	538	1
93	539	2
93	540	1
93	541	1
93	544	1
93	548	2
93	552	1
93	556	2
93	559	1
93	572	1
93	574	3
93	580	4
93	585	1
93	593	2
93	595	2
94	96	1
94	107	4
94	108	1
94	109	2
94	120	1
94	125	1
94	128	1
94	133	1
94	136	1
94	140	1
94	149	1
94	163	2
94	164	1
94	182	1
94	185	1
94	187	1
94	190	1
94	212	1
94	216	1
94	218	1
94	220	1
94	222	2
94	225	1
94	226	2
94	227	2
94	231	1
94	232	2
94	244	1
94	258	2
94	263	2
94	291	1
94	292	1
94	298	1
94	340	1
94	345	1
94	399	1
94	415	1
94	428	2
94	440	1
94	446	1
94	454	1
94	456	1
94	510	1
94	511	1
94	512	1
94	533	1
94	560	1
94	561	1
94	578	1
94	580	1
94	582	1
94	592	1
95	104	1
95	133	1
95	141	3
95	151	1
95	163	1
95	177	1
95	190	1
95	205	3
95	216	1
95	220	1
95	227	1
95	229	1
95	241	1
95	248	1
95	250	3
95	258	1
95	261	1
95	264	4
95	267	1
95	294	1
95	303	1
95	319	1
95	330	2
95	346	1
95	387	9
95	412	1
95	432	1
95	443	1
95	469	1
95	471	1
95	486	1
95	489	1
95	500	2
95	516	1
95	518	1
95	552	3
95	559	1
95	567	1
95	578	1
95	580	2
96	104	2
96	128	2
96	171	4
96	191	1
96	222	1
96	258	1
96	506	2
96	528	1
96	547	1
97	98	2
97	99	1
97	100	2
97	103	2
97	104	2
97	108	1
97	110	1
97	111	2
97	112	3
97	117	2
97	119	2
97	120	2
97	127	1
97	129	13
97	130	2
97	133	2
97	139	1
97	142	1
97	143	1
97	145	1
97	147	1
97	149	1
97	152	1
97	154	1
97	156	1
97	158	1
97	159	2
97	165	2
97	170	1
97	171	1
97	173	5
97	174	3
97	177	2
97	178	8
97	179	1
97	188	2
97	191	2
97	192	2
97	197	1
97	201	1
97	205	3
97	224	2
97	227	1
97	235	2
97	238	1
97	239	1
97	241	1
97	245	1
97	248	1
97	249	3
97	250	1
97	251	1
97	252	3
97	253	1
97	259	1
97	261	1
97	264	1
97	266	1
97	271	1
97	276	2
97	277	1
97	279	1
97	280	8
97	282	3
97	283	2
97	285	2
97	289	1
97	291	2
97	292	1
97	293	5
97	294	6
97	295	1
97	300	5
97	303	5
97	306	1
97	307	2
97	311	3
97	312	1
97	315	1
97	318	1
97	322	1
97	330	1
97	331	1
97	333	1
97	339	3
97	340	1
97	347	1
97	352	1
97	356	3
97	358	3
97	360	1
97	362	2
97	363	4
97	364	2
97	367	1
97	374	1
97	382	1
97	387	3
97	388	3
97	389	1
97	391	2
97	394	1
97	398	1
97	402	1
97	406	1
97	408	1
97	409	1
97	410	1
97	411	1
97	413	3
97	419	2
97	444	1
97	468	2
97	472	2
97	478	1
97	486	1
97	488	1
97	490	2
97	491	1
97	493	1
97	496	1
97	499	2
97	500	1
97	507	1
97	518	1
97	552	2
97	566	1
98	99	7
98	100	4
98	103	1
98	104	1
98	110	2
98	111	1
98	112	1
98	114	4
98	117	1
98	129	3
98	130	2
98	132	1
98	141	1
98	143	1
98	145	1
98	150	1
98	151	3
98	156	2
98	157	1
98	158	3
98	159	1
98	165	1
98	170	1
98	172	3
98	174	4
98	176	1
98	178	1
98	186	1
98	192	1
98	197	1
98	199	1
98	205	2
98	206	1
98	209	1
98	211	1
98	219	1
98	221	1
98	222	1
98	224	1
98	234	1
98	235	2
98	236	1
98	238	8
98	241	2
98	246	2
98	249	2
98	253	2
98	264	1
98	265	1
98	267	1
98	270	1
98	271	1
98	274	1
98	276	3
98	277	1
98	280	2
98	282	1
98	289	1
98	294	1
98	295	1
98	297	1
98	300	1
98	302	2
98	303	2
98	308	5
98	314	1
98	318	1
98	320	1
98	322	1
98	331	1
98	352	1
98	356	5
98	358	2
98	359	1
98	362	3
98	363	2
98	373	1
98	379	1
98	387	5
98	391	1
98	395	1
98	396	1
98	406	8
98	411	1
98	412	2
98	416	1
98	419	1
98	426	1
98	428	1
98	447	1
98	448	1
98	466	1
98	469	1
98	473	1
98	477	1
98	486	1
98	490	1
98	500	3
98	507	1
98	525	1
98	545	1
98	548	1
98	554	1
98	559	1
98	580	1
98	591	1
98	595	1
99	100	4
99	103	1
99	104	1
99	114	2
99	117	1
99	129	1
99	130	3
99	132	1
99	141	1
99	143	1
99	150	1
99	151	2
99	156	1
99	157	1
99	158	1
99	165	1
99	174	1
99	192	1
99	199	1
99	201	1
99	205	1
99	209	1
99	211	1
99	221	1
99	222	1
99	224	1
99	234	1
99	235	2
99	238	3
99	245	1
99	246	1
99	249	1
99	253	1
99	264	1
99	265	1
99	267	1
99	270	1
99	271	1
99	274	1
99	276	10
99	277	1
99	279	1
99	280	1
99	282	1
99	289	1
99	294	1
99	297	1
99	308	14
99	322	1
99	331	1
99	352	1
99	356	1
99	358	1
99	359	1
99	362	1
99	363	1
99	373	1
99	387	2
99	391	1
99	395	1
99	406	13
99	410	1
99	411	1
99	412	2
99	416	1
99	419	2
99	428	1
99	448	1
99	466	1
99	473	1
99	486	1
99	491	1
99	493	1
99	496	1
99	500	2
99	507	1
99	545	1
99	559	1
99	591	1
99	595	1
100	102	1
100	103	2
100	104	3
100	110	2
100	111	1
100	112	2
100	113	1
100	114	5
100	117	3
100	118	1
100	120	1
100	122	1
100	128	1
100	129	1
100	130	3
100	134	1
100	136	1
100	137	1
100	142	1
100	143	1
100	148	1
100	149	1
100	150	1
100	151	2
100	154	1
100	156	2
100	157	1
100	159	2
100	165	2
100	172	1
100	173	1
100	174	2
100	178	2
100	181	1
100	184	1
100	188	1
100	189	1
100	191	1
100	192	3
100	197	4
100	198	1
100	199	2
100	201	1
100	204	2
100	205	2
100	207	1
100	209	1
100	210	1
100	211	2
100	218	1
100	222	3
100	223	1
100	234	1
100	235	3
100	236	1
100	238	3
100	239	1
100	241	6
100	242	1
100	243	1
100	244	1
100	245	1
100	246	1
100	247	1
100	248	3
100	249	4
100	250	2
100	251	1
100	252	4
100	254	1
100	257	1
100	259	2
100	262	1
100	263	1
100	264	4
100	265	5
100	270	1
100	271	5
100	272	1
100	276	1
100	277	4
100	278	2
100	279	1
100	280	5
100	282	3
100	286	2
100	288	1
100	289	4
100	290	1
100	291	1
100	292	1
100	293	2
100	294	4
100	295	4
100	300	3
100	303	3
100	305	1
100	308	1
100	309	1
100	318	1
100	319	1
100	322	1
100	327	1
100	330	1
100	331	3
100	337	1
100	339	2
100	340	1
100	342	1
100	343	2
100	346	1
100	350	1
100	351	1
100	353	2
100	356	1
100	357	1
100	358	1
100	359	1
100	360	2
100	362	2
100	363	8
100	364	1
100	367	2
100	368	1
100	373	1
100	387	2
100	396	1
100	397	1
100	399	1
100	404	1
100	406	2
100	408	1
100	410	2
100	411	3
100	412	3
100	416	3
100	419	3
100	426	1
100	434	1
100	447	1
100	452	1
100	466	1
100	468	1
100	470	1
100	472	2
100	473	5
100	477	1
100	480	1
100	482	1
100	485	1
100	486	2
100	490	3
100	491	1
100	492	2
100	493	6
100	496	1
100	500	1
100	501	1
100	502	1
100	505	1
100	507	3
100	509	1
100	518	1
100	527	1
100	528	1
100	529	1
100	538	1
100	539	2
100	540	1
100	544	1
100	548	2
100	552	3
100	566	3
100	568	3
100	572	1
100	574	1
100	580	1
100	581	1
100	593	1
100	595	2
101	103	3
101	104	2
101	105	4
101	108	2
101	111	1
101	113	4
101	114	6
101	116	2
101	117	2
101	118	4
101	119	1
101	122	2
101	123	2
101	126	1
101	127	1
101	130	2
101	131	2
101	134	3
101	139	1
101	141	1
101	142	3
101	146	1
101	147	2
101	148	1
101	151	1
101	154	1
101	155	2
101	156	3
101	158	2
101	162	2
101	164	1
101	165	3
101	166	1
101	167	1
101	170	1
101	172	5
101	173	2
101	176	1
101	177	1
101	181	1
101	183	1
101	184	3
101	186	2
101	190	1
101	192	1
101	198	1
101	199	4
101	201	2
101	202	1
101	206	1
101	210	1
101	211	1
101	212	3
101	216	1
101	218	6
101	220	2
101	221	1
101	222	1
101	227	2
101	237	1
101	240	6
101	241	3
101	244	1
101	248	4
101	250	2
101	255	4
101	259	2
101	260	1
101	263	1
101	264	2
101	265	1
101	268	3
101	277	1
101	279	1
101	280	2
101	281	1
101	282	2
101	289	2
101	291	3
101	292	1
101	294	3
101	297	1
101	298	1
101	300	1
101	302	9
101	306	2
101	310	1
101	316	2
101	317	1
101	318	2
101	319	1
101	320	1
101	321	1
101	322	2
101	327	1
101	328	1
101	329	1
101	330	1
101	337	2
101	339	1
101	340	1
101	343	1
101	344	1
101	345	1
101	353	1
101	355	2
101	358	3
101	360	1
101	362	6
101	363	2
101	364	1
101	366	1
101	367	1
101	372	1
101	373	4
101	375	2
101	376	1
101	379	1
101	381	2
101	397	2
101	404	1
101	408	1
101	413	1
101	415	1
101	416	1
101	423	1
101	432	1
101	434	2
101	437	1
101	439	2
101	441	2
101	442	2
101	451	3
101	468	2
101	469	2
101	494	1
101	500	1
101	501	3
101	505	2
101	506	1
101	507	3
101	513	1
101	514	1
101	517	2
101	518	1
101	525	1
101	530	2
101	531	1
101	533	1
101	535	1
101	537	4
101	538	1
101	539	2
101	545	1
101	552	3
101	559	2
101	574	1
101	578	1
101	579	1
101	580	1
101	588	1
101	591	1
101	593	2
101	599	1
102	103	1
102	113	1
102	118	1
102	120	1
102	122	1
102	129	1
102	130	1
102	132	1
102	136	1
102	137	1
102	142	1
102	143	1
102	145	1
102	148	1
102	149	1
102	151	1
102	154	1
102	156	1
102	157	1
102	167	2
102	172	1
102	184	1
102	191	1
102	195	2
102	198	1
102	200	1
102	203	1
102	204	1
102	209	2
102	218	2
102	221	2
102	222	1
102	233	2
102	235	1
102	243	1
102	244	1
102	248	1
102	250	2
102	251	1
102	254	1
102	255	2
102	259	1
102	262	1
102	263	1
102	267	1
102	270	1
102	274	1
102	277	1
102	279	1
102	282	1
102	283	1
102	288	1
102	289	2
102	291	1
102	292	1
102	295	1
102	299	3
102	303	1
102	309	1
102	318	1
102	322	2
102	330	1
102	336	1
102	342	1
102	343	1
102	346	1
102	350	1
102	351	1
102	353	1
102	355	3
102	358	2
102	360	1
102	364	1
102	367	1
102	368	1
102	387	2
102	395	1
102	397	1
102	399	1
102	401	1
102	404	1
102	410	3
102	416	1
102	417	1
102	426	1
102	437	1
102	466	1
102	470	1
102	473	1
102	480	1
102	482	1
102	483	1
102	485	1
102	492	2
102	494	1
102	500	7
102	501	2
102	502	1
102	505	1
102	509	1
102	512	1
102	528	1
102	538	1
102	539	1
102	540	1
102	544	1
102	546	1
102	548	1
102	572	1
102	574	1
102	593	1
103	104	7
103	108	1
103	110	1
103	111	2
103	113	1
103	114	2
103	115	1
103	116	1
103	118	3
103	120	2
103	122	5
103	129	1
103	130	2
103	136	1
103	137	3
103	142	4
103	143	1
103	146	1
103	148	1
103	149	1
103	150	2
103	151	1
103	154	1
103	156	1
103	157	1
103	158	3
103	172	6
103	173	1
103	176	1
103	177	4
103	178	1
103	179	2
103	180	2
103	182	2
103	184	1
103	191	3
103	194	4
103	198	1
103	201	3
103	204	1
103	208	3
103	209	4
103	211	1
103	213	1
103	218	2
103	219	1
103	222	1
103	224	1
103	228	2
103	232	1
103	234	1
103	235	1
103	240	2
103	241	4
103	243	1
103	244	1
103	245	2
103	246	1
103	248	1
103	249	1
103	250	1
103	251	1
103	254	1
103	257	1
103	258	2
103	259	1
103	260	1
103	261	1
103	262	1
103	263	1
103	269	2
103	270	1
103	271	1
103	277	4
103	279	2
103	281	1
103	282	2
103	285	1
103	288	1
103	289	1
103	291	2
103	292	1
103	295	1
103	296	2
103	297	1
103	298	1
103	299	1
103	300	1
103	302	8
103	303	1
103	305	1
103	307	1
103	309	1
103	314	1
103	315	4
103	316	1
103	318	1
103	322	1
103	323	1
103	326	1
103	330	2
103	331	1
103	333	1
103	336	1
103	339	6
103	340	2
103	342	1
103	343	2
103	345	2
103	346	1
103	350	1
103	351	2
103	353	1
103	355	2
103	358	3
103	360	2
103	363	2
103	364	4
103	367	1
103	368	1
103	378	1
103	388	1
103	393	6
103	395	1
103	396	1
103	397	1
103	399	1
103	403	1
103	404	1
103	408	1
103	410	2
103	411	3
103	412	1
103	416	1
103	419	1
103	426	2
103	433	1
103	435	1
103	436	1
103	437	1
103	438	2
103	439	2
103	441	1
103	444	1
103	451	1
103	461	1
103	463	1
103	465	1
103	466	3
103	470	1
103	473	1
103	478	1
103	480	1
103	482	1
103	485	1
103	490	1
103	491	1
103	492	2
103	493	1
103	494	2
103	496	3
103	499	1
103	501	1
103	502	1
103	505	2
103	506	2
103	509	1
103	518	4
103	528	1
103	533	2
103	539	2
103	540	1
103	544	1
103	547	1
103	568	1
103	572	1
103	574	1
103	591	1
103	593	2
104	105	2
104	108	3
104	110	1
104	111	1
104	112	2
104	114	2
104	115	1
104	116	1
104	117	3
104	118	2
104	120	2
104	122	5
104	123	1
104	127	1
104	128	2
104	130	2
104	131	2
104	141	2
104	142	2
104	146	1
104	147	1
104	150	1
104	151	1
104	158	4
104	160	3
104	162	1
104	164	2
104	165	2
104	170	1
104	171	2
104	172	2
104	173	1
104	174	2
104	175	1
104	176	1
104	178	2
104	180	1
104	182	1
104	184	2
104	186	3
104	187	2
104	190	1
104	191	2
104	192	2
104	197	2
104	199	1
104	201	5
104	204	1
104	205	4
104	206	1
104	208	3
104	209	2
104	210	1
104	211	1
104	212	2
104	215	1
104	216	1
104	218	2
104	220	1
104	221	1
104	222	1
104	225	2
104	241	5
104	244	3
104	245	1
104	246	1
104	248	4
104	249	2
104	251	1
104	252	2
104	255	1
104	258	3
104	260	2
104	263	2
104	264	1
104	265	1
104	267	1
104	271	3
104	274	1
104	277	1
104	279	1
104	281	1
104	283	2
104	288	1
104	289	2
104	290	1
104	293	1
104	294	1
104	295	2
104	297	1
104	298	1
104	299	2
104	300	2
104	302	7
104	303	3
104	305	1
104	315	2
104	316	3
104	319	1
104	322	2
104	323	1
104	327	1
104	330	2
104	331	1
104	333	1
104	339	5
104	340	2
104	343	2
104	345	1
104	346	1
104	353	1
104	356	1
104	358	6
104	360	2
104	362	1
104	363	1
104	364	2
104	367	2
104	370	1
104	376	1
104	382	4
104	387	4
104	390	1
104	393	1
104	395	3
104	396	1
104	397	1
104	404	2
104	410	1
104	411	3
104	412	1
104	416	1
104	419	1
104	423	1
104	428	1
104	432	1
104	434	1
104	435	1
104	436	2
104	438	1
104	439	1
104	442	1
104	444	1
104	452	1
104	463	1
104	468	1
104	469	2
104	471	1
104	472	2
104	475	1
104	478	1
104	486	2
104	489	2
104	490	1
104	491	1
104	492	1
104	493	1
104	494	1
104	496	2
104	500	2
104	501	1
104	502	1
104	503	1
104	505	2
104	506	4
104	507	2
104	509	1
104	512	1
104	517	1
104	518	2
104	528	2
104	531	1
104	539	1
104	547	1
104	552	4
104	559	2
104	566	2
104	574	1
104	577	1
104	578	3
104	580	2
104	587	1
104	591	1
104	593	1
105	107	1
105	108	3
105	114	1
105	116	2
105	117	1
105	118	2
105	120	2
105	122	3
105	123	1
105	126	1
105	127	1
105	130	1
105	131	1
105	134	1
105	139	1
105	142	1
105	146	1
105	147	1
105	154	1
105	155	1
105	162	1
105	164	2
105	165	1
105	170	1
105	173	1
105	176	1
105	181	3
105	184	3
105	186	1
105	191	1
105	195	1
105	199	3
105	201	1
105	206	1
105	211	3
105	212	6
105	216	3
105	218	3
105	221	1
105	222	1
105	227	1
105	231	1
105	232	1
105	237	1
105	240	1
105	241	3
105	242	2
105	246	1
105	254	1
105	255	3
105	258	1
105	259	2
105	260	1
105	262	1
105	263	3
105	265	2
105	268	1
105	274	1
105	281	1
105	289	1
105	291	2
105	297	1
105	298	2
105	302	6
105	306	2
105	315	1
105	316	2
105	317	2
105	318	1
105	321	2
105	327	1
105	329	2
105	331	2
105	337	1
105	339	1
105	344	1
105	346	1
105	353	1
105	355	1
105	362	2
105	363	1
105	364	1
105	366	1
105	373	1
105	375	2
105	376	1
105	381	1
105	393	1
105	395	2
105	397	1
105	404	3
105	410	1
105	411	1
105	412	1
105	416	1
105	423	1
105	432	2
105	434	1
105	435	1
105	439	1
105	441	2
105	442	2
105	450	2
105	451	4
105	452	2
105	454	1
105	456	1
105	462	1
105	467	1
105	468	5
105	469	1
105	481	1
105	492	2
105	500	1
105	501	1
105	506	1
105	507	2
105	514	1
105	517	4
105	522	1
105	525	1
105	530	3
105	537	1
105	539	1
105	541	1
105	552	1
105	559	1
105	560	2
105	561	3
105	572	1
105	574	1
105	577	1
105	580	1
105	591	2
105	592	2
106	107	1
106	117	3
106	120	3
106	121	5
106	128	2
106	133	3
106	180	4
106	185	2
106	201	1
106	222	1
106	235	1
106	258	2
106	264	1
106	273	1
106	342	4
106	395	1
106	489	2
106	557	2
106	575	1
106	576	2
107	108	1
107	109	3
107	111	1
107	117	5
107	118	1
107	120	7
107	121	4
107	124	1
107	126	1
107	128	2
107	131	1
107	133	2
107	135	1
107	136	3
107	140	2
107	149	1
107	153	1
107	158	1
107	160	1
107	161	1
107	163	1
107	164	1
107	171	2
107	173	1
107	177	1
107	178	1
107	180	7
107	184	2
107	185	5
107	186	2
107	187	5
107	190	1
107	194	2
107	211	1
107	212	1
107	214	1
107	220	1
107	222	8
107	226	1
107	229	1
107	239	1
107	241	1
107	243	1
107	250	1
107	255	1
107	258	3
107	261	1
107	262	1
107	266	1
107	273	2
107	285	1
107	291	2
107	292	2
107	294	3
107	295	1
107	300	2
107	305	1
107	315	1
107	317	1
107	340	1
107	342	3
107	345	1
107	347	1
107	348	1
107	353	1
107	359	1
107	362	1
107	376	1
107	395	1
107	396	1
107	399	1
107	426	1
107	428	1
107	440	2
107	442	1
107	444	1
107	446	1
107	450	1
107	461	1
107	466	1
107	467	1
107	489	1
107	506	2
107	510	1
107	511	2
107	513	1
107	517	2
107	518	1
107	528	2
107	537	1
107	540	1
107	557	4
107	560	1
107	561	3
107	567	1
107	571	1
107	576	1
107	577	1
107	578	1
107	582	1
108	109	1
108	115	1
108	116	2
108	120	5
108	122	3
108	123	1
108	126	1
108	127	1
108	128	1
108	137	1
108	139	5
108	140	2
108	141	1
108	146	2
108	147	1
108	149	1
108	150	1
108	154	2
108	155	1
108	160	1
108	162	8
108	164	2
108	171	1
108	173	3
108	175	1
108	176	1
108	177	1
108	178	1
108	180	2
108	182	2
108	184	7
108	185	2
108	186	1
108	187	2
108	191	1
108	194	1
108	199	1
108	200	1
108	204	1
108	208	4
108	209	2
108	210	1
108	211	1
108	212	4
108	217	1
108	218	20
108	220	2
108	227	6
108	233	2
108	234	1
108	236	2
108	239	1
108	241	1
108	244	3
108	248	2
108	250	4
108	255	1
108	259	3
108	260	2
108	262	2
108	263	5
108	264	1
108	267	4
108	270	1
108	271	1
108	274	2
108	277	1
108	279	2
108	280	2
108	283	2
108	285	1
108	287	1
108	288	2
108	291	5
108	292	3
108	294	3
108	295	1
108	298	1
108	299	3
108	301	1
108	302	2
108	303	1
108	305	1
108	307	1
108	309	1
108	315	1
108	317	2
108	318	4
108	322	1
108	328	2
108	330	1
108	333	1
108	335	1
108	337	1
108	338	1
108	344	1
108	345	1
108	347	1
108	357	1
108	358	4
108	359	1
108	360	4
108	362	2
108	363	1
108	375	3
108	378	1
108	390	4
108	393	1
108	394	2
108	397	2
108	410	1
108	411	1
108	413	1
108	416	2
108	418	1
108	420	1
108	423	1
108	432	1
108	434	1
108	435	1
108	436	3
108	439	1
108	441	1
108	444	2
108	448	1
108	450	1
108	451	4
108	452	1
108	458	1
108	459	1
108	463	7
108	477	2
108	478	1
108	481	2
108	485	2
108	489	3
108	492	1
108	503	1
108	506	1
108	509	1
108	511	2
108	514	1
108	515	1
108	518	3
108	525	1
108	528	1
108	530	3
108	537	3
108	541	2
108	545	1
108	547	1
108	559	1
108	560	1
108	572	1
108	578	2
108	588	1
108	593	1
109	111	1
109	117	3
109	121	3
109	126	2
109	128	2
109	131	2
109	133	1
109	136	2
109	140	1
109	152	1
109	153	2
109	158	1
109	160	1
109	163	2
109	164	1
109	173	1
109	177	1
109	180	2
109	185	4
109	187	1
109	190	1
109	194	1
109	211	1
109	212	2
109	214	1
109	216	1
109	220	1
109	222	3
109	223	1
109	226	2
109	227	1
109	229	3
109	241	2
109	243	1
109	250	2
109	255	1
109	258	1
109	261	1
109	262	3
109	266	1
109	274	1
109	285	1
109	291	1
109	292	1
109	294	1
109	295	1
109	298	1
109	300	1
109	305	1
109	312	1
109	327	1
109	342	2
109	345	1
109	347	2
109	353	1
109	355	1
109	358	1
109	359	1
109	362	1
109	372	1
109	395	1
109	399	1
109	426	1
109	432	1
109	440	1
109	442	3
109	444	1
109	454	2
109	460	1
109	489	1
109	492	1
109	506	1
109	510	1
109	511	1
109	518	2
109	528	1
109	540	1
109	556	1
109	557	1
109	560	1
109	567	1
109	582	1
110	111	1
110	112	1
110	127	1
110	129	1
110	130	1
110	145	1
110	151	1
110	158	1
110	162	1
110	170	1
110	172	2
110	174	2
110	176	1
110	178	1
110	186	1
110	190	1
110	197	1
110	205	1
110	206	1
110	215	1
110	219	1
110	225	2
110	232	1
110	236	2
110	238	2
110	241	1
110	242	1
110	246	1
110	253	2
110	264	1
110	265	1
110	277	2
110	280	1
110	282	1
110	292	1
110	293	3
110	294	3
110	295	1
110	302	1
110	303	2
110	314	1
110	318	1
110	319	1
110	322	1
110	334	1
110	337	1
110	346	1
110	352	1
110	356	2
110	358	1
110	363	1
110	365	2
110	373	1
110	379	1
110	382	1
110	383	1
110	384	1
110	387	4
110	396	1
110	408	1
110	411	1
110	413	1
110	419	2
110	420	1
110	426	3
110	431	1
110	434	1
110	436	1
110	439	1
110	447	1
110	456	1
110	458	1
110	461	1
110	466	1
110	469	1
110	470	1
110	473	1
110	477	1
110	492	1
110	497	1
110	512	1
110	525	1
110	526	1
110	527	1
110	531	1
110	534	1
110	535	2
110	536	1
110	545	1
110	548	1
110	552	1
110	554	2
110	559	3
110	580	2
110	598	1
110	599	1
111	117	2
111	121	2
111	123	1
111	126	1
111	128	2
111	129	1
111	130	5
111	131	2
111	136	1
111	140	1
111	141	1
111	142	2
111	143	2
111	146	1
111	147	1
111	153	1
111	157	1
111	158	1
111	160	1
111	164	2
111	165	2
111	172	2
111	173	2
111	176	1
111	177	1
111	178	1
111	180	1
111	185	1
111	188	1
111	190	1
111	192	1
111	194	2
111	199	1
111	201	1
111	209	1
111	211	1
111	212	2
111	220	1
111	222	1
111	226	1
111	229	1
111	237	1
111	241	5
111	243	1
111	246	1
111	248	2
111	249	2
111	250	2
111	255	1
111	262	1
111	264	1
111	265	1
111	266	1
111	277	2
111	280	1
111	281	1
111	282	2
111	285	1
111	291	1
111	292	1
111	294	1
111	300	2
111	302	1
111	305	1
111	306	1
111	311	1
111	319	1
111	330	1
111	337	1
111	339	1
111	342	1
111	343	1
111	347	1
111	353	2
111	355	3
111	358	1
111	359	1
111	360	1
111	361	1
111	362	1
111	363	2
111	366	1
111	374	1
111	382	1
111	393	1
111	395	1
111	396	1
111	398	1
111	399	1
111	402	1
111	403	1
111	408	3
111	411	1
111	412	1
111	419	1
111	426	1
111	434	2
111	442	1
111	444	1
111	468	2
111	486	1
111	489	1
111	491	1
111	506	1
111	507	1
111	512	1
111	518	1
111	522	1
111	527	2
111	528	1
111	539	2
111	540	1
111	552	6
111	566	2
111	567	1
111	579	1
111	580	1
111	598	1
112	113	2
112	114	1
112	117	3
112	119	1
112	129	2
112	132	1
112	145	1
112	151	1
112	156	1
112	158	1
112	165	3
112	166	1
112	167	2
112	170	1
112	172	1
112	176	1
112	178	3
112	186	1
112	192	2
112	197	3
112	198	1
112	200	1
112	205	14
112	206	1
112	207	1
112	212	1
112	219	1
112	224	1
112	236	1
112	238	1
112	241	3
112	248	2
112	249	3
112	250	1
112	252	3
112	253	1
112	256	1
112	264	1
112	271	3
112	276	1
112	280	3
112	282	1
112	284	1
112	293	2
112	294	2
112	295	3
112	300	2
112	303	4
112	314	1
112	318	1
112	339	2
112	349	1
112	353	1
112	358	1
112	363	3
112	367	1
112	368	1
112	379	1
112	387	1
112	391	1
112	393	1
112	400	1
112	401	1
112	402	1
112	403	1
112	406	2
112	413	3
112	426	1
112	428	1
112	439	1
112	447	1
112	469	1
112	472	5
112	477	1
112	484	1
112	486	2
112	490	2
112	493	1
112	501	1
112	507	2
112	518	1
112	525	1
112	538	1
112	539	1
112	548	6
112	552	2
112	554	1
112	566	2
112	578	1
112	580	1
113	118	1
113	120	1
113	122	1
113	129	1
113	130	1
113	136	2
113	137	2
113	139	1
113	142	1
113	143	1
113	148	1
113	149	1
113	151	1
113	154	1
113	156	3
113	157	1
113	158	1
113	159	1
113	161	1
113	162	1
113	166	1
113	167	2
113	172	1
113	182	1
113	184	1
113	191	1
113	198	2
113	199	2
113	200	1
113	202	1
113	204	1
113	205	2
113	209	1
113	218	2
113	220	2
113	222	1
113	227	1
113	235	2
113	243	1
113	244	1
113	248	3
113	250	1
113	251	1
113	254	1
113	259	1
113	262	1
113	263	2
113	264	2
113	270	1
113	277	1
113	279	1
113	282	1
113	288	2
113	289	1
113	291	1
113	292	1
113	294	2
113	295	1
113	300	1
113	303	1
113	306	2
113	309	1
113	310	1
113	318	3
113	319	1
113	320	1
113	322	1
113	327	1
113	330	1
113	342	1
113	343	1
113	346	1
113	350	2
113	351	1
113	353	1
113	358	2
113	359	1
113	360	1
113	362	4
113	364	1
113	367	1
113	368	1
113	372	1
113	373	2
113	375	1
113	397	1
113	399	1
113	400	1
113	404	1
113	410	1
113	416	1
113	428	1
113	434	1
113	437	2
113	439	1
113	451	1
113	466	1
113	468	1
113	470	1
113	472	1
113	473	1
113	480	1
113	482	1
113	485	1
113	492	1
113	501	2
113	502	1
113	505	3
113	509	1
113	518	1
113	528	1
113	535	1
113	538	1
113	539	1
113	540	1
113	544	1
113	552	1
113	572	1
113	574	1
113	579	1
113	593	1
113	599	1
114	116	5
114	117	2
114	119	3
114	120	1
114	122	2
114	123	2
114	124	2
114	128	1
114	129	2
114	130	5
114	132	1
114	134	3
114	136	1
114	139	1
114	141	2
114	142	2
114	143	2
114	150	1
114	151	3
114	154	1
114	155	2
114	156	3
114	157	1
114	158	3
114	160	1
114	165	9
114	169	2
114	172	4
114	173	3
114	174	1
114	176	3
114	181	6
114	183	2
114	184	4
114	186	1
114	187	1
114	188	1
114	189	1
114	192	4
114	194	1
114	195	1
114	197	2
114	198	2
114	199	3
114	201	2
114	204	3
114	205	3
114	207	3
114	209	1
114	210	1
114	211	4
114	212	5
114	215	1
114	218	1
114	220	1
114	221	2
114	222	3
114	223	1
114	224	1
114	230	1
114	231	1
114	234	1
114	235	4
114	236	2
114	237	2
114	238	2
114	240	5
114	241	8
114	244	1
114	246	1
114	248	1
114	249	2
114	250	2
114	252	1
114	253	8
114	255	1
114	256	2
114	257	3
114	258	1
114	259	6
114	260	2
114	261	1
114	264	4
114	265	7
114	267	2
114	268	1
114	269	1
114	270	2
114	271	4
114	272	2
114	274	2
114	276	2
114	277	12
114	278	2
114	280	2
114	281	6
114	282	5
114	284	2
114	286	1
114	289	4
114	290	3
114	293	1
114	294	2
114	295	1
114	297	3
114	301	1
114	302	6
114	305	1
114	306	2
114	308	2
114	315	2
114	317	2
114	318	2
114	319	1
114	321	1
114	322	2
114	327	1
114	329	2
114	330	3
114	331	1
114	339	1
114	340	6
114	341	1
114	343	4
114	344	2
114	349	1
114	352	1
114	355	1
114	356	2
114	357	2
114	358	3
114	359	2
114	360	4
114	362	13
114	363	7
114	364	3
114	365	3
114	366	1
114	367	1
114	368	1
114	370	1
114	373	4
114	376	1
114	380	1
114	381	1
114	382	2
114	387	6
114	390	1
114	391	1
114	393	1
114	395	2
114	397	1
114	398	1
114	401	1
114	402	2
114	406	4
114	408	1
114	410	1
114	411	5
114	412	2
114	416	4
114	419	2
114	426	2
114	434	2
114	438	1
114	440	1
114	442	1
114	447	1
114	448	1
114	451	1
114	452	2
114	453	1
114	455	1
114	458	2
114	466	2
114	473	3
114	475	1
114	477	2
114	481	1
114	484	1
114	486	2
114	492	2
114	500	4
114	501	3
114	503	2
114	505	1
114	507	9
114	517	1
114	518	3
114	525	2
114	526	1
114	527	1
114	530	1
114	533	1
114	537	4
114	538	2
114	539	8
114	545	3
114	552	5
114	559	3
114	567	2
114	568	2
114	578	1
114	580	3
114	591	2
114	593	6
114	595	2
115	120	1
115	122	1
115	150	1
115	166	1
115	176	1
115	180	1
115	191	1
115	208	1
115	209	1
115	218	1
115	260	1
115	271	1
115	299	1
115	302	1
115	333	1
115	353	1
115	358	2
115	370	1
115	436	1
115	458	1
115	463	1
115	506	1
115	518	1
116	117	1
116	118	1
116	120	2
116	123	1
116	130	1
116	131	1
116	134	1
116	136	1
116	137	1
116	146	3
116	147	1
116	149	1
116	154	1
116	155	1
116	156	1
116	164	1
116	165	1
116	170	1
116	173	3
116	176	1
116	177	1
116	181	1
116	182	1
116	184	4
116	186	2
116	195	1
116	199	3
116	201	2
116	206	1
116	209	1
116	211	2
116	212	5
116	220	1
116	221	1
116	222	1
116	225	1
116	237	1
116	240	1
116	241	3
116	244	1
116	248	2
116	249	1
116	255	3
116	256	1
116	259	3
116	260	1
116	263	1
116	265	3
116	268	1
116	271	1
116	278	1
116	281	1
116	282	2
116	284	1
116	285	1
116	289	1
116	296	2
116	297	1
116	298	1
116	301	1
116	302	1
116	316	1
116	317	3
116	318	3
116	321	1
116	324	1
116	327	1
116	328	2
116	329	1
116	343	1
116	344	1
116	353	1
116	355	2
116	360	2
116	362	3
116	363	1
116	366	1
116	373	1
116	376	1
116	381	1
116	390	2
116	397	3
116	404	1
116	416	1
116	418	1
116	423	2
116	426	1
116	432	1
116	434	1
116	435	1
116	439	1
116	442	1
116	458	1
116	468	1
116	469	1
116	471	1
116	473	1
116	475	2
116	478	1
116	500	1
116	501	3
116	506	2
116	507	1
116	517	3
116	518	1
116	521	1
116	525	2
116	531	1
116	537	8
116	539	2
116	552	1
116	574	2
116	580	1
117	118	1
117	120	4
117	121	7
117	123	3
117	126	1
117	128	10
117	129	2
117	130	1
117	131	3
117	132	1
117	133	6
117	134	2
117	136	2
117	140	1
117	141	2
117	143	2
117	146	2
117	147	1
117	150	1
117	151	2
117	152	1
117	153	2
117	156	1
117	157	2
117	158	3
117	160	1
117	164	3
117	165	5
117	170	1
117	171	2
117	173	5
117	174	1
117	176	1
117	177	1
117	178	2
117	180	6
117	181	7
117	184	2
117	185	6
117	186	2
117	187	1
117	188	1
117	189	1
117	190	2
117	192	3
117	194	1
117	197	2
117	199	1
117	204	2
117	205	4
117	206	1
117	207	1
117	209	1
117	210	1
117	211	2
117	212	4
117	216	1
117	218	1
117	221	2
117	222	7
117	223	1
117	224	2
117	226	2
117	227	1
117	229	1
117	235	1
117	237	1
117	238	1
117	239	1
117	241	7
117	242	1
117	243	1
117	246	1
117	248	3
117	249	4
117	250	4
117	252	2
117	253	1
117	255	2
117	258	5
117	259	1
117	262	2
117	263	1
117	264	2
117	265	4
117	266	2
117	267	1
117	270	1
117	271	2
117	272	1
117	273	1
117	274	2
117	276	2
117	277	2
117	278	1
117	280	1
117	281	2
117	282	3
117	285	1
117	286	2
117	289	4
117	290	1
117	291	3
117	292	2
117	293	4
117	294	5
117	295	2
117	297	2
117	298	2
117	300	3
117	302	1
117	303	2
117	305	1
117	308	1
117	312	1
117	316	1
117	319	1
117	322	1
117	327	3
117	331	2
117	339	2
117	340	2
117	342	4
117	343	4
117	345	1
117	346	1
117	347	2
117	352	1
117	353	3
117	355	2
117	356	1
117	358	5
117	359	1
117	360	2
117	361	1
117	362	2
117	363	3
117	366	1
117	367	2
117	370	1
117	372	1
117	373	1
117	376	1
117	379	1
117	381	1
117	387	1
117	391	1
117	394	1
117	395	4
117	397	1
117	399	1
117	400	1
117	403	1
117	404	1
117	406	2
117	411	4
117	412	1
117	413	1
117	416	3
117	421	1
117	423	1
117	426	1
117	432	2
117	434	2
117	439	1
117	442	3
117	444	1
117	448	1
117	452	1
117	461	1
117	466	1
117	468	1
117	469	1
117	472	3
117	486	4
117	489	2
117	490	2
117	491	1
117	492	3
117	500	2
117	501	1
117	506	2
117	507	3
117	512	1
117	513	1
117	517	2
117	518	4
117	528	1
117	530	1
117	537	1
117	540	1
117	545	2
117	552	5
117	556	1
117	557	3
117	559	1
117	561	1
117	566	2
117	567	1
117	574	1
117	575	2
117	576	2
117	578	1
117	579	1
117	580	1
117	591	1
117	598	1
118	119	1
118	120	1
118	122	2
118	123	1
118	124	3
118	129	1
118	130	2
118	131	5
118	136	3
118	137	1
118	141	1
118	142	1
118	143	1
118	146	3
118	147	1
118	148	1
118	149	2
118	150	1
118	151	1
118	153	1
118	154	2
118	156	1
118	157	2
118	160	1
118	162	1
118	163	2
118	164	2
118	169	2
118	170	1
118	172	2
118	173	1
118	177	3
118	181	2
118	184	1
118	185	1
118	186	1
118	189	1
118	191	2
118	198	1
118	199	1
118	204	1
118	206	1
118	209	1
118	211	2
118	212	1
118	216	2
118	218	4
118	220	2
118	221	1
118	222	2
118	227	1
118	228	1
118	230	1
118	232	1
118	235	1
118	241	2
118	243	1
118	244	1
118	246	1
118	247	1
118	248	1
118	250	2
118	251	1
118	254	1
118	255	1
118	259	1
118	262	1
118	263	5
118	264	1
118	265	1
118	270	1
118	277	1
118	281	1
118	282	1
118	285	2
118	288	2
118	289	1
118	291	4
118	292	2
118	295	1
118	297	1
118	298	2
118	302	5
118	303	1
118	305	1
118	309	2
118	314	1
118	316	2
118	318	2
118	322	2
118	326	1
118	327	1
118	330	1
118	336	2
118	339	1
118	342	1
118	343	2
118	346	1
118	350	1
118	351	3
118	352	1
118	353	2
118	355	1
118	358	3
118	360	1
118	362	1
118	364	1
118	365	1
118	367	1
118	368	1
118	376	1
118	379	1
118	381	1
118	395	3
118	397	3
118	399	1
118	404	2
118	410	1
118	413	1
118	415	1
118	416	2
118	423	2
118	432	1
118	434	1
118	435	1
118	436	1
118	439	2
118	441	2
118	442	1
118	451	2
118	454	1
118	455	1
118	466	1
118	468	3
118	469	2
118	470	1
118	473	1
118	478	1
118	480	1
118	481	1
118	482	1
118	485	1
118	492	2
118	494	1
118	500	1
118	501	1
118	502	1
118	505	1
118	506	3
118	509	1
118	513	1
118	517	1
118	521	1
118	528	1
118	537	1
118	539	1
118	540	1
118	544	1
118	545	1
118	552	1
118	556	1
118	572	1
118	574	2
118	580	2
118	588	1
118	591	1
118	592	1
118	593	1
119	123	1
119	124	1
119	129	1
119	130	1
119	134	1
119	138	1
119	139	2
119	141	1
119	143	1
119	149	2
119	151	1
119	153	1
119	158	1
119	159	1
119	162	1
119	165	3
119	176	1
119	178	1
119	183	1
119	184	1
119	186	1
119	188	1
119	203	2
119	209	2
119	210	1
119	213	2
119	215	1
119	218	2
119	219	1
119	220	1
119	221	1
119	233	1
119	237	1
119	241	4
119	244	1
119	248	1
119	249	1
119	252	2
119	253	2
119	259	1
119	260	1
119	261	1
119	265	1
119	270	1
119	272	1
119	274	1
119	277	1
119	280	1
119	281	2
119	283	2
119	291	1
119	292	1
119	293	1
119	295	2
119	297	3
119	300	1
119	302	3
119	303	2
119	306	1
119	311	1
119	315	2
119	316	1
119	318	1
119	319	1
119	322	1
119	330	1
119	339	2
119	341	2
119	346	1
119	356	1
119	357	1
119	360	2
119	362	1
119	364	2
119	365	2
119	373	1
119	380	1
119	387	1
119	390	1
119	391	1
119	393	1
119	397	1
119	398	2
119	410	1
119	416	1
119	418	1
119	434	4
119	438	2
119	440	2
119	442	1
119	451	2
119	452	1
119	453	1
119	455	1
119	463	1
119	466	2
119	467	1
119	468	1
119	471	1
119	486	1
119	500	1
119	501	1
119	503	1
119	506	1
119	514	1
119	518	1
119	526	1
119	538	1
119	539	1
119	541	1
119	545	1
119	552	1
119	567	1
119	568	2
119	578	1
119	580	1
119	589	1
119	591	2
120	121	4
120	122	4
120	127	1
120	128	2
120	129	1
120	130	1
120	133	6
120	135	1
120	136	3
120	137	1
120	139	1
120	140	1
120	142	1
120	143	1
120	144	1
120	147	1
120	148	1
120	149	2
120	150	1
120	151	1
120	154	2
120	156	1
120	157	1
120	159	1
120	160	1
120	161	1
120	171	2
120	172	1
120	173	2
120	176	1
120	178	2
120	180	10
120	181	1
120	184	3
120	185	2
120	186	1
120	187	3
120	191	2
120	194	2
120	195	1
120	198	1
120	204	1
120	208	2
120	209	3
120	211	1
120	214	2
120	218	4
120	220	4
120	222	5
120	235	1
120	239	1
120	241	1
120	243	1
120	244	2
120	248	1
120	249	1
120	250	2
120	251	1
120	254	1
120	256	1
120	258	4
120	259	2
120	260	2
120	261	1
120	262	1
120	263	2
120	270	1
120	271	1
120	273	1
120	277	1
120	278	1
120	282	4
120	283	1
120	284	1
120	288	2
120	289	1
120	291	3
120	292	3
120	294	5
120	295	2
120	298	1
120	299	2
120	301	1
120	303	1
120	309	1
120	310	1
120	317	1
120	318	1
120	319	1
120	321	1
120	322	1
120	324	2
120	330	1
120	333	1
120	340	1
120	342	2
120	343	2
120	346	1
120	347	1
120	348	2
120	350	1
120	351	1
120	353	1
120	355	1
120	358	4
120	360	1
120	362	2
120	364	1
120	367	1
120	368	1
120	390	1
120	394	1
120	396	1
120	397	1
120	398	1
120	399	1
120	404	1
120	408	1
120	410	1
120	416	1
120	428	1
120	430	1
120	436	2
120	440	1
120	444	1
120	445	1
120	446	1
120	450	2
120	451	1
120	461	1
120	463	1
120	466	2
120	467	1
120	470	1
120	473	2
120	475	1
120	480	1
120	482	1
120	485	2
120	489	1
120	492	1
120	502	1
120	505	1
120	506	2
120	509	1
120	517	1
120	518	2
120	528	2
120	537	2
120	539	1
120	540	1
120	544	1
120	557	2
120	560	1
120	561	4
120	571	1
120	572	1
120	574	1
120	575	1
120	576	1
120	577	1
120	578	1
120	593	2
121	126	1
121	128	5
121	131	2
121	133	3
121	136	2
121	140	2
121	141	1
121	143	1
121	146	1
121	152	1
121	153	2
121	157	1
121	158	1
121	160	1
121	164	2
121	165	1
121	171	1
121	173	1
121	175	1
121	176	1
121	177	1
121	180	7
121	181	1
121	185	6
121	187	1
121	190	1
121	192	1
121	194	1
121	211	1
121	212	3
121	216	1
121	222	5
121	226	2
121	227	2
121	229	1
121	237	1
121	239	1
121	241	3
121	243	1
121	248	1
121	250	2
121	255	1
121	258	5
121	261	1
121	262	2
121	264	1
121	265	1
121	266	2
121	273	1
121	274	1
121	277	1
121	281	1
121	282	2
121	285	1
121	291	2
121	292	1
121	294	2
121	298	1
121	300	1
121	305	1
121	312	1
121	319	1
121	327	1
121	342	9
121	343	1
121	347	2
121	353	2
121	355	3
121	358	2
121	359	1
121	360	1
121	361	1
121	362	1
121	366	1
121	372	1
121	395	2
121	399	1
121	403	1
121	408	1
121	412	1
121	426	1
121	430	1
121	432	1
121	434	1
121	442	2
121	444	1
121	446	1
121	486	1
121	489	2
121	491	1
121	492	1
121	506	1
121	507	1
121	512	1
121	517	1
121	518	2
121	528	1
121	540	1
121	552	1
121	557	4
121	567	1
121	576	2
121	579	1
121	598	1
122	127	1
122	128	1
122	129	1
122	130	1
122	136	1
122	137	2
122	139	1
122	140	2
122	142	3
122	143	1
122	148	1
122	149	1
122	150	1
122	151	1
122	154	1
122	156	2
122	157	1
122	158	2
122	164	1
122	172	3
122	176	1
122	180	1
122	184	2
122	187	1
122	191	3
122	198	1
122	201	1
122	204	1
122	207	1
122	208	2
122	209	3
122	211	3
122	212	2
122	216	1
122	218	3
122	222	1
122	225	1
122	228	1
122	234	1
122	235	1
122	237	1
122	241	2
122	243	1
122	244	1
122	248	1
122	249	1
122	250	1
122	251	1
122	253	1
122	254	1
122	255	1
122	258	2
122	259	1
122	260	2
122	262	1
122	263	1
122	268	1
122	270	1
122	271	1
122	277	3
122	282	1
122	288	1
122	289	2
122	291	2
122	292	2
122	295	1
122	296	1
122	299	2
122	302	5
122	303	1
122	309	1
122	315	2
122	316	1
122	318	2
122	321	2
122	322	1
122	329	2
122	330	2
122	333	1
122	339	3
122	340	1
122	342	1
122	343	2
122	346	2
122	347	1
122	350	1
122	351	1
122	353	1
122	358	3
122	360	1
122	361	1
122	362	1
122	363	1
122	364	4
122	367	1
122	368	1
122	373	1
122	375	1
122	387	1
122	390	1
122	393	1
122	395	3
122	397	2
122	399	1
122	404	1
122	408	1
122	410	2
122	414	1
122	416	1
122	418	2
122	428	1
122	432	1
122	435	2
122	436	2
122	437	2
122	442	1
122	445	1
122	450	1
122	451	1
122	462	1
122	463	1
122	466	1
122	468	2
122	470	1
122	473	1
122	480	1
122	482	1
122	485	1
122	489	1
122	490	1
122	492	1
122	494	1
122	495	1
122	501	1
122	502	1
122	505	1
122	506	1
122	507	1
122	509	1
122	517	1
122	518	2
122	528	4
122	530	2
122	533	1
122	539	2
122	540	1
122	541	1
122	544	1
122	547	1
122	560	1
122	568	1
122	572	2
122	574	2
122	591	1
122	593	1
123	124	1
123	130	1
123	131	1
123	134	1
123	142	1
123	146	1
123	147	2
123	149	2
123	156	2
123	164	1
123	165	2
123	170	1
123	173	3
123	179	3
123	181	2
123	183	1
123	186	1
123	199	2
123	201	3
123	204	2
123	206	1
123	210	1
123	211	1
123	212	1
123	215	1
123	221	1
123	222	1
123	241	2
123	248	1
123	250	1
123	253	2
123	255	1
123	257	1
123	260	1
123	263	1
123	265	4
123	274	1
123	281	1
123	282	2
123	289	2
123	297	2
123	298	1
123	300	1
123	301	1
123	302	1
123	306	2
123	316	1
123	319	1
123	327	1
123	330	1
123	338	1
123	343	1
123	353	1
123	356	1
123	357	1
123	360	2
123	362	1
123	364	1
123	365	1
123	376	1
123	380	1
123	381	1
123	387	2
123	395	2
123	397	3
123	404	1
123	411	2
123	416	3
123	421	1
123	423	1
123	432	1
123	434	2
123	438	1
123	439	1
123	442	2
123	448	1
123	451	1
123	455	1
123	468	1
123	469	1
123	506	1
123	517	1
123	526	1
123	537	3
123	538	2
123	539	1
123	545	2
123	552	1
123	556	1
123	559	1
123	567	1
123	568	1
123	574	1
123	580	2
124	131	2
124	132	1
124	141	1
124	146	1
124	149	1
124	153	1
124	156	1
124	157	1
124	158	2
124	163	1
124	165	1
124	177	2
124	184	1
124	204	3
124	209	1
124	214	1
124	216	1
124	218	2
124	221	1
124	227	1
124	237	1
124	241	1
124	253	1
124	257	1
124	260	2
124	261	1
124	263	2
124	270	1
124	272	1
124	281	1
124	283	1
124	288	1
124	302	1
124	318	1
124	343	1
124	348	2
124	352	1
124	360	2
124	364	1
124	365	1
124	371	1
124	373	1
124	376	1
124	379	1
124	381	1
124	398	1
124	410	1
124	415	1
124	418	2
124	432	1
124	434	1
124	454	1
124	463	1
124	476	1
124	486	1
124	489	1
124	503	2
124	507	1
124	513	1
124	517	1
124	518	1
124	525	1
124	539	3
124	545	1
124	556	1
124	580	1
124	591	2
125	137	1
125	138	1
125	139	1
125	147	1
125	149	1
125	154	10
125	159	9
125	162	2
125	163	1
125	164	1
125	175	1
125	176	1
125	177	1
125	188	1
125	190	1
125	200	1
125	216	1
125	220	1
125	224	1
125	225	1
125	226	1
125	227	10
125	232	2
125	234	8
125	241	1
125	244	1
125	261	1
125	263	2
125	282	1
125	288	1
125	291	2
125	292	2
125	298	1
125	299	1
125	305	1
125	333	5
125	343	1
125	354	1
125	359	1
125	368	1
125	393	1
125	412	1
125	415	1
125	432	1
125	434	1
125	442	1
125	444	1
125	452	1
125	453	2
125	454	1
125	457	1
125	459	1
125	461	1
125	465	1
125	476	1
125	492	1
125	512	1
125	513	1
125	514	1
125	525	1
125	533	1
125	562	3
125	567	1
125	587	1
126	127	1
126	128	1
126	131	2
126	136	1
126	140	1
126	141	1
126	153	2
126	158	1
126	160	2
126	162	1
126	163	1
126	164	1
126	173	1
126	177	1
126	179	1
126	180	1
126	184	1
126	185	1
126	190	3
126	191	2
126	194	1
126	211	1
126	212	2
126	214	1
126	216	1
126	218	1
126	220	1
126	222	3
126	223	2
126	225	1
126	226	1
126	227	1
126	229	1
126	232	1
126	241	1
126	243	1
126	244	1
126	248	1
126	249	1
126	250	1
126	255	1
126	259	1
126	261	1
126	262	1
126	273	1
126	285	1
126	291	1
126	292	2
126	294	1
126	295	1
126	300	1
126	302	1
126	305	1
126	318	1
126	320	1
126	337	1
126	342	1
126	347	1
126	353	1
126	358	1
126	359	1
126	362	1
126	365	1
126	375	1
126	387	1
126	395	1
126	399	1
126	426	1
126	428	1
126	441	2
126	442	1
126	444	1
126	450	1
126	451	2
126	452	1
126	454	2
126	456	1
126	457	1
126	458	2
126	460	1
126	471	2
126	501	1
126	506	1
126	507	1
126	510	1
126	514	1
126	517	1
126	518	1
126	525	1
126	528	2
126	540	1
126	556	2
126	559	1
126	561	2
126	567	2
126	582	1
126	592	1
127	130	1
127	131	1
127	133	1
127	139	1
127	142	1
127	147	1
127	156	1
127	162	1
127	164	1
127	173	1
127	174	1
127	177	1
127	178	1
127	184	1
127	186	1
127	187	1
127	188	1
127	191	1
127	204	1
127	208	1
127	212	1
127	213	1
127	215	1
127	218	1
127	227	1
127	232	1
127	251	1
127	258	1
127	259	1
127	264	3
127	274	1
127	283	2
127	285	1
127	291	2
127	294	1
127	299	1
127	302	1
127	306	1
127	323	1
127	334	1
127	337	1
127	338	1
127	339	1
127	358	1
127	364	2
127	375	1
127	387	1
127	391	1
127	411	1
127	412	2
127	426	1
127	428	1
127	435	1
127	438	1
127	439	2
127	441	1
127	444	1
127	445	1
127	451	1
127	462	1
127	476	1
127	477	1
127	514	1
127	525	1
127	559	1
127	561	1
127	578	1
127	587	1
128	131	1
128	133	2
128	134	1
128	136	2
128	152	1
128	153	1
128	158	1
128	160	1
128	164	1
128	171	1
128	173	2
128	177	1
128	180	3
128	181	3
128	185	5
128	188	1
128	189	1
128	190	1
128	191	1
128	194	1
128	204	1
128	207	1
128	208	1
128	209	1
128	211	1
128	212	2
128	214	1
128	216	1
128	220	1
128	222	3
128	223	1
128	226	2
128	227	1
128	229	1
128	241	3
128	243	1
128	250	3
128	255	1
128	258	3
128	259	1
128	260	1
128	262	2
128	264	1
128	266	1
128	272	1
128	273	1
128	274	1
128	278	1
128	285	1
128	286	1
128	289	1
128	290	1
128	291	1
128	293	1
128	294	1
128	298	1
128	299	1
128	300	1
128	305	1
128	306	1
128	312	1
128	327	2
128	331	1
128	340	1
128	342	5
128	343	1
128	347	2
128	353	1
128	355	1
128	358	2
128	359	1
128	360	1
128	362	1
128	367	1
128	372	1
128	374	1
128	395	2
128	399	1
128	411	1
128	426	1
128	432	1
128	436	1
128	442	2
128	444	1
128	452	1
128	489	2
128	492	2
128	500	1
128	501	1
128	506	2
128	518	2
128	528	2
128	540	1
128	547	1
128	557	2
128	567	2
128	575	1
128	576	3
128	580	1
129	130	2
129	132	2
129	136	1
129	137	1
129	141	1
129	142	3
129	143	3
129	148	1
129	149	1
129	150	2
129	151	2
129	154	1
129	156	3
129	157	2
129	158	2
129	165	2
129	172	1
129	174	4
129	178	3
129	184	1
129	188	2
129	191	1
129	192	1
129	198	1
129	204	1
129	205	2
129	209	2
129	213	1
129	218	1
129	221	1
129	222	1
129	224	2
129	235	3
129	238	3
129	243	1
129	244	1
129	248	1
129	249	2
129	250	1
129	251	1
129	252	1
129	253	2
129	254	1
129	259	1
129	262	1
129	263	1
129	264	1
129	267	1
129	270	2
129	274	1
129	276	3
129	277	3
129	280	6
129	282	4
129	283	2
129	288	1
129	289	1
129	291	1
129	292	1
129	293	3
129	294	2
129	295	1
129	297	1
129	300	2
129	303	5
129	308	1
129	309	1
129	311	3
129	318	1
129	322	4
129	330	2
129	342	1
129	343	1
129	346	1
129	350	1
129	351	1
129	352	2
129	353	1
129	356	5
129	358	4
129	360	1
129	362	2
129	363	2
129	364	2
129	367	1
129	368	1
129	373	1
129	374	2
129	382	1
129	387	5
129	391	1
129	393	2
129	397	1
129	398	1
129	399	1
129	402	1
129	404	1
129	406	2
129	408	1
129	410	1
129	413	1
129	416	1
129	426	1
129	448	1
129	466	2
129	468	1
129	470	1
129	472	1
129	473	1
129	480	1
129	482	1
129	485	1
129	486	1
129	490	1
129	492	1
129	500	2
129	502	1
129	505	1
129	509	1
129	528	1
129	539	1
129	540	1
129	544	1
129	545	1
129	548	1
129	552	1
129	559	1
129	568	1
129	572	1
129	574	1
129	578	1
129	591	1
129	593	1
130	131	1
130	136	1
130	137	1
130	139	1
130	141	1
130	142	2
130	143	5
130	146	1
130	147	1
130	148	1
130	149	1
130	151	2
130	154	1
130	155	1
130	156	3
130	157	1
130	158	1
130	159	1
130	164	1
130	165	1
130	169	1
130	170	2
130	172	1
130	173	1
130	176	1
130	178	1
130	184	2
130	186	1
130	188	1
130	191	1
130	192	1
130	193	1
130	197	2
130	198	1
130	199	1
130	201	1
130	204	1
130	206	2
130	207	2
130	209	1
130	210	1
130	211	1
130	212	1
130	218	1
130	221	1
130	222	2
130	230	1
130	231	1
130	235	1
130	236	1
130	237	1
130	238	1
130	241	4
130	242	1
130	243	1
130	244	1
130	245	2
130	248	2
130	249	2
130	250	1
130	251	1
130	252	1
130	253	1
130	254	1
130	255	1
130	256	1
130	257	1
130	259	1
130	261	1
130	262	1
130	263	2
130	265	2
130	267	1
130	270	2
130	277	6
130	279	1
130	280	1
130	281	2
130	282	1
130	288	1
130	289	1
130	291	1
130	292	1
130	295	2
130	297	2
130	298	1
130	300	3
130	302	1
130	303	1
130	306	2
130	308	1
130	309	1
130	311	1
130	315	1
130	316	3
130	317	1
130	318	1
130	319	1
130	322	3
130	323	1
130	327	1
130	329	1
130	330	2
130	331	2
130	334	1
130	337	1
130	339	1
130	340	1
130	342	1
130	343	1
130	344	1
130	346	1
130	350	1
130	351	2
130	353	2
130	355	2
130	356	1
130	358	2
130	360	2
130	362	2
130	363	3
130	364	2
130	365	1
130	367	1
130	368	1
130	376	2
130	382	2
130	387	1
130	390	1
130	397	2
130	398	2
130	399	1
130	402	2
130	404	2
130	406	2
130	408	4
130	410	3
130	411	1
130	412	1
130	416	3
130	419	1
130	423	1
130	426	2
130	431	1
130	432	1
130	434	4
130	439	2
130	442	1
130	452	1
130	453	1
130	458	1
130	466	2
130	468	3
130	469	1
130	470	1
130	473	1
130	475	1
130	480	1
130	481	1
130	482	1
130	485	1
130	486	1
130	491	1
130	492	3
130	493	1
130	496	1
130	500	1
130	502	1
130	503	1
130	505	2
130	506	1
130	509	1
130	517	1
130	518	1
130	522	1
130	527	2
130	528	1
130	539	3
130	540	1
130	544	1
130	552	15
130	559	2
130	566	2
130	572	1
130	574	2
130	578	1
130	580	2
130	593	1
131	136	2
131	139	1
131	140	1
131	141	2
131	143	1
131	146	3
131	147	2
131	153	1
131	154	1
131	157	2
131	158	2
131	160	3
131	163	1
131	164	4
131	165	1
131	169	1
131	170	1
131	171	1
131	173	3
131	175	1
131	176	1
131	177	4
131	180	1
131	182	1
131	184	1
131	185	2
131	186	1
131	190	1
131	191	1
131	192	3
131	194	1
131	199	2
131	206	1
131	208	1
131	210	1
131	211	2
131	212	3
131	214	1
131	218	1
131	220	1
131	221	1
131	222	3
131	223	1
131	226	1
131	227	1
131	229	1
131	232	1
131	237	1
131	241	3
131	243	1
131	248	2
131	250	2
131	254	1
131	255	3
131	256	1
131	261	2
131	262	1
131	263	3
131	264	1
131	265	2
131	266	1
131	277	1
131	279	1
131	281	2
131	282	1
131	285	3
131	288	1
131	289	1
131	291	2
131	292	2
131	294	2
131	297	1
131	298	1
131	300	2
131	302	1
131	305	1
131	306	1
131	316	1
131	319	1
131	322	1
131	327	1
131	328	1
131	340	1
131	342	1
131	343	1
131	347	1
131	348	1
131	353	3
131	354	1
131	355	1
131	356	1
131	358	1
131	359	1
131	360	1
131	361	1
131	362	2
131	366	1
131	376	1
131	382	1
131	390	1
131	395	1
131	397	1
131	399	1
131	401	1
131	403	1
131	404	2
131	411	1
131	412	1
131	416	1
131	423	1
131	426	1
131	428	1
131	432	1
131	434	2
131	435	1
131	439	2
131	441	1
131	442	3
131	444	2
131	454	1
131	459	1
131	460	1
131	468	1
131	469	1
131	486	1
131	489	2
131	491	1
131	503	1
131	506	3
131	507	1
131	512	1
131	517	1
131	518	2
131	519	1
131	525	1
131	528	1
131	531	1
131	540	1
131	552	2
131	556	1
131	559	1
131	561	1
131	567	1
131	574	1
131	577	1
131	579	1
131	580	1
131	598	1
132	141	1
132	143	1
132	150	3
132	151	1
132	156	1
132	157	1
132	158	2
132	165	1
132	166	2
132	167	3
132	174	1
132	181	1
132	205	2
132	209	1
132	213	1
132	221	1
132	224	1
132	235	1
132	238	2
132	249	1
132	253	1
132	257	1
132	267	2
132	270	1
132	274	1
132	276	1
132	277	1
132	297	1
132	299	1
132	303	1
132	308	1
132	322	1
132	352	1
132	353	1
132	356	2
132	358	1
132	370	1
132	373	1
132	387	2
132	391	1
132	395	1
132	403	1
132	406	1
132	410	2
132	448	1
132	450	1
132	455	1
132	466	1
132	477	2
132	486	1
132	500	1
132	503	1
132	534	1
132	538	1
132	545	1
132	580	1
132	591	1
133	136	1
133	139	1
133	147	1
133	149	1
133	153	1
133	163	1
133	173	2
133	177	1
133	178	2
133	180	3
133	185	3
133	220	1
133	222	2
133	227	1
133	229	1
133	258	5
133	261	1
133	267	1
133	273	1
133	291	1
133	292	1
133	294	2
133	330	1
133	341	1
133	342	3
133	346	1
133	358	1
133	395	1
133	400	2
133	428	1
133	443	1
133	444	1
133	518	1
133	557	3
133	560	1
133	561	1
133	575	1
133	576	2
133	580	1
134	148	2
134	154	1
134	155	2
134	156	1
134	160	1
134	165	3
134	173	1
134	176	1
134	181	3
134	183	1
134	185	1
134	186	1
134	188	1
134	189	1
134	201	1
134	204	3
134	207	1
134	210	1
134	215	1
134	223	1
134	237	1
134	240	2
134	241	3
134	244	2
134	246	1
134	249	1
134	250	2
134	255	2
134	259	2
134	260	3
134	264	2
134	265	1
134	268	2
134	272	1
134	274	1
134	278	1
134	286	2
134	289	4
134	290	1
134	293	2
134	297	1
134	299	1
134	302	1
134	306	1
134	317	1
134	319	1
134	321	1
134	322	2
134	327	1
134	329	1
134	330	1
134	331	2
134	340	2
134	343	4
134	344	1
134	355	2
134	356	1
134	357	1
134	358	1
134	360	2
134	362	1
134	363	2
134	366	1
134	367	3
134	370	1
134	373	2
134	380	1
134	381	1
134	387	1
134	394	1
134	397	1
134	400	1
134	411	2
134	434	1
134	438	1
134	442	2
134	451	1
134	452	1
134	455	1
134	457	1
134	492	2
134	494	1
134	500	2
134	501	2
134	507	1
134	517	1
134	518	2
134	526	1
134	537	2
134	538	1
134	539	1
134	544	1
134	545	1
134	547	1
134	567	1
134	568	1
134	580	2
135	136	5
135	154	2
135	159	1
135	161	7
135	180	1
135	194	4
135	203	5
135	209	5
135	262	1
135	295	1
135	310	2
135	317	2
135	333	1
135	340	11
135	341	3
135	348	1
135	396	3
135	440	1
135	466	3
135	467	4
135	470	3
135	489	1
135	506	3
135	556	1
135	571	3
135	577	1
135	578	1
135	591	1
136	137	1
136	139	1
136	142	1
136	143	1
136	148	1
136	149	2
136	150	1
136	151	1
136	152	1
136	153	1
136	154	1
136	156	1
136	157	1
136	158	1
136	160	6
136	161	4
136	164	2
136	172	1
136	173	2
136	177	1
136	180	2
136	181	1
136	184	2
136	185	3
136	189	1
136	190	1
136	191	1
136	194	4
136	195	1
136	198	1
136	199	1
136	203	2
136	204	1
136	209	2
136	211	1
136	212	3
136	216	1
136	218	4
136	220	1
136	222	2
136	226	2
136	227	1
136	229	1
136	230	5
136	231	1
136	235	1
136	241	2
136	243	2
136	244	1
136	246	1
136	247	1
136	248	1
136	250	3
136	251	1
136	254	1
136	255	1
136	258	1
136	259	2
136	262	3
136	263	2
136	265	1
136	266	1
136	267	2
136	270	1
136	274	1
136	277	1
136	282	2
136	285	2
136	288	3
136	289	1
136	291	3
136	292	2
136	294	1
136	295	2
136	298	1
136	299	1
136	300	1
136	303	1
136	305	2
136	309	2
136	312	1
136	317	2
136	318	4
136	322	2
136	327	1
136	330	1
136	336	1
136	340	3
136	341	1
136	342	2
136	343	2
136	346	1
136	347	4
136	348	1
136	350	1
136	351	2
136	353	2
136	355	1
136	358	3
136	359	1
136	360	1
136	362	1
136	364	1
136	367	1
136	368	1
136	372	1
136	395	2
136	396	1
136	397	1
136	399	2
136	404	1
136	409	1
136	410	1
136	416	1
136	426	1
136	428	1
136	432	1
136	435	1
136	436	1
136	439	1
136	440	1
136	442	2
136	444	1
136	455	1
136	458	1
136	466	2
136	467	2
136	468	1
136	470	1
136	473	1
136	480	1
136	482	1
136	485	1
136	489	1
136	492	2
136	500	1
136	501	1
136	502	1
136	505	1
136	506	3
136	509	1
136	518	1
136	525	1
136	528	2
136	539	1
136	540	2
136	544	1
136	547	1
136	556	1
136	561	1
136	567	1
136	571	1
136	572	1
136	574	1
136	577	1
136	578	1
136	580	1
136	593	1
137	140	1
137	141	1
137	142	1
137	143	1
137	148	1
137	149	1
137	151	1
137	154	4
137	156	1
137	157	1
137	159	2
137	160	2
137	172	1
137	177	2
137	178	1
137	182	2
137	184	1
137	191	1
137	194	1
137	198	1
137	200	2
137	201	1
137	204	1
137	209	1
137	218	3
137	220	1
137	222	1
137	235	3
137	243	1
137	244	1
137	248	1
137	250	2
137	251	1
137	254	1
137	259	1
137	262	2
137	263	5
137	270	1
137	277	2
137	282	1
137	288	5
137	289	1
137	291	6
137	292	2
137	294	1
137	295	1
137	296	1
137	303	1
137	309	1
137	318	1
137	322	1
137	330	1
137	333	2
137	338	1
137	342	1
137	343	1
137	346	1
137	350	1
137	351	1
137	353	1
137	355	1
137	358	1
137	360	1
137	362	1
137	364	1
137	367	1
137	368	1
137	369	1
137	372	1
137	397	1
137	399	1
137	404	1
137	409	2
137	410	1
137	411	1
137	416	1
137	466	1
137	470	1
137	473	1
137	480	1
137	482	1
137	485	2
137	492	1
137	501	4
137	502	1
137	505	1
137	509	1
137	518	3
137	522	1
137	528	1
137	539	1
137	540	1
137	544	1
137	567	2
137	572	1
137	574	1
137	593	1
137	594	1
138	139	2
138	160	1
138	162	1
138	164	2
138	179	1
138	213	1
138	218	2
138	245	1
138	293	1
138	302	1
138	320	1
138	343	1
138	345	1
138	382	1
138	393	1
138	398	1
138	414	7
138	418	1
138	434	1
138	438	1
138	443	1
138	444	1
138	471	1
138	476	1
138	513	1
138	514	1
138	532	1
138	591	1
139	141	1
139	147	2
139	149	1
139	153	1
139	155	1
139	158	2
139	160	2
139	162	8
139	163	1
139	164	4
139	166	1
139	167	1
139	169	1
139	173	2
139	176	1
139	178	1
139	184	1
139	188	1
139	189	2
139	198	2
139	201	1
139	202	1
139	203	1
139	209	1
139	211	1
139	212	1
139	213	1
139	218	10
139	220	2
139	224	3
139	225	2
139	227	4
139	230	3
139	231	2
139	233	1
139	234	2
139	245	2
139	247	3
139	248	1
139	250	1
139	257	1
139	258	1
139	262	1
139	263	3
139	265	1
139	267	1
139	274	2
139	279	2
139	283	1
139	288	1
139	291	2
139	293	1
139	294	1
139	296	2
139	297	1
139	298	2
139	300	1
139	302	1
139	305	3
139	306	1
139	307	1
139	317	1
139	318	2
139	319	1
139	320	2
139	329	1
139	330	1
139	334	1
139	335	1
139	336	3
139	337	2
139	338	1
139	339	1
139	340	2
139	341	1
139	344	1
139	345	2
139	348	2
139	358	2
139	359	1
139	362	1
139	363	1
139	365	2
139	372	1
139	375	1
139	376	1
139	377	1
139	383	1
139	393	1
139	398	1
139	410	1
139	413	1
139	415	1
139	417	1
139	418	2
139	429	1
139	430	2
139	432	2
139	434	1
139	435	3
139	437	1
139	438	1
139	439	2
139	440	1
139	443	1
139	444	1
139	447	1
139	449	1
139	451	1
139	452	1
139	453	1
139	454	1
139	458	2
139	463	2
139	471	1
139	481	1
139	482	1
139	491	1
139	492	1
139	494	1
139	505	1
139	506	1
139	514	1
139	518	4
139	521	1
139	522	1
139	523	1
139	528	1
139	530	1
139	532	1
139	533	1
139	535	1
139	538	1
139	541	1
139	552	1
139	556	1
139	563	1
139	567	1
139	572	1
139	579	1
139	580	1
139	581	1
139	588	1
139	591	1
139	596	1
140	141	2
140	143	1
140	146	1
140	148	1
140	156	1
140	157	1
140	160	1
140	164	1
140	165	1
140	176	1
140	178	1
140	180	1
140	185	2
140	187	2
140	192	1
140	194	1
140	212	1
140	217	1
140	222	2
140	237	1
140	241	1
140	248	1
140	250	1
140	258	1
140	261	2
140	262	1
140	263	1
140	264	1
140	265	1
140	266	1
140	275	1
140	277	2
140	281	1
140	282	1
140	291	2
140	292	2
140	294	1
140	319	1
140	343	1
140	353	1
140	355	1
140	358	1
140	360	1
140	361	1
140	362	1
140	366	1
140	403	1
140	411	1
140	412	1
140	414	1
140	418	1
140	434	1
140	446	1
140	451	2
140	485	1
140	486	1
140	489	2
140	491	1
140	506	1
140	507	1
140	511	1
140	512	1
140	517	1
140	518	2
140	525	1
140	552	1
140	557	1
140	560	1
140	579	1
140	598	1
141	143	3
141	146	1
141	147	1
141	149	1
141	150	1
141	151	3
141	156	2
141	157	3
141	158	2
141	163	1
141	164	1
141	165	3
141	169	1
141	173	4
141	174	1
141	176	1
141	177	2
141	179	1
141	184	2
141	190	1
141	191	4
141	192	2
141	204	1
141	205	3
141	209	2
141	212	1
141	216	1
141	218	3
141	220	2
141	221	2
141	224	1
141	234	1
141	235	4
141	237	3
141	238	1
141	241	2
141	248	6
141	249	1
141	250	4
141	252	1
141	253	2
141	258	2
141	260	1
141	261	2
141	262	1
141	263	6
141	264	1
141	265	1
141	266	1
141	267	1
141	270	3
141	274	1
141	276	1
141	277	4
141	279	1
141	281	2
141	282	2
141	285	1
141	288	1
141	291	4
141	292	1
141	295	2
141	297	2
141	298	1
141	303	1
141	307	1
141	308	1
141	318	2
141	319	2
141	320	1
141	321	1
141	322	3
141	328	1
141	330	2
141	338	16
141	343	1
141	352	2
141	353	1
141	355	3
141	356	2
141	358	2
141	359	1
141	360	3
141	361	1
141	362	1
141	363	2
141	364	1
141	365	1
141	366	1
141	368	1
141	369	1
141	373	1
141	376	1
141	379	1
141	381	1
141	384	2
141	387	5
141	390	2
141	391	1
141	397	2
141	398	2
141	403	1
141	406	1
141	410	2
141	412	1
141	415	1
141	416	1
141	428	1
141	432	1
141	434	2
141	448	1
141	458	1
141	463	1
141	466	2
141	468	2
141	469	1
141	470	1
141	471	1
141	476	1
141	485	3
141	486	4
141	489	4
141	491	1
141	500	4
141	502	1
141	503	1
141	507	3
141	512	2
141	517	1
141	518	1
141	539	1
141	545	2
141	552	3
141	559	1
141	566	1
141	567	1
141	572	1
141	578	3
141	579	1
141	580	1
141	591	2
141	592	2
141	593	1
141	596	1
141	598	2
142	143	2
142	147	1
142	148	1
142	149	1
142	151	1
142	154	1
142	156	1
142	157	1
142	160	1
142	165	1
142	166	2
142	172	3
142	178	1
142	184	1
142	188	2
142	191	1
142	198	1
142	199	1
142	201	1
142	204	1
142	209	1
142	217	1
142	218	1
142	221	2
142	222	2
142	225	1
142	234	1
142	235	1
142	240	1
142	241	1
142	243	1
142	244	1
142	248	2
142	249	1
142	250	2
142	251	1
142	254	1
142	255	1
142	259	1
142	262	2
142	263	1
142	270	1
142	277	3
142	280	2
142	282	2
142	288	1
142	289	2
142	291	1
142	292	2
142	295	1
142	296	1
142	300	1
142	302	2
142	303	1
142	309	2
142	311	1
142	315	2
142	318	1
142	322	1
142	330	3
142	338	1
142	340	1
142	342	1
142	343	2
142	346	1
142	350	1
142	351	1
142	353	1
142	358	1
142	360	1
142	363	1
142	364	2
142	367	1
142	368	1
142	374	1
142	382	2
142	387	3
142	395	1
142	397	1
142	398	1
142	399	1
142	402	1
142	404	1
142	408	3
142	410	1
142	411	1
142	416	1
142	422	1
142	435	1
142	441	1
142	452	1
142	466	1
142	470	1
142	473	1
142	480	1
142	482	1
142	484	1
142	485	1
142	486	1
142	490	1
142	492	3
142	501	5
142	502	1
142	505	1
142	506	2
142	509	1
142	512	1
142	528	1
142	533	1
142	539	3
142	540	1
142	544	1
142	547	1
142	552	1
142	568	1
142	572	1
142	574	1
142	593	1
143	146	1
143	148	1
143	149	1
143	150	1
143	151	3
143	154	1
143	156	2
143	157	3
143	158	1
143	162	1
143	164	1
143	165	3
143	172	1
143	174	1
143	176	1
143	178	1
143	184	2
143	188	2
143	191	2
143	192	1
143	198	1
143	204	1
143	205	1
143	209	2
143	212	1
143	218	1
143	221	1
143	222	1
143	224	1
143	235	3
143	237	2
143	238	1
143	241	2
143	243	1
143	244	1
143	248	3
143	249	1
143	250	1
143	251	1
143	252	2
143	253	2
143	254	1
143	257	1
143	259	1
143	261	1
143	262	1
143	263	1
143	264	1
143	265	1
143	266	1
143	267	1
143	270	3
143	274	1
143	276	1
143	277	5
143	280	1
143	281	2
143	282	3
143	288	1
143	289	1
143	291	2
143	292	2
143	295	2
143	297	2
143	300	1
143	303	1
143	308	1
143	309	1
143	311	1
143	318	1
143	319	1
143	322	4
143	330	2
143	342	1
143	343	2
143	346	1
143	350	1
143	351	1
143	352	1
143	353	7
143	355	1
143	356	2
143	358	3
143	360	3
143	361	1
143	362	1
143	364	2
143	366	1
143	367	1
143	368	1
143	373	1
143	382	1
143	387	1
143	390	1
143	391	1
143	397	1
143	398	2
143	399	1
143	402	1
143	403	1
143	404	1
143	406	1
143	408	1
143	410	2
143	412	2
143	416	2
143	434	1
143	448	1
143	466	3
143	470	1
143	473	1
143	480	1
143	482	1
143	485	1
143	486	3
143	489	1
143	491	1
143	492	1
143	500	2
143	502	1
143	503	1
143	505	1
143	507	1
143	509	1
143	512	1
143	518	1
143	528	1
143	537	1
143	539	1
143	540	1
143	544	1
143	545	1
143	552	4
143	554	1
143	572	1
143	574	1
143	578	1
143	579	1
143	591	1
143	593	1
143	598	1
144	184	1
144	194	1
144	220	1
144	291	1
144	324	1
145	149	3
145	151	1
145	152	1
145	154	1
145	158	1
145	159	2
145	167	1
145	170	1
145	172	1
145	176	1
145	177	1
145	178	1
145	179	1
145	186	1
145	191	1
145	194	1
145	197	1
145	203	1
145	205	1
145	206	1
145	209	1
145	218	1
145	219	1
145	220	1
145	227	1
145	236	1
145	238	1
145	241	1
145	242	1
145	250	2
145	253	1
145	259	1
145	263	1
145	266	1
145	280	1
145	283	1
145	285	1
145	289	1
145	291	1
145	292	1
145	295	3
145	303	1
145	312	1
145	314	1
145	315	1
145	318	1
145	333	1
145	336	1
145	339	9
145	341	1
145	346	2
145	347	1
145	363	1
145	367	1
145	379	1
145	387	1
145	388	1
145	417	1
145	426	2
145	437	1
145	447	1
145	466	1
145	468	1
145	469	1
145	477	1
145	489	1
145	499	1
145	518	1
145	525	1
145	548	1
145	554	1
145	580	1
145	589	1
145	593	2
146	147	1
146	157	1
146	158	1
146	164	2
146	165	1
146	170	1
146	173	2
146	176	1
146	177	3
146	178	1
146	184	2
146	186	2
146	192	1
146	199	1
146	206	1
146	211	1
146	212	4
146	221	1
146	222	1
146	228	1
146	237	1
146	241	3
146	248	3
146	255	1
146	263	1
146	264	1
146	265	2
146	266	1
146	277	1
146	281	3
146	282	2
146	285	1
146	291	1
146	292	1
146	297	1
146	298	1
146	300	1
146	302	1
146	316	1
146	317	2
146	319	1
146	327	1
146	328	3
146	343	1
146	353	2
146	355	1
146	358	1
146	360	2
146	361	1
146	362	1
146	363	1
146	365	1
146	366	1
146	376	1
146	379	1
146	381	1
146	390	2
146	397	3
146	403	1
146	404	1
146	412	2
146	416	1
146	423	2
146	432	1
146	434	2
146	438	1
146	439	1
146	442	1
146	451	1
146	461	1
146	465	1
146	468	1
146	469	1
146	486	1
146	489	1
146	491	1
146	492	1
146	505	1
146	506	2
146	507	1
146	512	1
146	517	1
146	537	2
146	552	2
146	574	1
146	579	1
146	580	1
146	598	1
147	164	1
147	165	1
147	170	1
147	171	1
147	173	3
147	178	1
147	186	1
147	199	2
147	201	1
147	206	1
147	211	1
147	212	1
147	213	1
147	218	1
147	221	1
147	222	1
147	241	1
147	248	1
147	250	3
147	255	1
147	262	1
147	263	3
147	265	1
147	279	1
147	281	1
147	282	1
147	291	2
147	294	1
147	295	1
147	297	1
147	298	2
147	302	1
147	306	1
147	307	1
147	316	1
147	327	1
147	330	1
147	338	1
147	353	1
147	358	1
147	359	1
147	362	1
147	363	1
147	368	1
147	376	1
147	393	1
147	397	1
147	404	1
147	410	2
147	416	1
147	423	1
147	432	1
147	434	1
147	439	1
147	442	1
147	444	1
147	458	1
147	459	1
147	463	1
147	468	1
147	469	1
147	492	1
147	506	1
147	515	3
147	517	1
147	525	1
147	552	1
147	566	1
147	574	1
147	580	1
148	149	1
148	151	1
148	154	1
148	156	3
148	157	1
148	160	2
148	162	1
148	172	1
148	184	1
148	191	1
148	198	1
148	204	1
148	209	1
148	218	1
148	221	1
148	222	1
148	235	1
148	243	1
148	244	2
148	248	1
148	250	1
148	251	1
148	254	1
148	259	1
148	262	1
148	263	1
148	270	1
148	277	1
148	282	1
148	288	1
148	289	1
148	291	1
148	292	1
148	295	1
148	299	1
148	303	1
148	309	1
148	318	1
148	322	2
148	330	1
148	342	1
148	343	1
148	346	1
148	350	1
148	351	1
148	353	1
148	358	1
148	360	1
148	364	1
148	367	2
148	368	1
148	370	1
148	395	1
148	397	1
148	399	1
148	400	1
148	404	1
148	410	1
148	416	1
148	466	1
148	468	1
148	470	1
148	473	1
148	480	1
148	482	1
148	485	1
148	492	1
148	494	1
148	501	1
148	502	1
148	505	1
148	509	1
148	528	1
148	539	1
148	540	1
148	544	2
148	547	1
148	572	1
148	574	1
148	593	1
149	151	1
149	152	1
149	153	1
149	154	2
149	156	2
149	157	3
149	158	1
149	159	2
149	172	1
149	177	2
149	179	1
149	182	1
149	184	2
149	191	2
149	198	1
149	203	4
149	204	3
149	208	1
149	209	8
149	214	1
149	218	2
149	220	6
149	221	1
149	222	1
149	227	1
149	232	1
149	235	1
149	237	1
149	243	1
149	244	1
149	248	1
149	250	2
149	251	1
149	254	1
149	258	1
149	259	2
149	260	1
149	261	1
149	262	1
149	263	3
149	266	1
149	270	2
149	277	1
149	282	1
149	283	1
149	285	1
149	288	1
149	289	2
149	291	2
149	292	4
149	295	5
149	301	1
149	302	1
149	303	1
149	309	1
149	312	1
149	315	1
149	318	3
149	322	1
149	330	2
149	333	1
149	339	5
149	341	5
149	342	1
149	343	1
149	346	2
149	347	2
149	350	1
149	351	1
149	352	1
149	353	1
149	358	1
149	360	4
149	363	1
149	364	1
149	365	1
149	367	2
149	368	1
149	376	1
149	379	1
149	381	1
149	388	1
149	396	1
149	397	1
149	398	1
149	399	2
149	404	1
149	410	1
149	415	2
149	416	1
149	418	2
149	428	1
149	432	1
149	434	1
149	438	2
149	440	3
149	448	1
149	451	1
149	466	3
149	467	1
149	468	1
149	470	1
149	471	2
149	473	1
149	476	1
149	480	1
149	482	1
149	485	1
149	486	1
149	489	1
149	492	1
149	499	1
149	502	1
149	505	1
149	507	1
149	509	1
149	510	1
149	517	1
149	518	3
149	528	1
149	537	3
149	539	2
149	540	1
149	544	1
149	545	2
149	561	1
149	572	1
149	574	1
149	589	3
149	591	1
149	593	1
150	151	1
150	156	1
150	157	1
150	158	1
150	160	1
150	164	1
150	165	1
150	167	2
150	174	1
150	176	1
150	180	2
150	181	1
150	189	1
150	191	1
150	205	1
150	208	1
150	209	2
150	213	1
150	218	1
150	221	1
150	224	1
150	230	1
150	235	1
150	238	2
150	246	1
150	247	1
150	249	1
150	253	1
150	257	1
150	260	1
150	267	1
150	270	1
150	271	1
150	274	1
150	276	1
150	277	1
150	288	1
150	291	1
150	297	1
150	299	2
150	303	1
150	305	1
150	308	1
150	309	1
150	319	1
150	322	2
150	333	1
150	336	1
150	343	1
150	351	1
150	352	1
150	353	1
150	356	3
150	358	3
150	370	1
150	373	1
150	387	3
150	391	1
150	395	1
150	403	2
150	406	1
150	407	1
150	435	1
150	436	4
150	448	1
150	455	1
150	463	1
150	466	1
150	470	3
150	473	1
150	481	1
150	482	1
150	486	1
150	500	2
150	506	1
150	518	2
150	529	1
150	538	1
150	545	1
150	556	1
150	568	1
150	580	1
150	591	1
151	154	1
151	156	2
151	157	2
151	158	3
151	165	2
151	170	1
151	172	2
151	174	1
151	176	1
151	178	1
151	184	3
151	186	1
151	190	1
151	191	1
151	192	1
151	197	1
151	198	1
151	204	1
151	205	3
151	206	1
151	209	2
151	210	1
151	211	1
151	216	1
151	218	2
151	219	1
151	221	1
151	222	2
151	224	1
151	234	1
151	235	3
151	236	1
151	237	1
151	238	3
151	241	2
151	243	1
151	244	1
151	246	1
151	248	3
151	249	1
151	250	1
151	251	1
151	252	1
151	253	3
151	254	1
151	258	1
151	259	1
151	261	1
151	262	1
151	263	1
151	264	1
151	265	1
151	267	1
151	270	3
151	271	1
151	274	1
151	276	2
151	277	3
151	280	2
151	281	1
151	282	3
151	288	1
151	289	2
151	291	1
151	292	1
151	294	1
151	295	3
151	297	2
151	303	3
151	308	2
151	309	1
151	314	1
151	318	2
151	319	1
151	322	3
151	330	2
151	342	1
151	343	1
151	345	1
151	346	1
151	350	1
151	351	1
151	352	1
151	353	1
151	356	1
151	358	3
151	359	1
151	360	2
151	362	2
151	363	1
151	364	2
151	367	1
151	368	1
151	373	1
151	379	2
151	381	1
151	387	3
151	390	1
151	391	1
151	397	1
151	398	1
151	399	1
151	404	1
151	406	2
151	410	2
151	412	1
151	413	1
151	416	3
151	419	1
151	426	1
151	447	1
151	448	1
151	466	3
151	469	2
151	470	1
151	471	1
151	473	2
151	477	1
151	480	1
151	482	1
151	485	1
151	486	2
151	489	1
151	492	1
151	500	3
151	502	1
151	503	1
151	505	1
151	507	1
151	509	1
151	513	1
151	525	1
151	528	1
151	530	1
151	539	1
151	540	1
151	544	1
151	545	2
151	548	3
151	552	2
151	554	1
151	559	2
151	572	1
151	574	1
151	578	3
151	580	1
151	591	1
151	593	1
151	595	1
152	154	1
152	159	1
152	177	1
152	179	1
152	185	1
152	191	1
152	212	1
152	216	1
152	226	1
152	227	2
152	241	2
152	250	2
152	259	1
152	262	1
152	266	3
152	274	1
152	285	1
152	289	2
152	291	2
152	292	1
152	293	1
152	298	1
152	305	1
152	312	5
152	315	1
152	327	3
152	333	1
152	347	2
152	355	1
152	358	1
152	363	1
152	367	1
152	372	1
152	388	1
152	395	1
152	400	1
152	432	1
152	442	1
152	468	1
152	492	1
152	499	1
152	518	1
153	158	1
153	160	1
153	163	1
153	164	1
153	173	1
153	177	2
153	180	2
153	185	2
153	190	2
153	194	3
153	203	1
153	209	1
153	211	1
153	212	1
153	216	2
153	219	1
153	220	1
153	222	2
153	226	1
153	229	1
153	241	3
153	243	1
153	244	2
153	250	1
153	255	1
153	258	1
153	262	1
153	263	1
153	282	1
153	283	1
153	285	1
153	292	2
153	294	1
153	300	1
153	305	1
153	318	1
153	339	1
153	340	1
153	341	1
153	342	2
153	347	1
153	353	1
153	359	1
153	362	1
153	365	1
153	395	1
153	399	1
153	411	2
153	426	1
153	438	1
153	440	1
153	441	1
153	442	1
153	444	1
153	454	2
153	456	1
153	457	1
153	458	1
153	466	1
153	475	1
153	500	1
153	506	1
153	518	4
153	528	1
153	540	1
153	556	1
153	557	1
153	567	1
153	582	1
153	592	2
154	155	1
154	156	1
154	157	1
154	159	35
154	162	1
154	164	1
154	165	1
154	169	1
154	172	1
154	176	1
154	177	1
154	179	1
154	181	1
154	184	3
154	191	2
154	192	1
154	194	1
154	198	2
154	199	1
154	200	2
154	204	1
154	209	1
154	210	1
154	218	4
154	220	1
154	222	1
154	227	4
154	234	1
154	235	1
154	237	1
154	240	1
154	241	2
154	242	1
154	243	1
154	244	2
154	248	1
154	250	2
154	251	1
154	254	1
154	255	1
154	259	3
154	260	1
154	262	1
154	263	4
154	266	1
154	268	1
154	270	1
154	277	1
154	279	1
154	282	1
154	285	1
154	288	4
154	289	3
154	290	1
154	291	3
154	292	2
154	294	1
154	295	1
154	298	2
154	299	1
154	300	1
154	302	1
154	303	1
154	309	1
154	312	1
154	315	1
154	317	1
154	318	2
154	321	1
154	322	1
154	324	1
154	329	1
154	330	1
154	331	1
154	333	7
154	342	1
154	343	1
154	344	1
154	346	2
154	347	1
154	350	1
154	351	1
154	352	1
154	353	1
154	354	1
154	355	1
154	358	2
154	359	2
154	360	1
154	362	2
154	363	2
154	364	1
154	366	1
154	367	2
154	368	1
154	372	1
154	373	1
154	381	1
154	383	1
154	388	1
154	390	1
154	397	3
154	399	1
154	401	1
154	404	2
154	409	2
154	410	1
154	413	1
154	416	1
154	423	2
154	434	1
154	451	1
154	466	2
154	468	1
154	470	3
154	473	1
154	478	1
154	480	1
154	482	1
154	483	1
154	485	1
154	489	1
154	492	3
154	499	1
154	500	2
154	501	4
154	502	1
154	505	2
154	507	1
154	509	1
154	514	1
154	517	1
154	518	2
154	521	1
154	528	1
154	531	1
154	537	1
154	539	2
154	540	1
154	541	1
154	544	1
154	545	1
154	556	1
154	572	1
154	574	1
154	579	1
154	587	1
154	593	1
154	599	1
155	156	1
155	158	1
155	162	1
155	165	2
155	169	1
155	176	17
155	181	2
155	186	1
155	201	1
155	206	1
155	207	1
155	213	1
155	215	4
155	218	1
155	227	1
155	230	1
155	231	1
155	233	1
155	237	1
155	240	2
155	241	2
155	242	3
155	249	1
155	255	2
155	257	1
155	259	2
155	260	1
155	264	5
155	265	1
155	267	1
155	268	2
155	274	1
155	278	1
155	289	4
155	293	1
155	298	1
155	302	2
155	317	3
155	321	1
155	329	2
155	340	1
155	343	1
155	344	17
155	352	1
155	355	2
155	358	5
155	360	3
155	362	1
155	363	3
155	365	1
155	366	1
155	373	2
155	376	1
155	381	1
155	382	1
155	393	2
155	410	1
155	421	1
155	434	1
155	441	1
155	442	1
155	451	1
155	452	1
155	453	7
155	458	2
155	463	1
155	469	2
155	481	1
155	492	4
155	500	1
155	501	1
155	505	1
155	507	1
155	512	1
155	513	1
155	517	1
155	518	1
155	529	1
155	537	2
155	539	1
155	556	1
155	580	1
155	591	2
156	157	3
156	158	2
156	160	1
156	165	1
156	172	1
156	174	3
156	179	2
156	183	5
156	184	2
156	191	1
156	198	1
156	199	3
156	201	2
156	204	2
156	205	1
156	209	3
156	212	1
156	218	2
156	221	2
156	222	1
156	224	1
156	225	1
156	227	1
156	235	2
156	237	1
156	238	1
156	241	1
156	242	1
156	243	1
156	244	2
156	248	1
156	249	2
156	250	1
156	251	1
156	253	3
156	254	2
156	257	1
156	259	1
156	260	1
156	261	1
156	262	1
156	263	1
156	267	1
156	270	3
156	271	1
156	272	3
156	274	2
156	276	1
156	277	2
156	282	1
156	288	1
156	289	1
156	291	1
156	292	1
156	294	2
156	295	1
156	297	1
156	303	2
156	308	1
156	309	1
156	318	4
156	319	1
156	322	3
156	330	1
156	331	1
156	342	1
156	343	3
156	346	2
156	350	1
156	351	1
156	352	2
156	353	1
156	356	2
156	358	2
156	360	5
156	362	3
156	363	1
156	364	1
156	365	3
156	366	1
156	367	2
156	368	1
156	373	3
156	376	1
156	379	1
156	381	1
156	387	2
156	391	1
156	393	1
156	397	2
156	398	1
156	399	1
156	404	1
156	406	1
156	410	1
156	415	1
156	416	1
156	431	1
156	432	1
156	434	2
156	437	3
156	448	1
156	466	2
156	469	1
156	470	1
156	473	1
156	476	1
156	478	1
156	480	1
156	482	1
156	485	1
156	486	2
156	489	1
156	492	1
156	500	1
156	502	1
156	505	3
156	507	1
156	509	1
156	517	1
156	518	2
156	528	1
156	531	1
156	537	1
156	539	6
156	540	1
156	544	1
156	545	2
156	547	2
156	552	2
156	572	1
156	574	2
156	591	2
156	593	1
157	158	2
157	164	1
157	165	2
157	172	1
157	174	1
157	176	1
157	184	2
157	191	1
157	192	1
157	198	1
157	204	2
157	205	1
157	209	4
157	212	1
157	218	2
157	221	2
157	222	1
157	224	1
157	227	1
157	235	2
157	237	2
157	238	1
157	241	1
157	243	1
157	244	1
157	248	2
157	249	1
157	250	2
157	251	1
157	253	1
157	254	1
157	259	1
157	260	1
157	261	1
157	262	1
157	263	1
157	264	1
157	265	1
157	266	1
157	267	1
157	270	3
157	274	1
157	276	1
157	277	3
157	281	1
157	282	2
157	288	1
157	289	1
157	291	2
157	292	2
157	295	1
157	297	1
157	302	1
157	303	1
157	308	1
157	309	1
157	318	2
157	319	1
157	322	2
157	324	1
157	330	1
157	342	1
157	343	2
157	346	1
157	350	1
157	351	1
157	352	2
157	353	2
157	355	1
157	356	1
157	358	3
157	360	3
157	361	1
157	364	1
157	366	1
157	367	1
157	368	1
157	373	1
157	376	1
157	379	1
157	381	1
157	387	1
157	391	1
157	397	1
157	398	1
157	399	1
157	403	1
157	404	1
157	406	1
157	410	1
157	412	1
157	415	1
157	416	1
157	418	1
157	432	1
157	434	2
157	448	1
157	451	1
157	466	2
157	470	1
157	471	1
157	473	1
157	476	1
157	480	1
157	482	1
157	485	1
157	486	3
157	489	2
157	491	1
157	492	1
157	500	1
157	502	1
157	505	1
157	507	2
157	509	1
157	512	1
157	517	1
157	518	1
157	528	1
157	539	2
157	540	1
157	544	1
157	545	3
157	552	1
157	572	1
157	574	1
157	579	1
157	591	2
157	593	1
157	598	1
158	160	3
158	164	2
158	165	1
158	166	1
158	167	1
158	169	1
158	170	1
158	172	1
158	173	2
158	174	2
158	176	3
158	177	2
158	178	2
158	180	1
158	184	3
158	185	1
158	186	2
158	190	2
158	194	1
158	197	1
158	198	1
158	201	1
158	202	1
158	204	1
158	205	2
158	206	1
158	209	2
158	210	2
158	211	1
158	212	3
158	218	3
158	219	2
158	220	1
158	221	2
158	222	1
158	224	1
158	226	1
158	227	1
158	228	1
158	229	1
158	230	1
158	231	1
158	235	1
158	236	1
158	237	1
158	238	2
158	241	6
158	243	1
158	244	2
158	248	1
158	249	2
158	250	1
158	253	3
158	255	1
158	257	1
158	258	1
158	260	1
158	261	1
158	262	1
158	265	1
158	267	2
158	270	2
158	274	1
158	276	1
158	277	2
158	279	1
158	280	1
158	281	1
158	282	2
158	285	1
158	289	1
158	294	1
158	295	1
158	297	3
158	300	3
158	302	3
158	303	2
158	305	2
158	306	1
158	308	1
158	314	1
158	315	3
158	316	1
158	317	1
158	318	2
158	319	1
158	320	1
158	322	2
158	329	1
158	330	2
158	337	1
158	339	1
158	340	3
158	342	1
158	344	1
158	345	2
158	347	1
158	352	2
158	353	1
158	356	4
158	358	4
158	359	1
158	360	3
158	362	4
158	363	1
158	364	1
158	365	2
158	372	1
158	373	1
158	376	3
158	379	4
158	381	2
158	382	1
158	387	3
158	391	1
158	393	1
158	395	3
158	398	1
158	399	2
158	404	1
158	406	1
158	410	1
158	412	1
158	413	1
158	415	2
158	416	1
158	426	2
158	428	1
158	432	1
158	434	2
158	437	1
158	438	3
158	439	1
158	442	1
158	444	2
158	447	1
158	448	2
158	451	1
158	452	1
158	453	1
158	458	1
158	461	1
158	465	2
158	466	1
158	469	1
158	476	1
158	477	1
158	478	1
158	481	1
158	484	2
158	486	2
158	489	1
158	492	2
158	495	1
158	496	2
158	500	2
158	503	1
158	505	4
158	506	1
158	507	1
158	513	1
158	517	1
158	518	4
158	525	1
158	528	3
158	530	2
158	531	1
158	535	1
158	538	1
158	539	1
158	540	1
158	545	3
158	548	1
158	552	1
158	554	1
158	559	1
158	567	1
158	575	2
158	577	1
158	578	1
158	579	1
158	580	4
158	591	4
159	160	1
159	162	1
159	164	1
159	170	1
159	177	1
159	179	1
159	184	1
159	191	1
159	197	3
159	198	3
159	199	1
159	200	2
159	203	1
159	210	1
159	218	1
159	220	6
159	227	4
159	234	3
159	235	4
159	238	1
159	239	2
159	242	1
159	244	1
159	250	3
159	259	1
159	263	1
159	266	1
159	282	1
159	285	1
159	288	1
159	289	1
159	290	1
159	291	1
159	292	3
159	295	1
159	298	2
159	300	1
159	306	1
159	312	1
159	315	1
159	316	2
159	317	3
159	319	1
159	321	1
159	331	1
159	333	15
159	338	1
159	339	1
159	340	1
159	341	1
159	346	2
159	347	1
159	351	1
159	352	1
159	356	1
159	358	1
159	359	3
159	362	2
159	363	2
159	367	1
159	369	2
159	371	2
159	372	2
159	383	1
159	388	1
159	389	1
159	390	1
159	397	2
159	404	1
159	406	1
159	409	1
159	410	2
159	411	1
159	417	1
159	418	1
159	423	1
159	434	1
159	437	1
159	440	1
159	451	1
159	466	1
159	467	1
159	468	1
159	483	1
159	489	5
159	492	1
159	493	2
159	499	1
159	500	2
159	501	2
159	505	1
159	514	1
159	518	3
159	531	1
159	541	1
159	562	1
159	579	1
159	587	1
159	589	1
159	591	2
159	599	1
160	164	2
160	173	1
160	176	1
160	177	1
160	180	1
160	181	1
160	185	1
160	186	1
160	189	1
160	190	1
160	194	1
160	198	1
160	200	2
160	210	1
160	211	1
160	212	3
160	218	1
160	220	1
160	222	1
160	226	1
160	227	1
160	229	1
160	230	6
160	231	1
160	235	1
160	241	2
160	243	1
160	244	2
160	246	1
160	247	1
160	250	1
160	255	1
160	259	1
160	262	1
160	263	1
160	285	1
160	288	2
160	289	1
160	291	2
160	294	1
160	297	1
160	299	1
160	300	1
160	305	2
160	309	1
160	317	2
160	318	1
160	321	1
160	322	3
160	336	1
160	337	1
160	338	1
160	340	3
160	342	1
160	343	2
160	347	2
160	351	2
160	353	1
160	356	1
160	358	2
160	359	2
160	362	2
160	369	1
160	371	1
160	372	1
160	376	1
160	378	2
160	382	2
160	395	3
160	399	2
160	404	1
160	415	1
160	426	1
160	428	1
160	435	1
160	436	1
160	437	1
160	442	1
160	444	2
160	455	1
160	457	1
160	465	1
160	482	1
160	492	1
160	500	1
160	501	3
160	506	1
160	512	1
160	518	3
160	528	2
160	530	1
160	531	1
160	540	1
160	547	2
160	556	1
160	567	1
160	577	1
160	580	1
161	180	1
161	194	2
161	203	1
161	209	1
161	292	1
161	295	1
161	317	2
161	340	2
161	341	1
161	348	1
161	396	1
161	440	1
161	455	1
161	466	2
161	467	1
161	468	1
161	489	1
161	506	2
161	571	1
161	577	1
161	578	1
162	163	2
162	164	2
162	175	1
162	182	1
162	184	2
162	187	1
162	188	1
162	189	2
162	190	1
162	208	1
162	212	1
162	213	1
162	218	9
162	220	2
162	221	1
162	224	1
162	225	1
162	227	11
162	228	1
162	232	1
162	233	2
162	234	1
162	244	1
162	245	1
162	247	2
162	248	1
162	259	2
162	263	3
162	264	1
162	267	1
162	274	1
162	282	1
162	283	1
162	288	2
162	291	1
162	293	1
162	296	1
162	297	1
162	298	3
162	302	3
162	303	1
162	305	3
162	306	1
162	318	2
162	322	1
162	330	1
162	334	1
162	335	1
162	336	2
162	337	4
162	344	1
162	346	1
162	348	1
162	356	1
162	358	2
162	360	1
162	375	3
162	377	1
162	390	1
162	393	1
162	398	1
162	418	1
162	429	1
162	430	2
162	434	2
162	435	3
162	439	1
162	441	1
162	449	1
162	450	1
162	451	5
162	452	1
162	454	2
162	455	1
162	459	1
162	461	1
162	463	3
162	465	1
162	471	1
162	489	2
162	492	1
162	494	1
162	503	1
162	509	1
162	511	1
162	514	2
162	515	1
162	518	2
162	525	1
162	530	1
162	559	2
162	563	1
162	578	1
162	579	1
162	587	1
162	591	1
162	596	1
162	599	1
163	164	1
163	177	2
163	188	1
163	189	1
163	190	1
163	191	2
163	214	1
163	220	1
163	222	1
163	223	3
163	224	1
163	225	1
163	227	3
163	229	1
163	232	1
163	247	1
163	261	2
163	263	1
163	267	1
163	285	1
163	292	1
163	305	2
163	335	1
163	336	1
163	337	1
163	345	1
163	346	1
163	397	1
163	429	1
163	430	1
163	434	1
163	435	1
163	440	1
163	443	1
163	449	1
163	452	1
163	454	2
163	460	1
163	461	1
163	465	1
163	510	1
163	556	1
163	580	1
163	582	1
163	592	1
164	165	1
164	166	1
164	170	1
164	173	2
164	176	1
164	177	2
164	180	1
164	181	1
164	184	2
164	185	1
164	186	1
164	189	3
164	190	4
164	191	1
164	192	1
164	194	1
164	199	2
164	202	1
164	206	1
164	208	1
164	210	1
164	211	3
164	212	5
164	218	4
164	221	1
164	222	2
164	225	1
164	226	1
164	227	3
164	229	1
164	230	1
164	232	1
164	234	1
164	237	1
164	241	4
164	242	1
164	243	1
164	244	1
164	245	1
164	246	1
164	247	4
164	248	1
164	250	1
164	255	2
164	262	1
164	263	2
164	264	1
164	265	2
164	266	1
164	277	1
164	281	2
164	282	1
164	285	2
164	288	1
164	290	1
164	291	2
164	292	1
164	294	1
164	296	1
164	297	2
164	298	3
164	300	2
164	302	1
164	305	5
164	306	1
164	309	1
164	315	1
164	316	1
164	318	2
164	319	1
164	320	1
164	322	1
164	327	1
164	331	1
164	333	1
164	334	1
164	335	1
164	336	3
164	337	2
164	340	2
164	342	1
164	343	3
164	345	2
164	346	1
164	347	2
164	349	1
164	351	1
164	352	1
164	353	3
164	355	1
164	358	3
164	359	1
164	360	3
164	361	1
164	362	3
164	366	1
164	375	1
164	376	1
164	377	1
164	383	1
164	390	1
164	393	1
164	395	2
164	397	2
164	399	1
164	403	1
164	404	2
164	412	1
164	416	1
164	423	2
164	426	1
164	428	1
164	429	1
164	430	2
164	431	1
164	432	2
164	434	4
164	435	6
164	436	1
164	437	1
164	439	5
164	442	2
164	443	1
164	444	1
164	449	1
164	451	2
164	452	1
164	453	1
164	455	1
164	461	1
164	468	1
164	469	1
164	476	1
164	486	1
164	489	1
164	491	1
164	492	1
164	494	1
164	500	1
164	505	2
164	506	2
164	507	1
164	512	1
164	513	1
164	514	1
164	517	1
164	518	3
164	528	2
164	530	1
164	531	1
164	532	1
164	538	1
164	540	1
164	541	3
164	552	2
164	556	1
164	561	1
164	563	1
164	567	1
164	572	1
164	574	1
164	578	1
164	579	2
164	580	3
164	598	1
164	599	1
165	174	1
165	176	2
165	178	2
165	181	3
165	183	1
165	184	1
165	186	1
165	192	3
165	197	2
165	199	1
165	201	2
165	205	4
165	209	1
165	210	1
165	212	1
165	215	1
165	221	1
165	224	2
165	235	1
165	237	5
165	238	1
165	240	2
165	241	7
165	248	5
165	249	3
165	250	1
165	252	3
165	253	4
165	255	5
165	259	1
165	260	2
165	261	1
165	264	2
165	265	2
165	266	1
165	267	1
165	268	3
165	270	2
165	271	2
165	272	1
165	274	2
165	276	2
165	277	3
165	280	1
165	281	4
165	282	3
165	289	2
165	291	1
165	292	1
165	293	2
165	294	2
165	295	3
165	297	3
165	300	2
165	302	6
165	303	2
165	306	1
165	308	1
165	317	1
165	319	2
165	321	1
165	322	2
165	329	3
165	330	2
165	339	2
165	343	3
165	344	1
165	352	1
165	353	1
165	355	5
165	356	2
165	357	1
165	358	4
165	360	3
165	361	1
165	362	2
165	363	3
165	364	2
165	366	2
165	373	4
165	380	1
165	381	1
165	387	2
165	390	1
165	391	1
165	397	1
165	398	1
165	403	1
165	406	2
165	409	1
165	410	1
165	412	1
165	416	2
165	434	3
165	438	1
165	442	2
165	448	1
165	451	1
165	455	1
165	466	2
165	472	3
165	486	5
165	489	1
165	490	2
165	491	1
165	500	3
165	501	2
165	503	1
165	507	5
165	512	1
165	517	1
165	526	1
165	530	1
165	537	2
165	538	1
165	539	5
165	545	2
165	552	4
165	566	2
165	567	1
165	568	1
165	578	1
165	579	1
165	580	1
165	591	3
165	598	1
166	167	1
166	169	1
166	198	1
166	202	2
166	218	1
166	220	1
166	236	1
166	246	1
166	248	1
166	255	1
166	279	1
166	300	1
166	302	1
166	306	1
166	319	1
166	320	1
166	353	2
166	358	1
166	362	1
166	370	1
166	372	1
166	374	1
166	426	1
166	437	2
166	439	1
166	458	1
166	535	1
166	538	2
166	545	1
166	552	1
166	579	1
167	198	1
167	200	1
167	202	1
167	203	1
167	205	2
167	209	1
167	218	2
167	220	1
167	248	1
167	250	1
167	257	1
167	279	1
167	283	1
167	299	1
167	300	1
167	306	1
167	319	1
167	320	1
167	336	1
167	351	2
167	353	1
167	362	1
167	370	1
167	372	1
167	400	1
167	403	3
167	407	1
167	410	1
167	417	1
167	426	1
167	428	1
167	437	1
167	439	1
167	472	1
167	481	1
167	482	1
167	501	1
167	535	1
167	538	3
167	552	1
167	579	1
169	173	3
169	175	2
169	176	1
169	194	3
169	198	1
169	207	1
169	218	1
169	220	3
169	222	1
169	230	1
169	231	1
169	232	1
169	250	4
169	257	1
169	263	3
169	265	1
169	267	9
169	277	1
169	281	1
169	283	2
169	288	1
169	303	1
169	317	1
169	318	1
169	321	1
169	322	1
169	326	1
169	329	1
169	340	1
169	343	1
169	344	1
169	355	1
169	358	1
169	359	2
169	365	1
169	376	1
169	402	1
169	452	1
169	453	1
169	457	1
169	458	1
169	481	1
169	484	1
169	492	1
169	505	1
169	516	1
169	518	1
169	580	1
169	596	1
169	598	1
170	172	1
170	173	1
170	176	1
170	178	1
170	181	1
170	186	2
170	193	1
170	197	1
170	199	2
170	205	1
170	206	4
170	207	1
170	210	1
170	211	1
170	212	1
170	219	1
170	221	1
170	222	1
170	236	1
170	238	1
170	241	2
170	242	1
170	253	1
170	255	1
170	263	1
170	265	2
170	280	1
170	281	1
170	295	1
170	297	1
170	298	1
170	302	2
170	303	1
170	306	1
170	314	1
170	316	1
170	318	1
170	327	1
170	353	1
170	362	1
170	376	1
170	379	1
170	387	2
170	389	1
170	397	1
170	404	1
170	409	1
170	416	1
170	423	1
170	426	1
170	432	1
170	434	1
170	439	1
170	442	1
170	447	1
170	468	1
170	469	2
170	477	1
170	506	1
170	517	1
170	525	1
170	548	1
170	552	1
170	554	2
170	574	1
170	580	2
171	173	1
171	180	2
171	186	1
171	187	2
171	191	1
171	204	1
171	222	2
171	239	2
171	294	2
171	360	1
171	394	1
171	461	1
171	478	1
171	506	2
171	528	1
171	547	1
171	561	1
172	176	1
172	178	1
172	183	1
172	184	1
172	186	1
172	191	1
172	192	1
172	197	2
172	198	1
172	204	1
172	205	1
172	206	1
172	209	1
172	218	1
172	219	1
172	222	1
172	225	1
172	235	2
172	236	1
172	238	1
172	240	3
172	241	2
172	243	1
172	244	1
172	246	1
172	248	1
172	250	1
172	251	1
172	253	1
172	254	1
172	259	1
172	262	1
172	263	1
172	270	1
172	276	1
172	277	3
172	280	3
172	282	1
172	284	1
172	288	1
172	289	1
172	291	1
172	292	1
172	295	4
172	300	1
172	302	6
172	303	2
172	309	1
172	314	1
172	315	5
172	318	2
172	322	1
172	330	1
172	339	2
172	340	2
172	342	1
172	343	1
172	346	1
172	350	1
172	351	1
172	353	1
172	358	1
172	360	1
172	363	3
172	364	2
172	367	1
172	368	1
172	369	1
172	379	1
172	387	1
172	389	1
172	393	2
172	396	1
172	397	1
172	399	1
172	404	1
172	408	1
172	410	1
172	411	3
172	416	1
172	426	1
172	447	1
172	466	2
172	469	1
172	470	1
172	473	1
172	475	1
172	477	1
172	480	1
172	482	1
172	485	1
172	490	1
172	492	1
172	494	1
172	501	1
172	502	1
172	505	1
172	507	2
172	509	1
172	525	1
172	528	1
172	533	1
172	539	2
172	540	1
172	544	1
172	548	1
172	554	1
172	572	1
172	574	1
172	580	1
172	591	1
172	593	2
173	177	2
173	178	3
173	180	1
173	181	4
173	184	2
173	185	2
173	186	1
173	190	1
173	191	1
173	192	1
173	194	1
173	199	3
173	204	1
173	206	1
173	211	3
173	212	5
173	218	3
173	220	1
173	221	1
173	222	3
173	226	1
173	229	1
173	235	1
173	239	1
173	241	3
173	243	1
173	246	1
173	248	1
173	249	1
173	250	6
173	255	2
173	259	2
173	262	2
173	263	3
173	264	2
173	265	6
173	267	1
173	269	1
173	271	1
173	277	1
173	279	2
173	280	1
173	281	2
173	282	4
173	285	1
173	286	1
173	288	1
173	289	3
173	291	3
173	293	1
173	294	4
173	297	1
173	298	2
173	300	2
173	302	1
173	305	2
173	306	3
173	307	1
173	316	1
173	318	3
173	321	1
173	322	1
173	324	1
173	327	1
173	328	1
173	331	1
173	338	1
173	340	2
173	342	1
173	343	1
173	347	1
173	353	2
173	358	1
173	359	2
173	360	2
173	362	3
173	363	4
173	367	1
173	370	1
173	374	1
173	376	1
173	384	1
173	394	2
173	395	3
173	397	1
173	399	1
173	400	1
173	404	1
173	410	1
173	411	4
173	412	2
173	416	4
173	421	1
173	423	1
173	426	1
173	432	1
173	434	1
173	438	1
173	439	1
173	442	2
173	444	2
173	447	1
173	451	1
173	458	2
173	461	1
173	463	1
173	465	1
173	468	1
173	469	1
173	473	1
173	477	1
173	478	1
173	492	2
173	505	1
173	506	2
173	517	1
173	518	2
173	525	3
173	528	1
173	537	1
173	540	1
173	552	1
173	556	1
173	567	1
173	574	1
173	580	3
173	592	1
173	595	1
173	596	1
173	598	1
174	184	1
174	186	1
174	187	1
174	199	3
174	200	1
174	205	1
174	209	1
174	215	2
174	221	1
174	224	1
174	235	1
174	238	3
174	241	1
174	242	1
174	249	2
174	251	1
174	253	2
174	258	1
174	264	2
174	267	1
174	270	1
174	274	1
174	276	1
174	277	2
174	283	1
174	293	2
174	294	2
174	297	1
174	303	1
174	308	1
174	322	2
174	323	1
174	331	1
174	352	2
174	356	5
174	358	3
174	362	2
174	363	2
174	365	1
174	372	1
174	373	1
174	387	8
174	391	1
174	406	1
174	408	1
174	412	1
174	413	1
174	419	2
174	428	1
174	436	1
174	448	1
174	466	3
174	486	1
174	500	2
174	527	1
174	545	2
174	552	1
174	554	1
174	568	1
174	578	1
174	580	1
174	587	1
174	591	1
175	182	2
175	184	1
175	208	1
175	214	1
175	216	4
175	220	1
175	222	1
175	226	2
175	227	1
175	232	1
175	243	9
175	261	1
175	263	3
175	267	2
175	274	1
175	283	1
175	288	1
175	292	1
175	330	1
175	359	2
175	390	1
175	399	2
175	418	1
175	457	1
175	481	1
175	489	1
175	516	1
175	571	1
175	575	1
176	178	1
176	180	1
176	181	1
176	186	3
176	191	1
176	192	1
176	197	1
176	205	1
176	206	2
176	207	1
176	208	1
176	209	2
176	212	2
176	215	2
176	218	1
176	219	1
176	221	2
176	227	1
176	230	1
176	231	1
176	233	1
176	236	1
176	237	2
176	238	1
176	240	1
176	241	5
176	244	1
176	248	1
176	253	1
176	255	1
176	257	1
176	259	2
176	260	2
176	264	1
176	265	2
176	266	1
176	267	1
176	268	1
176	271	1
176	277	1
176	280	1
176	281	1
176	282	1
176	289	1
176	291	1
176	292	1
176	295	1
176	297	1
176	298	1
176	299	1
176	303	1
176	314	1
176	317	2
176	318	1
176	319	1
176	321	1
176	329	2
176	333	1
176	337	1
176	340	2
176	343	1
176	344	12
176	353	1
176	355	2
176	358	6
176	359	1
176	360	1
176	361	1
176	362	2
176	363	2
176	365	1
176	366	2
176	368	1
176	373	1
176	376	2
176	379	1
176	381	1
176	387	1
176	399	1
176	403	1
176	412	1
176	415	1
176	421	1
176	426	1
176	428	1
176	434	2
176	436	1
176	447	1
176	452	1
176	453	7
176	458	2
176	460	1
176	463	2
176	465	1
176	469	1
176	477	1
176	481	1
176	486	1
176	489	1
176	491	1
176	492	2
176	500	1
176	501	1
176	505	1
176	506	2
176	507	2
176	512	2
176	517	1
176	518	2
176	525	1
176	528	1
176	537	2
176	539	1
176	541	1
176	548	1
176	552	1
176	554	1
176	556	1
176	567	1
176	579	1
176	580	2
176	598	1
177	178	1
177	179	1
177	180	1
177	182	2
177	185	1
177	190	1
177	191	7
177	194	1
177	195	1
177	199	1
177	201	1
177	208	1
177	210	1
177	211	1
177	212	1
177	216	1
177	218	2
177	220	1
177	222	1
177	226	1
177	227	2
177	229	2
177	232	1
177	241	2
177	243	1
177	250	2
177	255	1
177	259	2
177	261	2
177	262	1
177	263	1
177	264	1
177	266	1
177	267	1
177	281	1
177	282	1
177	285	4
177	287	1
177	289	1
177	291	1
177	292	3
177	294	1
177	295	1
177	296	1
177	300	2
177	302	1
177	303	1
177	305	1
177	306	1
177	307	1
177	312	1
177	315	1
177	316	1
177	333	1
177	339	1
177	342	1
177	346	1
177	347	2
177	353	1
177	355	1
177	359	1
177	360	1
177	362	1
177	363	2
177	367	1
177	384	1
177	388	2
177	389	1
177	393	1
177	395	1
177	399	1
177	412	1
177	413	1
177	415	1
177	416	1
177	426	1
177	434	1
177	435	1
177	438	1
177	439	1
177	441	1
177	442	1
177	443	1
177	444	2
177	451	1
177	454	1
177	461	1
177	465	1
177	468	2
177	469	1
177	481	1
177	485	2
177	492	1
177	499	2
177	505	1
177	506	1
177	512	1
177	518	3
177	525	1
177	528	1
177	530	1
177	537	1
177	540	1
177	545	1
177	561	1
177	567	1
177	580	1
177	588	1
177	591	1
178	183	1
178	184	1
178	186	1
178	188	2
178	192	2
178	194	1
178	197	3
178	205	5
178	206	1
178	213	3
178	219	1
178	231	1
178	236	1
178	238	1
178	241	4
178	248	2
178	249	2
178	250	1
178	252	2
178	253	1
178	262	1
178	263	1
178	271	2
178	277	2
178	280	9
178	281	1
178	282	1
178	283	3
178	291	1
178	292	1
178	293	2
178	294	5
178	295	3
178	300	7
178	303	5
178	311	3
178	314	1
178	315	2
178	318	1
178	339	3
178	358	1
178	360	1
178	362	1
178	363	2
178	364	2
178	379	1
178	382	1
178	387	1
178	398	1
178	402	1
178	408	1
178	411	1
178	412	1
178	413	1
178	426	1
178	432	1
178	438	1
178	444	1
178	447	1
178	451	1
178	454	1
178	456	1
178	461	1
178	465	1
178	468	1
178	469	2
178	472	2
178	477	1
178	485	1
178	486	2
178	490	1
178	492	1
178	505	1
178	507	2
178	518	1
178	525	1
178	548	1
178	552	3
178	554	1
178	566	2
178	578	1
178	580	1
179	190	1
179	191	3
179	194	2
179	201	2
179	227	1
179	248	1
179	250	2
179	253	2
179	259	2
179	266	1
179	285	2
179	289	1
179	291	1
179	292	2
179	295	1
179	300	1
179	312	1
179	315	2
179	320	1
179	333	1
179	347	1
179	363	1
179	364	1
179	365	1
179	367	1
179	387	1
179	388	2
179	408	2
179	428	1
179	444	1
179	468	2
179	494	1
179	499	1
179	507	1
179	518	1
179	567	1
180	181	1
180	185	5
180	186	1
180	187	3
180	190	1
180	191	1
180	194	1
180	208	1
180	209	1
180	211	1
180	212	1
180	218	1
180	222	7
180	226	1
180	229	1
180	239	1
180	241	1
180	243	1
180	250	1
180	255	1
180	258	4
180	260	1
180	261	1
180	262	1
180	271	1
180	273	1
180	282	1
180	283	1
180	285	1
180	294	4
180	295	1
180	299	1
180	300	1
180	305	1
180	317	1
180	328	1
180	333	1
180	340	1
180	342	4
180	347	1
180	348	1
180	353	1
180	355	1
180	358	1
180	359	1
180	362	1
180	395	2
180	396	1
180	399	1
180	408	1
180	426	1
180	430	1
180	436	1
180	440	1
180	442	1
180	444	1
180	446	2
180	450	1
180	461	1
180	463	1
180	466	1
180	467	1
180	471	1
180	489	1
180	506	3
180	517	1
180	518	4
180	528	1
180	540	1
180	557	4
180	560	1
180	561	1
180	567	1
180	571	1
180	576	3
180	577	1
180	578	1
181	184	1
181	185	1
181	188	1
181	189	2
181	192	2
181	197	1
181	199	5
181	204	2
181	207	3
181	210	2
181	212	2
181	223	1
181	230	1
181	237	1
181	240	1
181	241	4
181	242	6
181	246	3
181	247	1
181	249	2
181	250	2
181	253	1
181	255	1
181	259	2
181	260	1
181	264	3
181	265	4
181	268	1
181	272	1
181	277	1
181	278	2
181	282	1
181	286	2
181	288	1
181	289	6
181	290	2
181	291	1
181	293	2
181	294	1
181	297	1
181	302	4
181	305	1
181	306	5
181	309	1
181	310	1
181	317	1
181	318	1
181	321	1
181	322	1
181	327	1
181	329	1
181	330	1
181	331	4
181	336	1
181	340	3
181	343	4
181	344	1
181	351	1
181	352	5
181	355	2
181	357	1
181	358	2
181	360	1
181	362	4
181	363	3
181	366	1
181	367	2
181	370	1
181	373	1
181	381	1
181	382	1
181	387	2
181	393	1
181	394	1
181	395	15
181	398	1
181	400	1
181	404	2
181	408	1
181	411	4
181	412	1
181	413	1
181	416	3
181	417	1
181	421	1
181	430	1
181	434	1
181	435	1
181	436	1
181	437	2
181	447	1
181	452	2
181	455	2
181	469	1
181	471	1
181	477	1
181	492	2
181	500	3
181	501	2
181	506	1
181	507	5
181	517	2
181	518	2
181	529	1
181	530	1
181	531	1
181	537	2
181	539	1
181	547	1
181	552	1
181	554	2
181	556	2
181	568	1
181	580	1
181	593	7
182	184	2
182	201	1
182	208	3
182	214	10
182	220	2
182	263	6
182	267	1
182	274	1
182	283	1
182	288	11
182	291	1
182	296	1
182	330	2
182	355	1
182	399	1
182	411	1
182	418	1
182	441	1
182	481	1
182	489	1
182	518	1
183	210	1
183	215	1
183	240	1
183	241	2
183	260	1
183	264	1
183	265	1
183	274	1
183	297	1
183	302	1
183	306	1
183	319	1
183	356	1
183	357	1
183	380	1
183	387	1
183	397	1
183	434	1
183	437	1
183	438	1
183	442	1
183	451	1
183	455	1
183	507	1
183	526	1
183	538	1
183	539	1
183	545	1
183	567	1
183	568	1
183	580	1
183	593	1
184	186	1
184	190	1
184	191	1
184	194	2
184	198	1
184	199	5
184	204	2
184	208	2
184	209	2
184	210	2
184	211	2
184	212	6
184	218	7
184	220	5
184	221	1
184	222	1
184	227	1
184	235	1
184	237	2
184	241	1
184	242	1
184	243	1
184	244	3
184	248	4
184	249	2
184	250	1
184	251	1
184	252	1
184	253	1
184	254	1
184	259	5
184	260	1
184	261	2
184	262	1
184	263	3
184	265	3
184	267	1
184	270	3
184	274	1
184	277	3
184	281	1
184	282	4
184	283	1
184	285	1
184	288	3
184	289	1
184	290	1
184	291	5
184	292	2
184	295	3
184	297	1
184	298	1
184	300	2
184	302	1
184	303	1
184	309	1
184	315	1
184	317	2
184	318	9
184	322	2
184	324	2
184	328	2
184	330	3
184	331	1
184	333	1
184	337	1
184	342	1
184	343	1
184	345	1
184	346	2
184	350	1
184	351	1
184	352	2
184	353	1
184	356	1
184	358	4
184	360	3
184	362	2
184	364	2
184	367	1
184	368	1
184	375	2
184	376	1
184	379	2
184	381	2
184	383	1
184	387	1
184	390	5
184	397	4
184	398	2
184	399	1
184	404	2
184	410	2
184	413	1
184	415	1
184	416	2
184	418	1
184	423	2
184	432	2
184	434	2
184	441	1
184	451	3
184	458	1
184	466	2
184	470	1
184	473	1
184	476	1
184	478	2
184	480	1
184	481	1
184	482	1
184	485	1
184	486	2
184	489	2
184	492	2
184	500	1
184	502	1
184	503	2
184	505	2
184	506	2
184	507	2
184	509	1
184	513	1
184	514	1
184	517	2
184	518	2
184	519	1
184	525	4
184	528	1
184	530	3
184	531	1
184	537	2
184	539	3
184	540	2
184	541	2
184	544	1
184	545	2
184	552	1
184	559	2
184	572	2
184	574	1
184	578	2
184	579	1
184	591	1
184	593	1
184	599	1
185	187	2
185	190	1
185	194	1
185	204	2
185	211	1
185	212	2
185	216	1
185	222	4
185	226	2
185	227	1
185	228	1
185	229	1
185	241	2
185	243	1
185	246	1
185	249	1
185	250	3
185	255	1
185	258	5
185	261	1
185	262	2
185	263	1
185	266	1
185	273	1
185	274	1
185	285	2
185	286	1
185	289	1
185	291	1
185	293	1
185	294	1
185	298	1
185	300	1
185	305	1
185	312	1
185	327	1
185	331	1
185	340	1
185	342	6
185	343	1
185	346	1
185	347	2
185	353	1
185	355	1
185	358	1
185	359	1
185	362	1
185	363	1
185	367	1
185	370	1
185	372	1
185	389	1
185	394	1
185	395	2
185	399	1
185	400	1
185	411	1
185	426	1
185	432	1
185	442	2
185	444	1
185	446	1
185	492	2
185	506	1
185	511	1
185	517	1
185	518	3
185	528	1
185	540	1
185	557	4
185	560	1
185	567	1
185	576	2
186	187	3
186	197	1
186	199	1
186	201	2
186	204	2
186	205	1
186	206	2
186	209	1
186	211	1
186	212	3
186	215	1
186	218	1
186	219	1
186	221	2
186	222	2
186	227	1
186	230	1
186	233	1
186	236	1
186	238	1
186	240	1
186	241	3
186	244	1
186	248	1
186	249	1
186	251	1
186	253	1
186	255	2
186	258	1
186	259	1
186	263	1
186	264	2
186	265	1
186	268	1
186	280	2
186	281	1
186	283	1
186	285	1
186	289	2
186	290	1
186	294	1
186	295	1
186	297	2
186	298	1
186	300	1
186	302	2
186	303	1
186	314	1
186	316	1
186	317	1
186	318	1
186	319	1
186	323	1
186	327	1
186	328	4
186	337	1
186	340	1
186	343	2
186	353	1
186	355	1
186	358	2
186	360	2
186	362	1
186	370	1
186	373	1
186	376	2
186	379	1
186	381	1
186	382	1
186	387	2
186	390	1
186	395	1
186	397	2
186	399	1
186	402	1
186	404	1
186	412	1
186	415	1
186	416	1
186	423	2
186	426	1
186	427	1
186	428	3
186	432	1
186	434	2
186	439	1
186	442	2
186	447	1
186	453	1
186	461	1
186	463	1
186	465	1
186	468	1
186	469	2
186	477	1
186	503	1
186	505	2
186	506	2
186	507	1
186	517	1
186	525	1
186	528	1
186	530	1
186	537	3
186	539	1
186	541	1
186	548	1
186	552	1
186	554	2
186	559	1
186	561	1
186	574	1
186	578	1
186	580	4
186	587	1
187	194	1
187	201	1
187	204	1
187	213	1
187	215	1
187	218	1
187	222	3
187	233	1
187	251	1
187	258	2
187	261	1
187	264	1
187	266	1
187	273	1
187	283	1
187	289	1
187	290	1
187	294	1
187	318	2
187	323	1
187	343	1
187	347	1
187	358	2
187	360	2
187	370	1
187	375	1
187	382	1
187	387	1
187	390	2
187	394	1
187	395	1
187	412	1
187	428	1
187	445	1
187	446	2
187	450	1
187	451	1
187	459	1
187	461	1
187	463	1
187	471	1
187	489	1
187	503	2
187	511	2
187	515	1
187	517	1
187	528	1
187	539	1
187	557	1
187	559	1
187	560	3
187	561	1
187	578	2
187	587	1
188	189	1
188	190	1
188	204	1
188	207	1
188	223	1
188	224	2
188	225	2
188	227	1
188	232	1
188	234	1
188	241	1
188	250	1
188	259	1
188	264	2
188	269	1
188	272	1
188	277	1
188	278	1
188	280	2
188	283	2
188	286	1
188	289	1
188	290	1
188	293	2
188	294	1
188	300	2
188	303	3
188	305	1
188	311	2
188	315	2
188	316	1
188	327	1
188	331	1
188	336	1
188	339	2
188	340	1
188	343	1
188	360	1
188	364	1
188	367	1
188	382	1
188	398	2
188	402	1
188	408	1
188	411	1
188	426	1
188	434	1
188	452	3
188	461	1
188	465	1
188	468	1
188	492	2
188	500	1
188	501	1
188	518	1
188	552	1
189	204	1
189	207	1
189	223	1
189	227	1
189	230	1
189	241	1
189	245	1
189	246	1
189	247	3
189	250	1
189	259	1
189	264	1
189	272	1
189	278	1
189	286	1
189	288	1
189	289	1
189	290	1
189	291	1
189	293	1
189	296	1
189	297	1
189	305	3
189	309	1
189	322	1
189	327	1
189	331	1
189	334	1
189	335	1
189	336	3
189	337	2
189	340	1
189	343	2
189	351	1
189	358	1
189	360	1
189	367	1
189	377	2
189	395	1
189	411	1
189	429	1
189	430	2
189	435	5
189	436	1
189	439	2
189	449	1
189	452	1
189	455	1
189	492	1
189	494	1
189	500	2
189	501	1
189	518	2
189	556	1
189	563	1
189	580	1
190	191	1
190	194	1
190	210	1
190	211	1
190	212	2
190	216	1
190	218	1
190	222	1
190	224	1
190	225	3
190	226	1
190	227	2
190	229	1
190	232	2
190	241	3
190	243	1
190	244	2
190	247	1
190	248	1
190	250	1
190	255	1
190	259	1
190	262	1
190	263	1
190	264	1
190	271	1
190	282	1
190	285	1
190	292	2
190	294	3
190	295	1
190	297	1
190	300	1
190	305	3
190	320	1
190	336	1
190	340	1
190	342	1
190	345	1
190	347	1
190	353	1
190	358	1
190	359	1
190	362	1
190	363	1
190	365	1
190	379	2
190	381	1
190	384	1
190	387	1
190	393	1
190	395	1
190	398	1
190	399	1
190	411	1
190	413	1
190	426	2
190	428	2
190	431	1
190	432	2
190	434	1
190	435	1
190	439	1
190	441	1
190	442	1
190	444	1
190	452	1
190	454	1
190	456	2
190	457	1
190	458	2
190	461	2
190	465	2
190	492	1
190	506	1
190	507	1
190	512	1
190	513	1
190	518	1
190	528	1
190	530	2
190	540	1
190	545	1
190	556	1
190	559	2
190	567	2
190	578	2
190	582	1
190	592	1
190	593	1
191	195	1
191	198	1
191	204	1
191	208	2
191	209	2
191	211	1
191	212	1
191	218	2
191	222	1
191	223	2
191	225	1
191	227	1
191	232	2
191	235	1
191	241	1
191	243	1
191	244	1
191	248	2
191	250	3
191	251	1
191	254	1
191	259	4
191	260	1
191	261	1
191	262	1
191	263	1
191	266	1
191	270	1
191	271	1
191	277	1
191	282	1
191	285	5
191	287	1
191	288	1
191	289	2
191	291	2
191	292	3
191	295	2
191	299	1
191	303	1
191	306	1
191	307	1
191	309	1
191	312	1
191	315	2
191	318	1
191	320	1
191	321	1
191	322	1
191	329	1
191	330	1
191	333	2
191	338	1
191	339	1
191	342	1
191	343	1
191	346	1
191	347	1
191	350	1
191	351	1
191	353	1
191	358	2
191	360	1
191	363	1
191	364	1
191	365	1
191	367	2
191	368	1
191	384	2
191	387	1
191	388	3
191	389	1
191	397	3
191	399	1
191	404	1
191	410	2
191	416	1
191	426	1
191	427	1
191	428	1
191	431	1
191	435	1
191	436	1
191	439	1
191	442	1
191	454	1
191	463	1
191	466	1
191	468	3
191	470	1
191	473	1
191	480	1
191	482	1
191	485	1
191	490	1
191	492	1
191	499	2
191	502	1
191	505	1
191	506	2
191	507	2
191	509	1
191	517	1
191	518	3
191	528	3
191	529	2
191	539	1
191	540	1
191	544	1
191	547	1
191	560	1
191	561	1
191	567	2
191	572	1
191	574	1
191	592	2
191	593	1
191	598	1
192	197	3
192	205	2
192	211	1
192	212	1
192	218	1
192	222	1
192	234	1
192	235	1
192	237	1
192	238	1
192	241	3
192	246	1
192	248	4
192	249	3
192	252	3
192	253	1
192	264	3
192	265	2
192	266	1
192	271	3
192	276	1
192	277	4
192	279	1
192	280	2
192	281	1
192	282	4
192	287	1
192	289	1
192	291	2
192	292	1
192	293	1
192	294	3
192	295	2
192	300	2
192	303	2
192	308	1
192	319	1
192	322	1
192	328	1
192	330	1
192	339	2
192	343	1
192	353	1
192	354	1
192	355	1
192	358	1
192	359	1
192	360	1
192	361	1
192	362	2
192	363	4
192	365	1
192	366	1
192	374	1
192	387	1
192	401	1
192	403	1
192	406	1
192	412	2
192	416	1
192	419	1
192	434	1
192	472	2
192	473	1
192	486	3
192	489	1
192	490	1
192	491	1
192	507	5
192	512	1
192	520	1
192	552	3
192	566	2
192	568	1
192	579	1
192	593	1
192	595	1
192	598	1
193	206	6
193	215	2
193	242	1
193	277	2
194	198	1
194	203	1
194	207	1
194	209	5
194	211	1
194	212	1
194	213	2
194	220	2
194	222	3
194	226	1
194	229	1
194	241	2
194	243	1
194	250	2
194	255	1
194	262	2
194	263	1
194	267	2
194	277	1
194	281	1
194	285	1
194	291	1
194	292	1
194	294	2
194	300	1
194	305	1
194	317	1
194	321	1
194	324	2
194	339	1
194	340	3
194	341	2
194	342	1
194	343	1
194	347	1
194	353	1
194	359	2
194	362	2
194	393	1
194	395	1
194	396	1
194	399	1
194	402	1
194	411	4
194	426	1
194	442	1
194	444	2
194	466	2
194	467	3
194	485	1
194	489	1
194	506	3
194	518	2
194	528	1
194	537	1
194	540	1
194	567	1
195	211	1
195	220	1
195	221	1
195	241	1
195	244	3
195	249	1
195	254	2
195	255	1
195	256	1
195	259	1
195	263	1
195	266	4
195	271	1
195	278	1
195	284	1
195	288	2
195	289	1
195	299	1
195	301	4
195	312	3
195	322	2
195	327	3
195	343	1
195	355	2
195	362	1
195	371	1
195	389	1
195	395	1
195	468	1
195	473	1
195	475	1
195	492	3
195	500	1
195	537	1
195	546	1
196	323	1
196	352	1
196	518	1
197	205	3
197	206	1
197	219	1
197	224	1
197	236	1
197	238	2
197	241	3
197	248	2
197	249	2
197	252	2
197	253	1
197	271	2
197	280	1
197	293	1
197	294	1
197	295	3
197	300	2
197	303	3
197	314	1
197	318	1
197	323	1
197	339	2
197	362	1
197	363	1
197	379	1
197	387	1
197	412	1
197	426	1
197	447	1
197	469	1
197	472	2
197	477	1
197	486	2
197	490	1
197	493	2
197	507	3
197	525	1
197	548	1
197	552	2
197	554	1
197	566	2
197	580	1
197	593	1
198	199	2
198	202	1
198	204	1
198	205	1
198	207	2
198	209	1
198	212	4
198	214	1
198	218	4
198	220	3
198	222	1
198	235	3
198	239	1
198	243	1
198	244	3
198	248	2
198	250	2
198	251	1
198	254	1
198	256	1
198	259	1
198	262	1
198	263	2
198	270	1
198	277	1
198	279	1
198	281	1
198	282	1
198	283	1
198	284	1
198	288	2
198	289	1
198	291	3
198	292	1
198	295	1
198	300	1
198	303	1
198	306	3
198	309	1
198	317	2
198	318	1
198	319	1
198	320	2
198	321	1
198	322	2
198	330	1
198	333	1
198	342	1
198	343	1
198	346	1
198	349	1
198	350	1
198	351	1
198	353	1
198	358	1
198	359	1
198	360	1
198	362	1
198	363	1
198	364	1
198	367	1
198	368	2
198	372	1
198	379	2
198	381	2
198	397	1
198	399	1
198	401	1
198	402	5
198	404	1
198	410	1
198	416	1
198	437	2
198	439	1
198	458	1
198	466	1
198	469	2
198	470	2
198	472	1
198	473	1
198	480	1
198	482	2
198	484	1
198	485	1
198	489	2
198	492	1
198	501	1
198	502	1
198	505	1
198	507	2
198	509	1
198	518	1
198	528	1
198	529	1
198	530	4
198	535	1
198	538	1
198	539	1
198	540	1
198	544	1
198	552	1
198	567	2
198	572	1
198	574	1
198	575	1
198	579	1
198	591	1
198	593	1
199	201	1
199	206	1
199	207	4
199	210	7
199	211	1
199	212	11
199	218	2
199	221	1
199	222	1
199	227	1
199	237	1
199	241	3
199	242	5
199	244	2
199	246	1
199	248	1
199	250	1
199	251	1
199	252	1
199	253	1
199	255	1
199	256	1
199	259	3
199	263	1
199	265	6
199	267	1
199	268	1
199	277	1
199	281	2
199	282	3
199	286	1
199	287	1
199	289	1
199	290	1
199	292	1
199	294	4
199	295	2
199	297	2
199	298	2
199	300	1
199	302	5
199	303	2
199	306	12
199	308	1
199	315	1
199	316	1
199	317	1
199	318	4
199	327	1
199	329	1
199	330	1
199	331	3
199	333	1
199	346	1
199	349	1
199	352	1
199	353	2
199	358	1
199	360	1
199	362	4
199	363	1
199	373	3
199	374	1
199	376	1
199	379	3
199	381	2
199	382	1
199	383	1
199	387	5
199	390	2
199	393	1
199	395	1
199	397	2
199	398	1
199	400	1
199	402	1
199	404	6
199	412	1
199	413	1
199	416	3
199	423	3
199	426	1
199	428	1
199	432	1
199	434	4
199	439	1
199	442	1
199	444	1
199	447	1
199	451	1
199	452	1
199	458	1
199	468	1
199	469	4
199	475	1
199	477	1
199	481	1
199	490	1
199	492	1
199	500	1
199	503	1
199	505	3
199	506	2
199	507	2
199	509	2
199	517	1
199	518	1
199	519	1
199	525	2
199	527	2
199	530	2
199	531	1
199	541	1
199	545	1
199	548	1
199	552	1
199	554	3
199	574	1
199	575	1
199	579	2
199	580	1
199	593	1
199	599	1
200	205	1
200	220	1
200	235	7
200	236	1
200	244	2
200	250	1
200	255	2
200	256	1
200	263	2
200	267	3
200	271	4
200	277	1
200	280	1
200	288	2
200	291	1
200	299	2
200	310	2
200	315	1
200	322	4
200	338	1
200	343	1
200	351	1
200	352	2
200	356	3
200	359	1
200	362	2
200	363	3
200	369	3
200	370	2
200	371	2
200	372	2
200	397	2
200	400	1
200	401	1
200	409	2
200	421	2
200	428	1
200	437	8
200	445	1
200	470	1
200	472	1
200	481	1
200	486	2
200	492	1
200	494	1
200	501	5
200	544	1
200	547	2
201	204	1
201	213	1
201	218	1
201	225	1
201	235	2
201	236	1
201	240	1
201	241	2
201	245	1
201	248	1
201	250	1
201	253	3
201	255	1
201	258	1
201	264	3
201	268	1
201	269	2
201	271	1
201	272	1
201	277	1
201	279	1
201	282	1
201	289	2
201	290	1
201	296	2
201	297	1
201	302	3
201	305	1
201	315	4
201	316	2
201	330	1
201	331	1
201	339	3
201	340	2
201	343	2
201	345	1
201	346	1
201	355	2
201	358	2
201	360	2
201	363	1
201	364	2
201	370	1
201	373	1
201	382	1
201	393	1
201	395	2
201	406	1
201	410	1
201	411	4
201	419	1
201	433	1
201	435	2
201	438	1
201	442	1
201	478	1
201	491	1
201	492	1
201	493	1
201	496	2
201	503	1
201	518	1
201	533	1
201	537	1
201	539	1
201	559	1
201	591	1
202	218	1
202	220	1
202	248	1
202	279	1
202	300	1
202	306	1
202	319	1
202	320	1
202	362	1
202	372	1
202	437	2
202	439	1
202	535	1
202	538	2
202	552	1
202	579	1
203	209	9
203	218	1
203	220	2
203	245	2
203	250	1
203	283	3
203	292	1
203	295	4
203	306	2
203	315	4
203	317	1
203	318	1
203	336	2
203	339	7
203	340	3
203	341	6
203	346	2
203	365	1
203	369	1
203	396	1
203	411	1
203	417	1
203	422	1
203	426	3
203	438	4
203	440	2
203	457	1
203	461	1
203	466	2
203	467	3
203	492	1
203	495	2
203	496	1
203	506	1
203	518	3
203	552	2
203	589	2
204	207	1
204	209	2
204	216	1
204	218	3
204	221	1
204	222	1
204	223	1
204	235	1
204	237	1
204	241	1
204	243	1
204	244	1
204	246	1
204	248	1
204	249	1
204	250	3
204	251	1
204	254	1
204	256	1
204	257	1
204	258	1
204	259	2
204	260	2
204	261	1
204	262	1
204	263	1
204	264	1
204	270	2
204	272	1
204	277	1
204	278	2
204	282	1
204	286	2
204	288	1
204	289	5
204	290	2
204	291	1
204	292	1
204	293	2
204	295	1
204	299	1
204	301	1
204	303	1
204	309	1
204	318	2
204	322	1
204	327	1
204	330	1
204	331	3
204	340	2
204	342	2
204	343	5
204	346	1
204	350	1
204	351	1
204	352	1
204	353	1
204	358	2
204	360	6
204	363	1
204	364	1
204	365	1
204	367	3
204	368	1
204	370	2
204	376	1
204	379	1
204	381	2
204	382	1
204	388	1
204	394	1
204	395	1
204	397	1
204	398	1
204	399	1
204	400	1
204	404	1
204	410	1
204	411	2
204	415	1
204	416	1
204	427	2
204	432	1
204	434	1
204	448	1
204	452	1
204	466	1
204	470	1
204	473	1
204	476	1
204	480	1
204	482	1
204	485	1
204	486	1
204	489	1
204	492	3
204	500	1
204	501	1
204	502	1
204	503	1
204	505	1
204	507	1
204	509	1
204	517	1
204	518	3
204	528	1
204	537	2
204	539	5
204	540	1
204	544	1
204	545	1
204	559	1
204	572	1
204	574	1
204	591	1
204	593	1
205	206	1
205	207	1
205	209	1
205	210	1
205	212	1
205	213	1
205	216	1
205	219	1
205	221	1
205	224	2
205	235	1
205	236	1
205	238	2
205	241	5
205	248	4
205	249	3
205	250	4
205	252	2
205	253	2
205	256	1
205	258	1
205	259	1
205	264	1
205	267	1
205	270	1
205	271	2
205	274	1
205	276	2
205	277	1
205	280	6
205	282	1
205	283	1
205	284	1
205	293	3
205	294	3
205	295	3
205	297	1
205	300	2
205	303	4
205	308	1
205	314	1
205	315	2
205	318	1
205	319	1
205	322	1
205	328	1
205	330	3
205	339	3
205	349	1
205	352	1
205	356	2
205	357	1
205	358	2
205	362	3
205	363	3
205	364	2
205	368	1
205	373	1
205	379	2
205	387	7
205	390	1
205	391	1
205	393	1
205	400	1
205	401	1
205	402	1
205	403	1
205	406	2
205	413	1
205	426	1
205	428	1
205	439	1
205	447	1
205	448	1
205	466	1
205	469	2
205	471	1
205	472	5
205	477	1
205	484	1
205	486	3
205	489	1
205	490	2
205	500	3
205	501	1
205	507	2
205	516	1
205	518	1
205	525	1
205	538	2
205	539	1
205	545	1
205	548	1
205	552	3
205	554	2
205	559	1
205	566	2
205	578	2
205	580	1
205	591	1
205	593	1
206	211	1
206	212	1
206	215	2
206	219	1
206	221	1
206	222	1
206	236	1
206	238	1
206	241	2
206	253	1
206	255	1
206	263	1
206	265	1
206	280	1
206	281	1
206	295	1
206	297	1
206	298	1
206	302	1
206	303	1
206	314	1
206	316	1
206	318	1
206	327	1
206	331	1
206	344	1
206	353	1
206	362	1
206	376	1
206	379	1
206	387	1
206	397	1
206	404	1
206	416	1
206	423	1
206	426	1
206	432	1
206	434	1
206	439	1
206	442	1
206	447	1
206	468	1
206	469	2
206	477	1
206	506	1
206	517	1
206	525	1
206	548	1
206	552	1
206	554	1
206	574	1
206	580	2
207	210	2
207	212	1
207	223	1
207	241	1
207	242	2
207	250	2
207	256	1
207	259	1
207	264	1
207	265	2
207	272	1
207	278	1
207	281	1
207	284	1
207	286	1
207	289	1
207	290	1
207	293	1
207	302	3
207	306	2
207	327	1
207	331	1
207	340	1
207	343	1
207	349	1
207	359	1
207	360	3
207	363	1
207	367	1
207	368	1
207	387	3
207	401	1
207	402	2
207	411	1
207	421	1
207	434	1
207	437	1
207	452	1
207	453	1
207	458	1
207	473	1
207	484	1
207	492	2
207	500	1
207	501	1
207	504	2
207	518	1
207	527	1
207	528	1
207	547	1
207	554	4
208	209	2
208	214	1
208	218	1
208	220	2
208	222	2
208	232	1
208	260	2
208	263	3
208	267	1
208	271	1
208	274	1
208	283	1
208	285	1
208	288	2
208	292	1
208	299	2
208	306	1
208	321	1
208	330	2
208	333	1
208	338	1
208	358	2
208	418	1
208	435	1
208	436	2
208	439	1
208	463	1
208	481	1
208	489	1
208	506	1
208	518	1
208	561	1
209	218	4
209	220	3
209	221	3
209	222	1
209	224	1
209	233	1
209	235	2
209	237	1
209	238	1
209	241	1
209	243	1
209	244	1
209	248	1
209	249	1
209	250	2
209	251	1
209	253	1
209	254	1
209	259	2
209	260	3
209	261	1
209	262	1
209	263	1
209	267	1
209	270	3
209	271	1
209	274	1
209	276	1
209	277	2
209	282	1
209	283	2
209	288	1
209	289	1
209	291	1
209	292	1
209	295	2
209	297	1
209	299	2
209	302	1
209	303	1
209	308	1
209	309	1
209	317	1
209	318	3
209	322	2
209	330	1
209	333	1
209	336	1
209	339	3
209	341	5
209	342	1
209	343	1
209	346	1
209	347	1
209	350	1
209	351	1
209	352	2
209	353	1
209	356	1
209	358	4
209	360	3
209	364	1
209	365	2
209	367	1
209	368	1
209	373	1
209	376	1
209	379	1
209	381	1
209	387	1
209	391	1
209	393	1
209	396	4
209	397	1
209	398	1
209	399	1
209	404	1
209	406	1
209	410	1
209	415	1
209	416	1
209	417	1
209	418	2
209	426	1
209	432	1
209	434	2
209	436	2
209	437	1
209	438	2
209	440	2
209	448	1
209	451	1
209	453	1
209	463	2
209	466	2
209	467	3
209	470	1
209	471	2
209	473	1
209	476	1
209	480	1
209	482	1
209	485	1
209	486	2
209	489	1
209	492	1
209	500	1
209	502	1
209	505	1
209	506	3
209	507	1
209	509	1
209	510	1
209	517	1
209	518	3
209	528	1
209	537	3
209	539	2
209	540	1
209	541	1
209	544	1
209	545	3
209	572	1
209	574	1
209	589	1
209	591	2
209	593	1
210	212	2
210	213	1
210	215	1
210	218	3
210	241	3
210	242	3
210	260	1
210	265	3
210	274	1
210	277	1
210	282	1
210	287	1
210	289	1
210	290	1
210	292	1
210	293	1
210	295	1
210	297	1
210	298	1
210	300	2
210	302	2
210	303	1
210	306	5
210	318	1
210	319	1
210	322	1
210	331	1
210	333	1
210	339	1
210	340	1
210	345	1
210	346	1
210	350	1
210	351	1
210	352	1
210	356	1
210	357	2
210	358	2
210	362	2
210	373	1
210	374	1
210	379	1
210	380	1
210	381	1
210	382	1
210	383	1
210	387	3
210	390	1
210	393	2
210	396	1
210	397	2
210	404	3
210	413	2
210	416	1
210	423	2
210	434	3
210	438	1
210	442	1
210	444	2
210	451	2
210	455	1
210	481	1
210	492	1
210	505	1
210	513	1
210	518	2
210	526	1
210	530	2
210	531	2
210	538	1
210	539	1
210	541	1
210	545	3
210	554	2
210	559	1
210	567	1
210	568	2
210	577	1
210	578	1
210	579	1
210	580	1
210	599	1
211	212	4
211	218	1
211	220	1
211	221	1
211	222	4
211	226	1
211	229	1
211	232	1
211	233	1
211	234	1
211	235	2
211	238	1
211	241	4
211	243	1
211	244	1
211	246	1
211	249	1
211	250	1
211	255	2
211	256	1
211	259	1
211	262	1
211	263	1
211	264	2
211	265	4
211	271	2
211	276	1
211	278	1
211	280	2
211	281	1
211	282	2
211	284	1
211	285	1
211	289	1
211	291	1
211	294	3
211	297	1
211	298	2
211	300	1
211	301	1
211	302	1
211	305	2
211	308	1
211	314	1
211	316	1
211	318	1
211	321	2
211	326	1
211	327	1
211	329	1
211	336	1
211	342	1
211	343	1
211	347	1
211	351	1
211	353	2
211	355	1
211	359	2
211	362	5
211	363	2
211	375	1
211	376	1
211	395	2
211	397	1
211	399	1
211	404	1
211	406	1
211	410	1
211	411	1
211	412	2
211	416	3
211	419	1
211	423	1
211	426	1
211	432	2
211	434	1
211	439	2
211	441	1
211	442	3
211	444	1
211	447	1
211	451	1
211	468	2
211	469	1
211	473	3
211	475	1
211	477	1
211	492	1
211	494	2
211	506	3
211	507	3
211	517	2
211	518	2
211	528	1
211	530	1
211	537	1
211	539	1
211	540	1
211	541	1
211	552	1
211	560	1
211	567	1
211	572	1
211	574	1
211	580	2
211	595	2
212	215	1
212	216	1
212	218	2
212	221	1
212	222	2
212	225	1
212	226	2
212	227	4
212	229	1
212	237	1
212	241	6
212	242	2
212	243	1
212	244	5
212	246	1
212	248	4
212	250	3
212	254	1
212	255	2
212	256	1
212	259	3
212	262	2
212	263	3
212	264	1
212	265	6
212	266	2
212	274	1
212	277	2
212	281	3
212	282	3
212	284	1
212	285	2
212	288	1
212	291	4
212	292	2
212	294	1
212	297	2
212	298	2
212	300	1
212	302	4
212	305	1
212	306	6
212	312	1
212	316	1
212	317	2
212	318	3
212	319	1
212	321	2
212	327	2
212	328	2
212	329	1
212	331	2
212	337	2
212	340	2
212	342	1
212	343	1
212	347	2
212	349	1
212	353	3
212	355	2
212	358	2
212	359	1
212	360	3
212	361	1
212	362	2
212	366	2
212	368	1
212	372	1
212	374	1
212	375	1
212	376	2
212	379	2
212	381	2
212	387	1
212	390	2
212	395	1
212	397	4
212	399	2
212	401	1
212	402	1
212	403	1
212	404	3
212	410	1
212	412	1
212	415	1
212	416	1
212	423	2
212	425	1
212	426	1
212	428	3
212	432	2
212	434	2
212	439	1
212	441	1
212	442	4
212	444	1
212	451	1
212	458	1
212	465	1
212	468	2
212	469	3
212	482	1
212	484	1
212	486	1
212	489	1
212	491	1
212	492	2
212	501	1
212	505	1
212	506	2
212	507	4
212	509	1
212	512	1
212	514	1
212	517	2
212	518	1
212	525	3
212	528	3
212	530	2
212	537	2
212	540	1
212	552	2
212	559	1
212	560	1
212	567	1
212	574	2
212	575	1
212	579	1
212	580	2
212	598	1
213	218	1
213	238	1
213	241	1
213	244	1
213	269	1
213	280	3
213	283	1
213	293	5
213	294	2
213	295	1
213	302	1
213	303	1
213	315	3
213	316	1
213	318	1
213	339	2
213	356	1
213	362	1
213	364	2
213	391	1
213	393	1
213	398	1
213	413	2
213	418	1
213	432	1
213	469	1
213	471	1
213	509	1
213	514	1
213	566	1
213	591	2
213	593	1
214	216	1
214	220	1
214	222	1
214	223	1
214	261	1
214	263	8
214	267	1
214	273	1
214	288	11
214	292	1
214	330	1
214	348	2
214	399	1
214	418	1
214	441	1
214	446	1
214	454	1
214	460	1
214	462	1
214	471	1
214	489	1
214	505	1
214	516	1
214	556	1
214	567	1
214	572	1
215	241	1
215	242	1
215	251	1
215	258	1
215	260	1
215	264	1
215	265	1
215	274	1
215	283	1
215	293	1
215	294	1
215	297	1
215	306	1
215	319	1
215	323	1
215	356	1
215	357	1
215	358	1
215	365	1
215	380	1
215	387	3
215	397	1
215	412	1
215	419	1
215	428	1
215	434	1
215	436	1
215	438	1
215	442	1
215	451	1
215	453	1
215	455	1
215	466	1
215	526	1
215	538	1
215	545	2
215	552	1
215	554	1
215	556	1
215	567	1
215	568	1
215	578	1
215	580	2
215	587	1
216	218	1
216	222	1
216	226	3
216	227	1
216	231	1
216	232	2
216	241	1
216	243	2
216	244	2
216	248	1
216	250	2
216	258	1
216	261	1
216	262	1
216	263	2
216	264	1
216	266	1
216	274	1
216	288	1
216	291	1
216	292	4
216	298	1
216	302	1
216	303	1
216	312	1
216	316	1
216	319	1
216	327	1
216	347	1
216	355	1
216	358	1
216	359	1
216	372	1
216	387	1
216	399	2
216	415	1
216	432	1
216	441	3
216	442	1
216	452	1
216	454	2
216	456	2
216	457	2
216	458	1
216	462	1
216	468	4
216	469	2
216	471	1
216	481	1
216	489	1
216	492	1
216	500	1
216	517	1
216	537	1
216	552	1
216	556	1
216	559	1
216	561	1
216	571	2
216	578	1
216	582	1
216	588	1
216	591	1
216	592	5
217	222	2
217	295	1
217	399	1
217	441	1
217	486	2
218	220	2
218	221	1
218	222	1
218	227	9
218	230	2
218	231	1
218	232	1
218	233	2
218	234	1
218	235	1
218	237	1
218	240	1
218	241	1
218	242	1
218	243	1
218	244	1
218	248	3
218	250	5
218	251	1
218	254	1
218	255	1
218	259	4
218	260	3
218	261	1
218	262	2
218	263	5
218	264	2
218	270	3
218	271	1
218	274	2
218	277	1
218	279	3
218	282	2
218	283	1
218	287	2
218	288	1
218	289	2
218	290	2
218	291	5
218	292	5
218	293	1
218	294	2
218	295	2
218	298	5
218	299	1
218	300	2
218	302	5
218	303	3
218	305	2
218	306	1
218	307	1
218	309	1
218	315	1
218	316	1
218	318	10
218	319	1
218	320	2
218	322	2
218	328	1
218	330	1
218	331	1
218	333	2
218	335	1
218	336	1
218	337	2
218	338	1
218	342	1
218	343	2
218	344	1
218	345	4
218	346	2
218	347	3
218	348	1
218	350	1
218	351	1
218	352	2
218	353	1
218	358	6
218	359	1
218	360	7
218	362	3
218	363	1
218	364	1
218	367	1
218	368	1
218	369	1
218	370	1
218	372	1
218	375	2
218	376	1
218	378	1
218	379	2
218	381	2
218	382	1
218	383	1
218	390	1
218	393	2
218	394	1
218	395	1
218	397	2
218	398	2
218	399	1
218	404	2
218	410	3
218	413	2
218	415	2
218	416	3
218	417	1
218	418	1
218	423	1
218	426	1
218	428	1
218	432	2
218	434	5
218	435	1
218	436	1
218	437	1
218	439	2
218	441	2
218	443	1
218	444	2
218	451	5
218	452	2
218	454	1
218	455	1
218	456	1
218	458	2
218	463	5
218	466	1
218	468	1
218	469	1
218	470	1
218	471	1
218	473	1
218	476	1
218	480	1
218	481	1
218	482	1
218	485	2
218	486	1
218	489	1
218	492	3
218	502	1
218	503	2
218	505	2
218	506	1
218	507	1
218	509	2
218	513	1
218	514	2
218	517	1
218	518	5
218	525	2
218	528	1
218	530	5
218	531	1
218	532	1
218	535	1
218	537	1
218	538	1
218	539	3
218	540	1
218	541	3
218	544	1
218	545	3
218	552	1
218	559	3
218	566	1
218	568	1
218	572	2
218	574	1
218	578	2
218	579	2
218	580	1
218	588	1
218	591	3
218	593	3
218	596	1
218	599	1
219	224	1
219	236	1
219	238	1
219	241	4
219	253	1
219	280	1
219	282	3
219	295	1
219	297	1
219	302	1
219	303	1
219	314	1
219	315	1
219	318	1
219	340	1
219	365	2
219	379	1
219	387	1
219	415	1
219	426	1
219	434	1
219	447	1
219	466	1
219	469	1
219	477	1
219	520	1
219	525	1
219	548	1
219	554	1
219	580	1
220	222	1
220	223	1
220	230	1
220	235	2
220	241	1
220	244	1
220	248	2
220	249	1
220	250	4
220	256	1
220	258	1
220	261	1
220	263	4
220	264	1
220	267	2
220	274	3
220	278	1
220	279	1
220	283	2
220	284	1
220	288	2
220	291	2
220	292	3
220	295	2
220	300	1
220	301	1
220	306	3
220	317	2
220	318	2
220	319	1
220	320	1
220	324	2
220	326	1
220	330	1
220	333	1
220	338	3
220	339	3
220	341	2
220	343	1
220	351	1
220	356	1
220	358	2
220	359	1
220	362	3
220	365	1
220	369	3
220	371	2
220	372	4
220	374	1
220	375	1
220	387	1
220	418	1
220	428	1
220	434	1
220	437	2
220	438	1
220	439	1
220	440	2
220	451	1
220	454	1
220	458	1
220	460	1
220	466	1
220	470	1
220	473	1
220	475	1
220	481	1
220	486	1
220	489	2
220	500	1
220	501	2
220	506	1
220	510	1
220	518	3
220	535	1
220	537	1
220	538	1
220	552	2
220	556	1
220	561	1
220	567	1
220	579	1
220	580	1
220	589	2
220	599	1
221	222	1
221	224	1
221	233	1
221	235	1
221	237	1
221	238	1
221	241	1
221	249	1
221	253	1
221	255	3
221	259	1
221	260	1
221	261	1
221	263	1
221	265	1
221	267	1
221	270	2
221	274	2
221	276	1
221	277	1
221	281	1
221	297	2
221	298	1
221	302	1
221	308	1
221	316	1
221	318	1
221	322	2
221	327	1
221	352	2
221	353	1
221	355	2
221	356	1
221	358	1
221	360	1
221	362	2
221	373	1
221	376	2
221	379	1
221	381	1
221	387	1
221	391	1
221	397	1
221	398	1
221	404	1
221	406	1
221	415	1
221	416	1
221	423	1
221	432	2
221	434	3
221	439	1
221	442	1
221	448	1
221	453	1
221	463	1
221	466	1
221	468	1
221	469	1
221	476	1
221	486	2
221	489	1
221	492	1
221	500	3
221	506	3
221	507	1
221	517	2
221	518	1
221	537	1
221	539	1
221	541	1
221	545	2
221	546	1
221	552	1
221	574	1
221	580	1
221	591	2
222	223	1
222	226	2
222	229	1
222	234	1
222	235	4
222	238	1
222	239	1
222	241	2
222	243	2
222	244	1
222	246	1
222	248	1
222	250	2
222	251	1
222	254	1
222	255	2
222	258	5
222	259	1
222	261	2
222	262	2
222	263	2
222	264	2
222	265	3
222	266	1
222	270	1
222	271	2
222	273	1
222	276	1
222	277	1
222	280	2
222	281	1
222	282	4
222	285	1
222	288	1
222	289	2
222	291	1
222	292	3
222	294	5
222	295	1
222	297	1
222	298	1
222	300	1
222	302	1
222	303	1
222	305	2
222	308	1
222	309	1
222	316	1
222	318	1
222	322	1
222	327	1
222	330	1
222	342	4
222	343	2
222	346	1
222	347	1
222	350	1
222	351	1
222	353	3
222	358	1
222	359	2
222	360	1
222	362	4
222	363	2
222	364	1
222	367	1
222	368	1
222	376	2
222	390	1
222	395	1
222	397	2
222	399	3
222	404	2
222	406	1
222	410	1
222	411	1
222	412	2
222	416	4
222	419	1
222	423	1
222	426	1
222	432	1
222	434	1
222	439	1
222	441	1
222	442	2
222	444	1
222	446	1
222	447	1
222	450	1
222	454	1
222	460	2
222	461	1
222	466	1
222	468	1
222	469	1
222	470	1
222	471	1
222	473	3
222	477	1
222	480	1
222	482	1
222	485	1
222	486	2
222	492	1
222	502	1
222	505	1
222	506	2
222	507	1
222	509	1
222	511	1
222	517	2
222	518	2
222	528	2
222	537	1
222	539	1
222	540	2
222	544	1
222	552	1
222	556	1
222	557	3
222	561	2
222	567	1
222	572	1
222	574	2
222	575	1
222	576	1
222	580	2
222	593	1
222	595	2
223	225	1
223	227	1
223	232	1
223	234	1
223	241	1
223	249	1
223	250	1
223	259	1
223	261	1
223	263	1
223	264	1
223	272	1
223	278	1
223	286	1
223	289	1
223	290	1
223	292	1
223	293	1
223	301	1
223	327	1
223	331	1
223	340	1
223	343	1
223	360	1
223	367	1
223	411	1
223	452	1
223	454	2
223	458	1
223	460	1
223	492	1
223	496	1
223	500	1
223	501	1
223	518	1
223	528	1
223	556	1
223	582	1
224	225	3
224	227	2
224	232	1
224	234	1
224	235	1
224	238	1
224	247	1
224	249	1
224	251	1
224	253	1
224	267	1
224	270	1
224	271	1
224	274	1
224	276	2
224	277	1
224	280	2
224	282	1
224	293	1
224	294	1
224	297	1
224	303	1
224	305	1
224	308	1
224	318	1
224	322	1
224	335	1
224	340	1
224	342	1
224	352	1
224	356	1
224	358	3
224	362	1
224	363	1
224	373	1
224	379	1
224	387	1
224	391	1
224	393	1
224	406	3
224	434	1
224	445	1
224	448	2
224	452	1
224	461	1
224	465	1
224	466	1
224	472	1
224	486	1
224	488	1
224	490	1
224	492	1
224	497	1
224	498	1
224	500	1
224	518	1
224	545	1
224	578	1
224	591	1
225	227	2
225	228	1
225	232	4
225	234	1
225	235	1
225	240	2
225	244	1
225	253	2
225	263	1
225	292	1
225	296	1
225	302	1
225	305	1
225	319	1
225	320	1
225	331	1
225	337	1
225	340	3
225	346	1
225	382	2
225	383	1
225	384	1
225	389	1
225	411	1
225	415	1
225	419	1
225	420	1
225	426	3
225	428	1
225	431	1
225	433	1
225	434	3
225	437	1
225	452	2
225	456	1
225	458	2
225	461	2
225	465	1
225	466	1
225	490	1
225	495	1
225	497	1
225	512	1
225	521	1
225	525	1
225	526	1
225	527	1
225	528	1
225	531	1
225	534	1
225	535	1
225	536	1
225	556	1
225	559	1
225	563	1
225	593	5
225	598	1
225	599	1
226	227	1
226	229	1
226	232	1
226	241	2
226	243	1
226	250	2
226	255	1
226	261	1
226	262	2
226	266	1
226	274	1
226	275	1
226	285	1
226	291	2
226	292	1
226	294	1
226	298	1
226	300	1
226	305	1
226	312	1
226	327	1
226	342	1
226	347	2
226	353	1
226	355	1
226	358	1
226	359	2
226	362	1
226	372	1
226	390	1
226	395	1
226	399	2
226	426	1
226	432	1
226	442	2
226	444	1
226	451	1
226	457	1
226	492	1
226	506	1
226	518	1
226	528	1
226	540	1
226	567	1
226	575	1
227	229	1
227	231	1
227	232	2
227	233	2
227	234	10
227	241	3
227	244	3
227	247	1
227	250	3
227	259	3
227	260	1
227	261	1
227	262	1
227	263	3
227	264	1
227	266	2
227	267	1
227	274	3
227	285	1
227	288	1
227	289	1
227	291	3
227	292	1
227	294	1
227	297	1
227	298	5
227	302	2
227	304	1
227	305	3
227	312	2
227	315	2
227	318	2
227	327	1
227	333	3
227	335	2
227	336	1
227	337	4
227	339	1
227	340	2
227	344	1
227	345	2
227	346	2
227	347	3
227	355	1
227	357	1
227	358	1
227	360	2
227	362	1
227	363	1
227	367	1
227	372	1
227	373	1
227	375	1
227	376	1
227	388	1
227	394	2
227	396	1
227	399	1
227	415	1
227	428	3
227	429	1
227	430	1
227	432	3
227	434	1
227	435	4
227	439	1
227	441	1
227	442	1
227	443	1
227	445	1
227	447	1
227	449	1
227	451	3
227	452	2
227	455	1
227	456	1
227	461	1
227	463	2
227	465	2
227	468	1
227	478	1
227	489	1
227	492	3
227	499	1
227	503	1
227	505	1
227	509	1
227	510	1
227	512	1
227	514	2
227	518	1
227	525	2
227	528	2
227	530	1
227	541	1
227	559	1
227	562	4
227	577	1
227	578	1
227	580	2
227	582	1
227	583	1
227	587	1
227	588	1
228	258	1
228	277	1
228	292	1
228	301	1
228	302	1
228	315	1
228	322	1
228	329	1
228	365	1
228	379	1
228	381	1
228	393	1
228	433	1
228	454	1
228	455	1
228	460	1
228	463	1
228	496	1
229	241	1
229	243	1
229	250	1
229	255	1
229	261	1
229	262	1
229	267	1
229	285	1
229	294	1
229	300	1
229	305	1
229	342	1
229	346	1
229	347	1
229	353	1
229	359	1
229	362	1
229	395	1
229	399	1
229	426	1
229	442	10
229	443	1
229	444	3
229	462	1
229	492	1
229	496	1
229	506	1
229	518	1
229	528	1
229	540	1
229	567	1
229	580	1
230	231	2
230	246	1
230	247	1
230	257	1
230	265	1
230	267	1
230	272	1
230	280	1
230	288	1
230	291	2
230	299	1
230	300	1
230	305	1
230	309	1
230	317	3
230	318	1
230	319	1
230	322	1
230	328	1
230	329	1
230	333	1
230	336	1
230	340	1
230	343	1
230	344	1
230	351	2
230	352	1
230	358	2
230	365	1
230	376	1
230	395	1
230	435	1
230	436	1
230	452	1
230	453	2
230	455	1
230	456	1
230	458	1
230	461	1
230	467	1
230	481	1
230	492	1
230	500	1
230	505	3
230	518	1
230	537	1
230	547	1
230	556	1
230	580	2
231	232	2
231	257	1
231	263	2
231	265	1
231	267	1
231	292	1
231	298	1
231	300	1
231	317	1
231	329	1
231	340	1
231	344	1
231	358	1
231	365	1
231	376	1
231	441	1
231	452	2
231	453	1
231	454	2
231	456	3
231	458	1
231	462	1
231	468	1
231	481	1
231	492	1
231	505	1
231	518	1
231	578	1
231	580	2
231	592	1
232	261	1
232	263	2
232	275	1
232	285	1
232	290	1
232	291	1
232	292	2
232	298	2
232	305	1
232	306	1
232	314	1
232	320	1
232	326	1
232	336	1
232	346	1
232	351	1
232	355	1
232	359	1
232	384	1
232	395	1
232	411	1
232	418	1
232	426	1
232	434	2
232	435	1
232	439	2
232	441	2
232	452	2
232	454	2
232	455	1
232	456	3
232	457	2
232	458	1
232	461	1
232	462	1
232	465	1
232	468	1
232	506	1
232	511	1
232	512	1
232	525	1
232	528	1
232	556	1
232	561	1
232	578	1
232	580	1
232	592	2
233	234	1
233	259	2
233	263	1
233	264	1
233	267	2
233	274	2
233	302	1
233	304	1
233	318	1
233	344	1
233	358	1
233	360	1
233	375	1
233	390	1
233	434	1
233	438	1
233	450	1
233	451	2
233	453	1
233	459	1
233	463	3
233	489	1
233	492	1
233	503	1
233	506	1
233	510	1
233	511	1
233	512	2
233	515	1
233	541	1
233	578	1
233	582	1
233	583	1
234	235	1
234	238	1
234	241	1
234	244	1
234	246	1
234	249	1
234	262	1
234	263	1
234	264	1
234	265	1
234	271	1
234	274	1
234	276	1
234	280	1
234	282	1
234	288	1
234	289	1
234	292	1
234	294	1
234	296	1
234	304	1
234	305	1
234	308	1
234	315	2
234	318	1
234	330	1
234	333	1
234	343	1
234	345	1
234	347	1
234	348	1
234	359	1
234	360	1
234	362	1
234	363	1
234	406	1
234	412	1
234	416	1
234	418	1
234	419	1
234	432	1
234	435	2
234	439	1
234	451	1
234	452	2
234	457	1
234	473	1
234	489	1
234	490	1
234	507	1
234	510	1
234	512	1
234	518	1
234	541	1
234	562	1
234	568	1
234	582	1
234	583	1
234	587	1
234	595	1
235	236	1
235	238	2
235	239	2
235	240	1
235	243	1
235	244	1
235	246	1
235	248	1
235	249	1
235	250	1
235	251	1
235	252	1
235	253	2
235	254	1
235	259	1
235	262	1
235	263	2
235	264	5
235	265	2
235	267	1
235	270	2
235	271	4
235	274	1
235	276	4
235	277	2
235	279	1
235	280	2
235	282	7
235	288	1
235	289	2
235	291	4
235	292	1
235	293	2
235	294	3
235	295	2
235	297	1
235	302	1
235	303	1
235	305	1
235	306	1
235	308	2
235	309	1
235	310	1
235	318	1
235	320	1
235	321	1
235	322	4
235	327	1
235	330	1
235	331	2
235	338	5
235	340	1
235	342	1
235	343	1
235	346	1
235	350	1
235	351	2
235	352	1
235	353	1
235	356	3
235	358	2
235	359	2
235	360	1
235	362	4
235	363	3
235	364	1
235	367	1
235	368	1
235	369	5
235	371	2
235	372	2
235	373	1
235	387	5
235	389	2
235	391	1
235	397	1
235	399	1
235	404	1
235	406	2
235	410	1
235	411	2
235	412	2
235	413	1
235	416	4
235	419	1
235	426	2
235	437	3
235	447	1
235	448	1
235	466	3
235	470	1
235	473	3
235	477	1
235	480	1
235	482	1
235	485	1
235	486	4
235	488	1
235	489	2
235	492	1
235	495	1
235	500	1
235	501	3
235	502	1
235	505	1
235	507	3
235	509	1
235	528	1
235	539	1
235	540	1
235	544	1
235	545	1
235	567	2
235	572	1
235	574	1
235	580	1
235	591	3
235	593	2
235	595	3
236	238	1
236	241	2
236	244	2
236	253	1
236	267	2
236	269	1
236	271	1
236	277	2
236	280	2
236	295	3
236	299	1
236	303	1
236	314	1
236	315	1
236	318	1
236	323	1
236	340	1
236	363	3
236	373	1
236	379	1
236	387	1
236	406	1
236	426	1
236	447	1
236	469	1
236	477	1
236	502	1
236	509	2
236	525	1
236	545	2
236	547	1
236	548	2
236	554	1
236	559	1
236	580	1
237	240	1
237	241	3
237	248	2
237	252	1
237	253	2
237	255	5
237	259	1
237	260	2
237	261	2
237	264	1
237	265	1
237	266	1
237	268	4
237	270	2
237	277	2
237	281	2
237	282	1
237	289	4
237	291	1
237	292	1
237	295	1
237	297	1
237	302	2
237	303	1
237	306	1
237	317	1
237	318	1
237	319	1
237	321	1
237	322	1
237	329	5
237	330	1
237	333	1
237	343	1
237	344	1
237	352	1
237	353	1
237	355	2
237	358	1
237	360	3
237	361	1
237	362	2
237	363	1
237	364	1
237	366	2
237	373	2
237	376	1
237	379	1
237	381	2
237	390	1
237	397	1
237	398	2
237	403	1
237	410	1
237	412	1
237	415	1
237	416	1
237	432	1
237	434	2
237	450	1
237	466	1
237	468	1
237	476	1
237	486	3
237	489	2
237	491	1
237	500	2
237	501	1
237	503	1
237	507	3
237	512	1
237	517	2
237	518	1
237	537	1
237	539	5
237	545	1
237	552	2
237	574	1
237	578	1
237	579	1
237	591	1
237	598	1
238	241	2
238	246	1
238	249	2
238	253	3
238	264	2
238	265	1
238	267	1
238	270	1
238	271	1
238	274	1
238	276	2
238	277	1
238	280	2
238	282	1
238	289	1
238	293	1
238	294	2
238	295	1
238	297	1
238	303	2
238	308	3
238	314	1
238	318	1
238	322	1
238	323	1
238	331	1
238	352	2
238	356	4
238	358	1
238	359	1
238	362	2
238	363	2
238	373	1
238	379	1
238	387	3
238	391	1
238	406	8
238	412	2
238	413	1
238	416	1
238	419	1
238	426	1
238	447	1
238	448	1
238	466	1
238	469	1
238	473	1
238	477	1
238	486	1
238	493	1
238	500	1
238	507	1
238	525	1
238	545	1
238	548	2
238	554	1
238	580	1
238	591	1
238	595	1
239	264	1
239	294	1
239	321	1
239	360	1
239	363	1
239	394	1
239	478	1
239	489	2
239	591	2
240	241	4
240	245	1
240	253	1
240	255	2
240	257	1
240	259	1
240	260	1
240	264	1
240	268	3
240	269	1
240	272	1
240	277	2
240	281	1
240	289	2
240	297	1
240	300	1
240	302	11
240	315	4
240	316	1
240	317	1
240	318	2
240	321	1
240	329	3
240	330	1
240	339	2
240	340	1
240	343	1
240	344	1
240	345	2
240	355	4
240	358	1
240	360	2
240	362	2
240	363	1
240	365	2
240	366	1
240	373	2
240	381	1
240	389	1
240	393	2
240	408	3
240	411	3
240	426	1
240	437	1
240	442	1
240	466	1
240	490	1
240	494	1
240	500	1
240	501	1
240	507	3
240	511	1
240	517	1
240	533	1
240	537	2
240	538	1
240	539	1
240	591	1
240	593	5
241	242	1
241	243	1
241	244	2
241	248	4
241	249	5
241	250	3
241	251	1
241	252	4
241	253	3
241	255	3
241	256	1
241	259	6
241	260	2
241	261	1
241	262	2
241	263	1
241	264	4
241	265	4
241	266	2
241	267	3
241	268	1
241	269	1
241	270	1
241	271	2
241	272	2
241	274	2
241	277	3
241	278	4
241	280	1
241	281	5
241	282	4
241	284	1
241	285	1
241	286	1
241	287	1
241	289	3
241	290	1
241	291	2
241	292	1
241	293	4
241	294	6
241	295	4
241	297	9
241	298	2
241	300	4
241	301	1
241	302	6
241	303	3
241	305	5
241	306	1
241	312	2
241	314	1
241	315	7
241	316	3
241	317	1
241	318	4
241	319	2
241	321	2
241	322	1
241	323	1
241	327	4
241	328	1
241	329	2
241	330	1
241	331	4
241	337	1
241	339	5
241	340	3
241	342	1
241	343	3
241	344	1
241	345	2
241	347	3
241	348	1
241	352	1
241	353	3
241	355	6
241	356	2
241	357	4
241	358	2
241	359	1
241	360	6
241	361	1
241	362	7
241	363	6
241	364	3
241	365	2
241	366	2
241	367	3
241	368	1
241	372	1
241	373	2
241	376	2
241	379	3
241	380	1
241	381	1
241	382	2
241	387	3
241	390	1
241	393	3
241	395	1
241	397	2
241	398	3
241	399	2
241	403	1
241	404	1
241	410	2
241	411	2
241	412	2
241	415	1
241	416	3
241	423	2
241	426	2
241	428	2
241	432	4
241	434	4
241	435	1
241	437	1
241	438	3
241	439	3
241	442	5
241	444	1
241	445	1
241	447	2
241	451	2
241	452	3
241	455	1
241	461	1
241	465	3
241	466	1
241	468	2
241	469	4
241	472	2
241	473	1
241	475	2
241	477	2
241	478	3
241	486	4
241	489	1
241	490	2
241	491	1
241	492	4
241	493	1
241	494	1
241	496	1
241	500	3
241	501	2
241	502	3
241	503	2
241	505	1
241	506	2
241	507	7
241	509	1
241	511	1
241	512	1
241	517	3
241	518	2
241	525	2
241	526	1
241	528	2
241	529	1
241	530	2
241	532	1
241	537	2
241	538	1
241	539	5
241	540	1
241	541	1
241	545	2
241	548	1
241	552	6
241	554	1
241	559	2
241	560	1
241	566	2
241	567	3
241	568	2
241	574	1
241	578	1
241	579	1
241	580	4
241	585	1
241	591	1
241	593	2
241	598	1
242	246	1
242	249	1
242	264	3
242	265	3
242	278	1
242	284	1
242	289	2
242	290	1
242	293	1
242	294	1
242	298	1
242	300	1
242	302	4
242	306	4
242	319	1
242	331	4
242	333	1
242	346	1
242	352	2
242	358	2
242	362	1
242	363	1
242	365	1
242	382	1
242	383	1
242	387	3
242	390	1
242	393	2
242	397	1
242	404	3
242	411	1
242	419	1
242	423	1
242	431	1
242	434	2
242	436	1
242	451	1
242	466	1
242	469	2
242	492	2
242	505	1
242	518	1
242	529	1
242	531	1
242	541	1
242	545	1
242	552	4
242	554	3
242	579	1
242	580	1
242	599	1
243	244	1
243	248	1
243	250	2
243	251	1
243	254	1
243	255	1
243	259	1
243	262	2
243	263	1
243	270	1
243	277	1
243	282	1
243	285	1
243	288	1
243	289	1
243	291	1
243	292	1
243	294	1
243	295	1
243	300	1
243	303	1
243	305	1
243	309	1
243	318	1
243	322	1
243	330	1
243	342	2
243	343	1
243	346	1
243	347	1
243	350	1
243	351	1
243	353	2
243	358	1
243	359	1
243	360	1
243	362	1
243	364	1
243	367	1
243	368	1
243	395	1
243	397	1
243	399	2
243	404	1
243	410	1
243	416	1
243	426	1
243	442	1
243	444	1
243	466	1
243	470	1
243	473	1
243	480	1
243	482	1
243	485	1
243	492	1
243	502	1
243	505	1
243	506	1
243	509	1
243	518	1
243	528	2
243	539	1
243	540	2
243	544	1
243	567	1
243	572	1
243	574	1
243	593	1
244	248	1
244	249	2
244	250	1
244	251	1
244	254	1
244	256	1
244	259	1
244	262	1
244	263	3
244	267	2
244	270	1
244	277	1
244	278	1
244	280	2
244	282	1
244	284	1
244	288	4
244	289	2
244	291	1
244	292	3
244	295	1
244	297	1
244	299	1
244	301	1
244	303	1
244	306	2
244	309	1
244	315	1
244	316	1
244	318	1
244	322	3
244	330	1
244	337	1
244	340	2
244	342	1
244	343	4
244	346	1
244	350	1
244	351	1
244	353	1
244	358	1
244	360	1
244	362	1
244	363	1
244	364	1
244	367	2
244	368	1
244	376	1
244	379	2
244	381	2
244	382	1
244	397	1
244	399	2
244	404	1
244	410	1
244	415	1
244	416	1
244	428	2
244	437	1
244	441	1
244	452	1
244	454	1
244	456	1
244	457	1
244	458	1
244	465	1
244	466	1
244	469	2
244	470	1
244	473	2
244	475	1
244	480	1
244	482	1
244	485	1
244	492	2
244	494	1
244	501	1
244	502	1
244	505	1
244	507	2
244	509	2
244	528	2
244	530	1
244	537	1
244	539	1
244	540	2
244	544	2
244	547	2
244	556	1
244	572	1
244	574	1
244	575	1
244	582	1
244	587	1
244	592	2
244	593	1
245	247	1
245	257	1
245	265	1
245	269	1
245	277	1
245	279	1
245	296	2
245	297	2
245	302	1
245	305	3
245	306	2
245	315	3
245	316	2
245	331	2
245	334	4
245	336	1
245	337	1
245	339	1
245	340	1
245	345	2
245	348	1
245	351	1
245	377	1
245	378	2
245	393	1
245	410	1
245	411	6
245	413	1
245	415	1
245	417	2
245	419	1
245	426	4
245	430	1
245	434	1
245	435	3
245	437	1
245	438	2
245	439	1
245	445	1
245	491	2
245	493	2
245	494	2
245	495	2
245	496	1
245	518	3
245	521	2
245	522	1
245	523	1
245	524	1
245	528	1
245	533	2
245	552	2
245	556	1
245	563	1
245	581	1
245	582	1
245	591	1
245	593	1
246	247	1
246	249	1
246	250	1
246	264	1
246	265	2
246	271	1
246	276	1
246	277	1
246	280	1
246	282	1
246	286	1
246	288	1
246	289	2
246	291	1
246	293	1
246	294	1
246	302	2
246	305	1
246	306	1
246	308	1
246	309	1
246	322	1
246	331	2
246	336	1
246	340	1
246	342	1
246	343	2
246	351	1
246	358	1
246	359	1
246	362	1
246	363	2
246	367	1
246	370	1
246	394	1
246	395	1
246	396	1
246	400	1
246	404	1
246	406	1
246	411	2
246	412	1
246	416	1
246	419	1
246	435	1
246	436	1
246	447	1
246	455	1
246	473	1
246	492	1
246	500	1
246	507	1
246	518	1
246	556	1
246	580	1
246	595	1
247	288	1
247	291	1
247	296	1
247	297	1
247	305	3
247	309	1
247	322	1
247	334	1
247	335	1
247	336	3
247	337	2
247	343	1
247	351	1
247	358	1
247	377	1
247	393	1
247	395	1
247	429	1
247	430	2
247	435	3
247	436	1
247	439	2
247	449	1
247	455	1
247	494	1
247	500	1
247	518	1
247	556	1
247	563	1
247	578	1
247	580	1
248	249	2
248	250	2
248	251	1
248	252	3
248	253	1
248	254	1
248	258	1
248	259	1
248	261	1
248	262	1
248	263	1
248	264	1
248	265	1
248	266	1
248	267	1
248	270	2
248	271	2
248	277	3
248	279	1
248	281	2
248	282	3
248	285	1
248	287	1
248	288	1
248	289	1
248	291	2
248	292	2
248	293	1
248	294	1
248	295	5
248	297	1
248	300	3
248	303	4
248	306	2
248	309	1
248	317	2
248	318	1
248	319	3
248	320	2
248	322	2
248	328	3
248	330	4
248	333	1
248	339	2
248	342	1
248	343	2
248	346	1
248	350	1
248	351	1
248	353	2
248	355	1
248	356	1
248	358	3
248	360	3
248	361	1
248	362	2
248	363	1
248	364	2
248	365	1
248	366	1
248	367	1
248	368	1
248	372	1
248	375	1
248	387	3
248	389	1
248	390	4
248	397	3
248	398	1
248	399	1
248	403	1
248	404	1
248	410	2
248	412	1
248	416	2
248	423	1
248	428	1
248	434	2
248	437	1
248	439	1
248	451	1
248	466	2
248	469	1
248	470	1
248	471	1
248	472	2
248	473	1
248	480	1
248	482	1
248	485	1
248	486	4
248	489	2
248	490	1
248	491	1
248	492	1
248	500	3
248	502	1
248	503	1
248	505	1
248	507	4
248	509	1
248	512	1
248	525	1
248	528	1
248	535	1
248	537	2
248	538	1
248	539	1
248	540	1
248	544	1
248	552	6
248	559	1
248	566	2
248	567	1
248	572	1
248	574	1
248	578	3
248	579	2
248	593	2
248	598	1
248	599	1
249	250	1
249	252	4
249	253	1
249	256	2
249	264	1
249	267	1
249	270	2
249	271	2
249	272	1
249	274	1
249	276	1
249	277	2
249	278	2
249	280	1
249	284	1
249	286	1
249	289	2
249	293	2
249	294	1
249	295	2
249	296	1
249	297	1
249	300	2
249	301	1
249	303	4
249	308	1
249	315	2
249	318	1
249	319	1
249	322	2
249	328	1
249	330	1
249	331	2
249	337	1
249	339	2
249	340	1
249	343	5
249	352	2
249	356	2
249	358	1
249	362	1
249	363	8
249	365	1
249	367	1
249	370	1
249	373	1
249	374	1
249	382	1
249	387	1
249	391	2
249	393	1
249	394	1
249	400	2
249	406	1
249	408	2
249	411	1
249	431	1
249	434	2
249	435	1
249	448	1
249	458	1
249	466	1
249	468	2
249	469	2
249	472	2
249	473	1
249	475	1
249	486	3
249	490	2
249	492	1
249	496	3
249	500	1
249	507	2
249	518	1
249	522	1
249	527	2
249	529	1
249	537	1
249	539	2
249	545	1
249	552	4
249	559	1
249	566	4
249	568	1
249	580	1
249	582	1
249	591	1
250	251	1
250	254	1
250	255	1
250	256	1
250	259	4
250	262	5
250	263	4
250	264	4
250	266	2
250	267	1
250	270	1
250	272	1
250	274	1
250	277	3
250	278	1
250	279	4
250	282	4
250	283	1
250	284	1
250	285	3
250	286	2
250	288	2
250	289	5
250	290	1
250	291	6
250	292	5
250	293	2
250	294	2
250	295	1
250	298	2
250	300	1
250	303	2
250	305	1
250	307	1
250	309	1
250	310	1
250	312	2
250	315	2
250	318	2
250	319	1
250	321	1
250	322	2
250	326	1
250	327	2
250	330	5
250	331	2
250	333	1
250	336	1
250	338	2
250	340	2
250	342	2
250	343	3
250	346	1
250	347	3
250	349	1
250	350	1
250	351	1
250	353	2
250	355	2
250	358	2
250	359	2
250	360	2
250	362	2
250	363	4
250	364	1
250	367	4
250	368	2
250	370	1
250	372	1
250	384	2
250	387	3
250	388	2
250	394	1
250	395	1
250	397	1
250	399	3
250	400	1
250	401	1
250	402	1
250	404	1
250	410	2
250	411	3
250	416	1
250	417	1
250	426	2
250	432	1
250	437	1
250	442	2
250	444	1
250	452	1
250	458	1
250	463	1
250	466	1
250	468	2
250	470	1
250	473	1
250	480	1
250	482	1
250	484	3
250	485	2
250	486	1
250	492	4
250	499	1
250	500	2
250	501	1
250	502	1
250	505	2
250	506	1
250	509	1
250	511	1
250	515	1
250	516	1
250	518	6
250	528	2
250	539	1
250	540	2
250	544	1
250	552	1
250	566	2
250	567	2
250	572	1
250	574	1
250	593	1
250	596	1
250	598	1
251	252	1
251	254	1
251	258	1
251	259	1
251	262	1
251	263	1
251	264	1
251	267	1
251	270	1
251	277	1
251	280	1
251	282	1
251	283	1
251	288	1
251	289	1
251	291	1
251	292	1
251	294	1
251	295	1
251	303	1
251	309	1
251	318	2
251	322	1
251	323	1
251	330	1
251	342	1
251	343	1
251	346	1
251	350	1
251	351	1
251	353	1
251	358	1
251	360	1
251	364	1
251	367	1
251	368	1
251	379	1
251	387	1
251	397	1
251	399	1
251	404	1
251	410	1
251	412	1
251	416	1
251	428	1
251	466	1
251	469	1
251	470	1
251	473	1
251	477	1
251	480	1
251	482	1
251	485	1
251	490	1
251	492	1
251	502	1
251	505	1
251	509	2
251	528	1
251	539	1
251	540	1
251	544	1
251	572	1
251	574	1
251	578	1
251	587	1
251	593	2
252	253	1
252	261	1
252	267	1
252	270	1
252	271	2
252	277	1
252	280	3
252	281	1
252	293	1
252	294	2
252	295	3
252	297	1
252	300	2
252	303	4
252	322	2
252	330	1
252	339	2
252	360	1
252	362	1
252	363	2
252	364	1
252	374	1
252	379	1
252	390	1
252	391	1
252	398	1
252	410	1
252	416	1
252	466	1
252	469	1
252	472	2
252	477	1
252	486	3
252	490	4
252	493	2
252	500	1
252	503	1
252	507	2
252	509	1
252	552	3
252	566	2
252	578	1
252	593	1
253	261	1
253	264	2
253	267	1
253	268	1
253	270	2
253	272	1
253	274	1
253	276	1
253	277	5
253	280	1
253	281	3
253	289	1
253	293	1
253	294	1
253	295	2
253	297	2
253	302	4
253	303	2
253	306	1
253	308	1
253	314	1
253	318	1
253	322	2
253	329	1
253	330	3
253	331	2
253	339	1
253	352	2
253	356	2
253	358	1
253	360	1
253	362	3
253	364	2
253	365	1
253	373	3
253	379	1
253	387	3
253	390	1
253	391	1
253	393	1
253	398	1
253	406	1
253	410	1
253	413	1
253	415	1
253	416	1
253	426	3
253	433	1
253	434	1
253	447	1
253	448	1
253	466	2
253	469	1
253	477	1
253	486	2
253	495	2
253	500	2
253	503	1
253	525	1
253	530	1
253	538	1
253	539	2
253	545	1
253	548	1
253	552	1
253	554	1
253	568	1
253	578	1
253	580	1
253	591	2
254	259	1
254	262	1
254	263	3
254	270	1
254	277	1
254	282	1
254	288	1
254	289	1
254	291	1
254	292	1
254	295	1
254	301	2
254	303	1
254	309	1
254	318	1
254	322	1
254	330	1
254	342	1
254	343	1
254	346	1
254	350	1
254	351	1
254	353	1
254	358	1
254	360	2
254	361	1
254	364	1
254	366	1
254	367	1
254	368	1
254	371	1
254	395	1
254	397	2
254	399	1
254	404	1
254	410	1
254	416	1
254	466	1
254	470	1
254	473	1
254	480	1
254	482	1
254	485	1
254	492	1
254	502	1
254	505	1
254	509	1
254	528	1
254	539	1
254	540	1
254	544	1
254	572	1
254	574	2
254	593	1
255	256	1
255	259	1
255	260	1
255	262	1
255	263	1
255	264	1
255	265	1
255	268	4
255	270	1
255	271	2
255	274	1
255	281	1
255	285	1
255	289	4
255	292	1
255	294	1
255	297	1
255	298	1
255	300	1
255	302	7
255	303	1
255	305	1
255	316	1
255	317	1
255	321	1
255	322	4
255	327	1
255	329	4
255	342	1
255	343	2
255	344	1
255	347	1
255	348	1
255	353	2
255	355	5
255	358	1
255	359	1
255	360	1
255	362	3
255	363	1
255	366	1
255	370	2
255	373	3
255	374	1
255	376	1
255	378	3
255	381	1
255	395	1
255	397	4
255	399	1
255	404	1
255	412	2
255	416	1
255	422	1
255	423	1
255	426	1
255	432	1
255	434	1
255	439	1
255	442	3
255	444	2
255	450	1
255	468	2
255	469	1
255	492	1
255	500	3
255	501	1
255	506	2
255	507	1
255	517	2
255	518	1
255	528	1
255	537	3
255	539	3
255	540	1
255	546	1
255	552	1
255	567	1
255	574	2
255	580	1
256	271	1
256	272	1
256	278	3
256	284	2
256	289	1
256	301	1
256	302	1
256	316	1
256	331	1
256	343	1
256	349	1
256	356	1
256	362	1
256	365	1
256	368	1
256	381	1
256	397	1
256	401	1
256	402	1
256	412	1
256	428	1
256	441	1
256	447	1
256	473	1
256	475	1
256	481	1
256	484	1
256	489	1
256	537	1
256	539	2
256	559	1
257	265	3
257	267	1
257	269	1
257	282	2
257	293	1
257	299	1
257	317	1
257	329	1
257	340	1
257	343	2
257	344	1
257	353	3
257	356	1
257	358	1
257	360	1
257	365	3
257	370	1
257	376	1
257	387	1
257	388	1
257	403	1
257	411	2
257	434	1
257	450	1
257	452	1
257	453	1
257	458	1
257	481	1
257	492	1
257	505	1
257	518	1
257	523	1
257	533	1
257	537	1
257	538	1
257	539	1
257	545	1
257	548	1
257	554	1
257	567	1
257	580	1
258	261	1
258	264	1
258	267	1
258	273	1
258	283	1
258	292	3
258	302	3
258	303	1
258	315	2
258	316	1
258	319	1
258	323	1
258	330	1
258	339	2
258	342	4
258	346	1
258	364	2
258	387	2
258	393	2
258	395	4
258	412	1
258	428	3
258	435	1
258	437	1
258	446	1
258	469	1
258	471	1
258	489	2
258	496	1
258	500	1
258	517	2
258	518	1
258	545	1
258	552	1
258	557	5
258	559	1
258	561	1
258	575	2
258	576	2
258	578	2
258	587	1
258	591	1
259	260	1
259	262	1
259	263	1
259	264	2
259	265	4
259	266	1
259	268	1
259	270	1
259	272	1
259	277	1
259	278	1
259	282	3
259	285	2
259	286	1
259	288	1
259	289	5
259	290	1
259	291	3
259	292	4
259	293	2
259	294	1
259	295	1
259	297	1
259	302	2
259	303	1
259	305	1
259	306	1
259	309	1
259	312	1
259	315	2
259	317	1
259	318	3
259	321	1
259	322	1
259	327	1
259	328	2
259	329	1
259	330	1
259	331	1
259	333	1
259	337	1
259	340	1
259	342	1
259	343	2
259	344	2
259	346	1
259	347	1
259	350	1
259	351	1
259	352	1
259	353	1
259	355	1
259	357	2
259	358	1
259	360	3
259	362	2
259	363	3
259	364	1
259	366	1
259	367	3
259	368	1
259	373	1
259	375	1
259	379	1
259	381	1
259	384	1
259	388	2
259	389	1
259	394	1
259	397	1
259	398	1
259	399	1
259	404	1
259	410	1
259	411	2
259	416	1
259	432	1
259	434	1
259	441	1
259	451	1
259	452	1
259	453	1
259	458	2
259	463	2
259	465	1
259	466	1
259	468	2
259	470	1
259	473	1
259	478	1
259	480	1
259	482	1
259	485	1
259	492	4
259	499	1
259	500	2
259	501	2
259	502	1
259	505	1
259	506	1
259	507	2
259	509	1
259	514	1
259	517	1
259	518	2
259	525	3
259	528	1
259	530	2
259	537	1
259	539	3
259	540	1
259	541	1
259	544	1
259	559	2
259	572	1
259	574	1
259	593	3
260	261	1
260	265	1
260	268	1
260	270	1
260	271	1
260	274	1
260	289	1
260	297	1
260	299	2
260	306	1
260	317	1
260	318	1
260	319	1
260	321	1
260	329	1
260	333	1
260	344	1
260	352	1
260	355	1
260	356	1
260	357	1
260	358	2
260	360	1
260	362	1
260	363	1
260	366	1
260	368	1
260	373	1
260	376	1
260	379	1
260	380	1
260	381	2
260	387	1
260	397	1
260	398	1
260	415	1
260	421	1
260	432	1
260	434	2
260	436	2
260	438	1
260	442	1
260	451	1
260	455	1
260	463	2
260	476	1
260	486	1
260	489	1
260	500	1
260	501	1
260	503	1
260	506	1
260	507	2
260	517	2
260	518	2
260	525	1
260	526	1
260	537	1
260	538	1
260	539	2
260	545	2
260	567	1
260	568	1
260	580	1
260	591	1
261	267	1
261	270	2
261	274	1
261	277	1
261	281	1
261	285	1
261	289	1
261	292	2
261	295	1
261	297	1
261	307	1
261	318	1
261	322	1
261	330	1
261	339	1
261	346	1
261	352	1
261	359	1
261	360	3
261	362	1
261	364	1
261	376	1
261	379	1
261	381	1
261	388	1
261	390	1
261	398	2
261	410	1
261	415	3
261	416	1
261	432	1
261	434	1
261	443	1
261	446	1
261	454	1
261	457	1
261	460	1
261	466	1
261	476	1
261	486	2
261	489	1
261	499	1
261	500	1
261	503	1
261	507	1
261	517	2
261	518	1
261	522	1
261	539	1
261	545	1
261	552	1
261	556	1
261	557	1
261	578	1
261	580	1
261	591	1
262	263	3
262	266	1
262	270	1
262	274	1
262	277	2
262	279	1
262	282	1
262	285	1
262	288	1
262	289	1
262	291	3
262	292	2
262	294	2
262	295	1
262	298	2
262	300	1
262	303	1
262	305	1
262	307	1
262	309	1
262	312	1
262	318	1
262	322	1
262	326	1
262	327	1
262	330	1
262	338	1
262	342	2
262	343	1
262	346	1
262	347	2
262	350	1
262	351	1
262	353	2
262	355	1
262	358	2
262	359	2
262	360	1
262	362	2
262	363	1
262	364	1
262	367	1
262	368	1
262	372	1
262	395	1
262	397	1
262	399	2
262	404	1
262	410	2
262	411	2
262	416	1
262	426	1
262	432	1
262	442	2
262	444	1
262	457	1
262	458	1
262	463	1
262	466	1
262	470	1
262	473	1
262	480	1
262	482	1
262	485	2
262	492	2
262	500	1
262	502	1
262	505	1
262	506	1
262	509	1
262	518	2
262	525	1
262	528	2
262	539	1
262	540	2
262	544	1
262	567	1
262	572	1
262	574	1
262	593	1
263	265	1
263	267	3
263	270	1
263	274	1
263	277	3
263	279	1
263	281	1
263	282	1
263	283	1
263	285	1
263	288	10
263	289	1
263	291	5
263	292	3
263	294	2
263	295	2
263	297	1
263	298	5
263	301	3
263	302	1
263	303	1
263	307	1
263	309	1
263	316	1
263	318	2
263	321	1
263	322	2
263	327	1
263	330	3
263	338	5
263	339	1
263	340	1
263	342	1
263	343	1
263	346	1
263	348	2
263	350	1
263	351	1
263	353	2
263	355	1
263	358	1
263	359	2
263	360	1
263	361	1
263	362	3
263	363	1
263	364	1
263	367	1
263	368	2
263	371	1
263	374	1
263	376	1
263	393	2
263	397	2
263	399	2
263	404	2
263	409	2
263	410	2
263	411	1
263	416	2
263	418	2
263	423	1
263	428	1
263	432	1
263	434	1
263	439	1
263	441	2
263	442	1
263	446	1
263	452	1
263	454	7
263	456	2
263	458	1
263	459	1
263	462	1
263	463	1
263	466	2
263	468	4
263	469	1
263	470	1
263	473	1
263	480	1
263	481	1
263	482	2
263	485	3
263	489	2
263	492	2
263	501	2
263	502	1
263	505	2
263	506	1
263	509	2
263	516	2
263	517	1
263	518	3
263	525	2
263	528	1
263	539	1
263	540	1
263	544	1
263	552	1
263	572	4
263	574	2
263	578	1
263	580	3
263	587	1
263	589	1
263	592	3
263	593	1
263	596	2
264	265	3
264	266	1
264	268	1
264	271	2
264	272	1
264	276	1
264	277	2
264	278	2
264	280	2
264	281	1
264	282	4
264	283	1
264	286	1
264	289	7
264	290	1
264	291	1
264	292	2
264	293	2
264	294	4
264	301	1
264	302	3
264	305	1
264	308	1
264	316	1
264	319	1
264	323	1
264	327	2
264	330	1
264	331	1
264	340	3
264	343	3
264	344	1
264	352	2
264	353	1
264	355	2
264	356	1
264	357	1
264	358	2
264	359	1
264	360	4
264	361	1
264	362	3
264	363	3
264	366	1
264	367	1
264	373	1
264	377	1
264	382	1
264	387	5
264	393	3
264	403	1
264	406	1
264	411	5
264	412	5
264	413	1
264	415	1
264	416	2
264	419	1
264	428	1
264	432	1
264	434	1
264	437	1
264	439	1
264	441	1
264	442	1
264	447	1
264	452	1
264	463	1
264	468	1
264	469	3
264	473	2
264	476	1
264	477	1
264	482	1
264	486	2
264	489	1
264	491	1
264	492	3
264	500	2
264	501	1
264	502	1
264	507	2
264	512	1
264	518	3
264	529	1
264	531	1
264	537	2
264	538	1
264	552	2
264	567	1
264	568	1
264	578	1
264	579	1
264	580	1
264	587	1
264	588	1
264	591	1
264	595	2
264	598	1
265	266	1
265	267	1
265	271	5
265	274	1
265	276	1
265	277	1
265	280	3
265	281	2
265	282	5
265	287	2
265	289	4
265	291	1
265	292	1
265	293	1
265	294	3
265	297	2
265	298	1
265	301	1
265	302	3
265	305	1
265	306	3
265	308	1
265	316	3
265	317	1
265	318	2
265	319	2
265	327	1
265	329	1
265	340	1
265	343	1
265	344	1
265	346	1
265	352	1
265	353	2
265	355	1
265	356	1
265	357	2
265	358	2
265	359	1
265	360	1
265	361	1
265	362	3
265	363	2
265	365	4
265	366	1
265	371	2
265	376	2
265	380	1
265	382	1
265	387	4
265	390	1
265	395	2
265	397	2
265	400	1
265	403	1
265	404	1
265	406	1
265	411	4
265	412	4
265	416	5
265	419	2
265	421	1
265	423	1
265	432	1
265	434	4
265	438	1
265	439	1
265	442	2
265	447	1
265	450	1
265	451	1
265	452	1
265	453	1
265	455	1
265	458	2
265	468	1
265	469	1
265	473	6
265	477	1
265	478	1
265	481	1
265	486	1
265	489	1
265	491	1
265	492	1
265	502	2
265	505	1
265	506	1
265	507	4
265	512	1
265	517	1
265	518	1
265	525	2
265	526	1
265	530	1
265	535	1
265	537	1
265	538	1
265	539	1
265	542	1
265	545	2
265	552	2
265	554	2
265	556	1
265	559	1
265	567	1
265	568	6
265	574	1
265	579	1
265	580	5
265	595	2
265	598	1
266	274	1
266	277	1
266	281	2
266	282	1
266	285	1
266	289	1
266	291	3
266	292	2
266	298	1
266	312	6
266	315	1
266	319	1
266	327	5
266	333	1
266	343	1
266	347	2
266	353	1
266	355	2
266	358	2
266	360	1
266	361	1
266	363	1
266	366	1
266	367	2
266	372	1
266	388	1
266	403	1
266	412	1
266	432	1
266	434	1
266	442	1
266	468	1
266	486	1
266	489	1
266	491	1
266	492	2
266	499	1
266	507	1
266	512	1
266	518	1
266	552	1
266	579	1
266	598	1
267	270	1
267	274	2
267	276	1
267	277	1
267	280	1
267	283	2
267	287	1
267	288	1
267	292	1
267	294	1
267	297	1
267	299	3
267	308	1
267	315	2
267	317	1
267	322	1
267	329	1
267	330	1
267	331	2
267	338	1
267	340	1
267	344	1
267	346	1
267	352	1
267	356	3
267	358	2
267	359	1
267	365	1
267	367	2
267	373	1
267	374	1
267	376	1
267	379	1
267	387	2
267	391	1
267	401	1
267	406	1
267	410	1
267	411	1
267	413	1
267	438	1
267	443	1
267	448	1
267	452	1
267	453	1
267	458	1
267	466	1
267	469	1
267	477	2
267	481	1
267	486	2
267	489	1
267	490	1
267	492	1
267	500	1
267	502	2
267	505	1
267	506	1
267	509	2
267	516	1
267	518	1
267	538	1
267	545	1
267	547	2
267	572	1
267	580	2
267	591	1
267	593	1
268	289	4
268	302	3
268	303	1
268	306	1
268	317	1
268	321	1
268	329	4
268	343	1
268	344	1
268	355	2
268	358	1
268	360	1
268	362	1
268	363	1
268	366	1
268	369	2
268	373	3
268	381	1
268	389	1
268	397	1
268	442	1
268	450	1
268	468	1
268	492	1
268	500	1
268	501	1
268	507	1
268	517	1
268	537	3
268	539	2
268	574	1
269	271	1
269	277	1
269	315	4
269	318	1
269	336	1
269	339	1
269	340	2
269	363	2
269	387	1
269	402	1
269	406	1
269	411	1
269	426	1
269	462	1
269	475	1
269	533	1
269	541	2
270	272	1
270	274	1
270	276	1
270	277	3
270	281	1
270	282	1
270	288	1
270	289	1
270	291	1
270	292	1
270	295	2
270	297	2
270	303	1
270	308	1
270	309	1
270	318	2
270	322	4
270	330	2
270	342	1
270	343	1
270	346	1
270	350	1
270	351	1
270	352	2
270	353	1
270	356	1
270	358	2
270	360	3
270	362	1
270	363	2
270	364	2
270	367	1
270	368	1
270	373	1
270	376	1
270	378	1
270	379	1
270	381	1
270	387	1
270	390	1
270	391	1
270	397	1
270	398	2
270	399	1
270	400	1
270	404	1
270	406	1
270	410	2
270	415	1
270	416	2
270	432	1
270	434	1
270	437	1
270	444	1
270	448	1
270	466	3
270	470	1
270	473	1
270	476	1
270	480	1
270	482	1
270	485	1
270	486	3
270	489	1
270	492	1
270	494	1
270	500	2
270	502	1
270	503	1
270	505	1
270	507	1
270	509	1
270	517	1
270	518	2
270	528	1
270	539	2
270	540	1
270	544	1
270	545	2
270	552	1
270	572	1
270	574	1
270	578	1
270	591	2
270	593	1
271	272	2
271	276	1
271	277	2
271	280	3
271	282	2
271	289	1
271	291	1
271	293	1
271	294	4
271	295	2
271	299	2
271	300	3
271	302	1
271	303	4
271	305	1
271	308	1
271	315	2
271	322	2
271	333	1
271	339	2
271	340	2
271	358	3
271	359	1
271	362	3
271	363	8
271	364	1
271	365	4
271	370	2
271	379	2
271	393	1
271	397	2
271	406	4
271	411	1
271	412	3
271	416	3
271	419	1
271	436	1
271	447	1
271	463	1
271	469	1
271	472	2
271	473	5
271	475	1
271	477	2
271	486	2
271	488	1
271	490	1
271	492	2
271	497	2
271	502	2
271	506	1
271	507	3
271	518	3
271	527	1
271	539	2
271	547	1
271	552	2
271	559	1
271	566	2
271	580	1
271	595	2
272	278	1
272	281	1
272	286	1
272	289	1
272	290	1
272	293	1
272	300	1
272	302	3
272	327	1
272	331	1
272	339	1
272	340	1
272	343	1
272	360	1
272	363	1
272	364	2
272	365	2
272	367	1
272	373	1
272	395	1
272	400	1
272	411	1
272	452	1
272	453	1
272	461	1
272	475	1
272	492	1
272	500	1
272	501	1
272	505	1
272	518	1
272	539	2
272	591	1
273	342	1
273	446	5
273	450	1
273	471	1
273	510	1
273	557	1
273	560	2
273	561	1
273	576	1
274	276	1
274	277	1
274	283	1
274	288	1
274	291	1
274	297	2
274	298	1
274	304	1
274	306	1
274	308	1
274	312	1
274	317	1
274	319	1
274	322	1
274	327	1
274	330	1
274	343	1
274	344	1
274	347	1
274	352	1
274	355	2
274	356	2
274	357	1
274	358	2
274	360	1
274	372	1
274	373	1
274	380	1
274	387	2
274	391	1
274	397	1
274	406	1
274	432	1
274	434	1
274	437	1
274	438	1
274	442	2
274	448	1
274	451	2
274	453	1
274	455	1
274	462	1
274	466	1
274	486	1
274	489	1
274	492	1
274	500	2
274	510	1
274	512	1
274	522	1
274	526	1
274	538	1
274	545	2
274	567	1
274	568	1
274	580	1
274	582	1
274	583	1
274	588	1
274	591	1
275	338	1
275	418	1
275	451	2
275	556	1
276	277	1
276	280	2
276	282	3
276	289	1
276	293	3
276	294	2
276	297	1
276	308	7
276	322	1
276	352	1
276	356	1
276	358	2
276	359	1
276	362	1
276	363	2
276	373	1
276	387	1
276	391	1
276	406	12
276	412	1
276	416	1
276	419	1
276	448	1
276	466	1
276	472	1
276	473	1
276	486	1
276	490	1
276	500	1
276	507	1
276	545	1
276	591	1
276	595	1
277	280	1
277	281	2
277	282	2
277	288	2
277	289	2
277	290	2
277	291	2
277	292	3
277	294	1
277	295	2
277	297	3
277	300	1
277	302	3
277	303	1
277	306	1
277	308	1
277	309	1
277	311	1
277	315	6
277	318	2
277	319	1
277	321	1
277	322	4
277	330	3
277	339	1
277	340	3
277	342	2
277	343	2
277	345	1
277	346	1
277	350	1
277	351	1
277	352	1
277	353	2
277	355	1
277	356	1
277	357	2
277	358	3
277	360	3
277	361	1
277	362	6
277	363	4
277	364	3
277	365	1
277	366	1
277	367	1
277	368	1
277	373	2
277	382	1
277	387	3
277	390	1
277	391	1
277	393	1
277	397	1
277	398	2
277	399	1
277	402	1
277	403	1
277	404	1
277	406	4
277	408	4
277	410	2
277	411	3
277	412	1
277	416	4
277	419	1
277	420	1
277	426	2
277	431	1
277	433	1
277	434	2
277	437	1
277	440	2
277	448	1
277	466	3
277	470	1
277	473	1
277	480	1
277	482	1
277	485	2
277	486	3
277	489	1
277	491	1
277	492	1
277	494	1
277	500	2
277	501	1
277	502	2
277	503	1
277	505	1
277	507	1
277	509	1
277	512	1
277	518	1
277	520	1
277	527	1
277	528	1
277	530	1
277	533	1
277	539	3
277	540	1
277	541	1
277	544	1
277	545	1
277	548	2
277	552	4
277	559	1
277	568	1
277	572	1
277	574	1
277	578	1
277	579	1
277	591	2
277	593	5
277	596	1
277	598	1
278	284	1
278	286	1
278	289	4
278	290	1
278	293	1
278	301	1
278	327	1
278	331	2
278	340	1
278	343	2
278	352	1
278	360	1
278	362	1
278	367	1
278	381	1
278	382	1
278	387	1
278	393	1
278	400	1
278	411	1
278	452	1
278	469	1
278	473	1
278	475	1
278	492	1
278	499	1
278	500	1
278	501	1
278	518	1
278	529	1
278	537	1
278	539	1
279	291	3
279	294	1
279	298	1
279	300	1
279	306	1
279	307	1
279	319	1
279	320	1
279	331	1
279	338	2
279	354	1
279	358	1
279	359	1
279	362	1
279	363	1
279	372	1
279	384	2
279	401	2
279	408	1
279	410	2
279	411	1
279	419	1
279	437	1
279	439	1
279	458	1
279	463	1
279	491	1
279	493	1
279	496	1
279	506	1
279	535	1
279	538	1
279	552	1
279	579	1
280	282	3
280	283	3
280	289	1
280	293	2
280	294	5
280	295	1
280	300	3
280	303	3
280	305	1
280	308	1
280	311	3
280	314	1
280	315	2
280	318	2
280	319	1
280	322	1
280	328	1
280	339	1
280	358	1
280	359	1
280	362	2
280	363	5
280	364	2
280	374	1
280	379	1
280	382	1
280	387	1
280	398	1
280	402	1
280	403	1
280	406	2
280	408	1
280	411	1
280	412	3
280	413	1
280	416	2
280	419	1
280	426	1
280	432	1
280	439	1
280	447	2
280	468	1
280	469	2
280	472	2
280	473	3
280	477	2
280	490	3
280	493	2
280	505	1
280	507	1
280	525	1
280	537	1
280	538	1
280	547	1
280	548	1
280	552	1
280	554	1
280	580	2
280	595	2
281	282	2
281	287	1
281	291	1
281	292	1
281	295	1
281	297	2
281	298	1
281	300	1
281	302	4
281	306	1
281	312	1
281	316	1
281	319	1
281	322	1
281	327	2
281	330	2
281	339	1
281	343	1
281	353	2
281	355	1
281	358	1
281	359	1
281	360	3
281	361	1
281	362	2
281	363	1
281	364	2
281	365	1
281	366	1
281	373	2
281	376	1
281	388	1
281	390	1
281	393	1
281	397	1
281	398	1
281	402	1
281	403	1
281	404	1
281	410	1
281	412	2
281	416	2
281	423	1
281	432	1
281	434	2
281	438	1
281	439	1
281	442	1
281	451	1
281	461	1
281	465	1
281	466	1
281	468	1
281	469	1
281	486	2
281	489	1
281	491	1
281	492	1
281	500	1
281	503	1
281	505	1
281	506	1
281	507	1
281	512	1
281	517	1
281	538	1
281	539	1
281	552	3
281	574	1
281	578	1
281	579	1
281	580	1
281	591	1
281	598	1
282	288	1
282	289	2
282	291	4
282	292	2
282	293	3
282	294	3
282	295	1
282	300	1
282	303	1
282	305	1
282	308	1
282	309	1
282	318	3
282	319	2
282	322	3
282	330	2
282	342	1
282	343	2
282	345	1
282	346	1
282	350	1
282	351	1
282	353	2
282	355	2
282	358	4
282	359	1
282	360	3
282	361	1
282	362	2
282	363	4
282	364	3
282	366	1
282	367	1
282	368	1
282	379	1
282	381	1
282	397	2
282	399	1
282	403	1
282	404	1
282	406	2
282	408	3
282	410	1
282	411	1
282	412	4
282	413	2
282	416	3
282	419	1
282	430	1
282	434	1
282	438	1
282	444	1
282	447	1
282	451	1
282	458	1
282	461	1
282	465	1
282	466	1
282	470	1
282	472	1
282	473	3
282	474	1
282	477	1
282	480	1
282	482	1
282	485	1
282	486	1
282	489	1
282	490	1
282	491	1
282	492	2
282	502	1
282	505	2
282	507	2
282	509	1
282	512	1
282	513	1
282	520	2
282	525	2
282	528	1
282	530	1
282	539	1
282	540	1
282	544	1
282	545	1
282	552	1
282	559	1
282	572	1
282	574	1
282	578	1
282	579	1
282	580	1
282	593	1
282	595	2
282	598	1
283	288	1
283	293	2
283	294	2
283	300	1
283	303	3
283	311	2
283	315	1
283	318	1
283	323	1
283	330	1
283	336	2
283	339	1
283	341	1
283	346	1
283	364	1
283	365	1
283	369	1
283	387	1
283	396	1
283	411	1
283	412	1
283	413	1
283	417	1
283	426	1
283	428	1
283	438	3
283	440	1
283	457	1
283	461	1
283	468	1
283	489	1
283	492	2
283	496	1
283	518	1
283	578	1
283	587	1
284	301	1
284	315	1
284	340	1
284	343	1
284	349	2
284	362	1
284	368	1
284	401	1
284	402	2
284	473	1
284	475	2
284	484	1
284	537	1
285	289	1
285	291	1
285	292	2
285	294	1
285	300	1
285	305	1
285	306	1
285	307	1
285	312	1
285	315	2
285	317	1
285	328	1
285	333	1
285	339	1
285	342	1
285	347	2
285	353	1
285	359	1
285	362	1
285	363	1
285	367	1
285	388	3
285	390	1
285	395	1
285	397	2
285	399	1
285	423	1
285	426	1
285	435	1
285	439	1
285	442	1
285	444	1
285	468	2
285	499	2
285	506	1
285	518	2
285	528	1
285	537	1
285	540	1
285	561	1
285	567	1
285	592	1
286	289	2
286	290	1
286	293	2
286	295	1
286	327	1
286	331	2
286	340	2
286	343	2
286	353	1
286	360	1
286	363	2
286	367	2
286	370	1
286	394	1
286	400	1
286	411	2
286	426	1
286	452	1
286	492	2
286	500	1
286	501	1
286	518	2
287	292	1
287	295	1
287	303	2
287	358	1
287	365	1
287	393	1
287	413	1
287	416	1
287	423	1
287	428	1
287	434	1
287	444	1
287	478	1
287	481	1
287	507	1
287	525	1
287	530	1
287	542	1
287	545	1
287	568	1
288	289	1
288	291	2
288	292	1
288	295	1
288	303	1
288	305	1
288	309	2
288	318	2
288	321	1
288	322	3
288	330	2
288	336	1
288	342	1
288	343	4
288	346	1
288	348	2
288	350	1
288	351	2
288	353	1
288	358	2
288	360	1
288	364	1
288	367	1
288	368	1
288	395	1
288	397	1
288	399	2
288	404	1
288	409	3
288	410	1
288	416	1
288	418	1
288	435	1
288	436	1
288	455	1
288	466	1
288	468	2
288	469	1
288	470	1
288	471	1
288	473	1
288	480	1
288	481	1
288	482	2
288	485	1
288	489	1
288	492	1
288	500	1
288	501	2
288	502	1
288	505	1
288	509	1
288	528	1
288	539	1
288	540	1
288	544	1
288	556	1
288	572	1
288	574	1
288	580	1
288	587	1
288	593	1
288	596	1
289	290	2
289	291	2
289	292	2
289	293	5
289	294	1
289	295	1
289	301	1
289	302	1
289	303	2
289	306	1
289	308	1
289	309	1
289	312	2
289	315	1
289	317	1
289	318	1
289	321	1
289	322	3
289	327	2
289	329	3
289	330	1
289	331	3
289	333	1
289	340	4
289	342	1
289	343	5
289	344	1
289	346	1
289	347	1
289	350	1
289	351	1
289	352	2
289	353	1
289	355	2
289	358	4
289	359	1
289	360	4
289	362	2
289	363	7
289	364	1
289	366	1
289	367	4
289	368	1
289	370	3
289	373	3
289	381	2
289	382	3
289	388	1
289	393	2
289	394	1
289	395	4
289	397	2
289	399	1
289	400	4
289	404	2
289	406	1
289	410	1
289	411	6
289	412	1
289	416	4
289	419	1
289	421	1
289	442	1
289	444	1
289	450	1
289	452	1
289	466	1
289	468	2
289	469	2
289	470	1
289	473	2
289	478	1
289	480	1
289	482	1
289	485	1
289	492	5
289	499	1
289	500	2
289	501	3
289	502	1
289	503	1
289	505	1
289	507	2
289	509	1
289	517	1
289	518	4
289	528	1
289	529	1
289	531	1
289	537	3
289	539	4
289	540	1
289	544	1
289	547	1
289	548	1
289	556	1
289	559	1
289	566	1
289	572	1
289	574	2
289	577	1
289	593	1
289	595	1
290	293	1
290	298	1
290	300	1
290	327	1
290	331	2
290	333	1
290	340	1
290	343	2
290	346	1
290	352	1
290	357	3
290	358	2
290	360	2
290	362	1
290	367	1
290	370	1
290	382	1
290	383	1
290	390	1
290	395	1
290	397	1
290	404	1
290	411	2
290	420	1
290	423	1
290	426	1
290	434	1
290	451	1
290	452	1
290	455	1
290	457	1
290	477	1
290	492	2
290	500	1
290	501	1
290	502	2
290	503	1
290	505	1
290	518	2
290	531	1
290	539	1
290	541	1
290	559	1
290	579	1
290	593	2
290	599	1
291	292	4
291	294	2
291	295	1
291	298	3
291	302	1
291	303	1
291	305	1
291	307	1
291	309	2
291	312	2
291	314	1
291	315	1
291	317	1
291	318	1
291	319	1
291	320	1
291	322	2
291	324	1
291	326	1
291	327	1
291	330	1
291	333	2
291	336	2
291	337	1
291	338	2
291	342	1
291	343	3
291	346	1
291	347	2
291	350	1
291	351	3
291	353	2
291	354	2
291	355	4
291	358	5
291	359	1
291	360	2
291	361	1
291	363	2
291	364	1
291	366	1
291	367	2
291	368	2
291	372	1
291	375	1
291	388	1
291	395	2
291	397	1
291	399	1
291	401	1
291	403	1
291	404	1
291	410	2
291	412	1
291	415	1
291	416	1
291	432	1
291	434	1
291	435	1
291	436	1
291	439	1
291	441	2
291	442	1
291	444	1
291	451	2
291	454	1
291	455	1
291	458	1
291	463	1
291	466	1
291	467	1
291	468	2
291	470	2
291	473	1
291	480	1
291	482	1
291	485	1
291	486	1
291	489	2
291	491	1
291	492	2
291	499	1
291	500	1
291	501	1
291	502	1
291	505	1
291	506	1
291	507	1
291	509	1
291	512	2
291	514	1
291	517	1
291	518	1
291	525	1
291	528	1
291	530	1
291	533	1
291	539	1
291	540	1
291	544	1
291	552	1
291	556	1
291	559	1
291	567	1
291	572	2
291	574	1
291	579	1
291	580	1
291	593	1
291	598	1
292	294	2
292	295	3
292	302	1
292	303	3
292	309	1
292	312	1
292	315	2
292	316	1
292	318	2
292	319	1
292	322	1
292	323	1
292	328	1
292	330	1
292	333	1
292	339	1
292	341	1
292	342	1
292	343	2
292	346	2
292	347	1
292	350	1
292	351	1
292	353	2
292	355	1
292	358	2
292	359	1
292	360	2
292	361	1
292	362	2
292	363	1
292	364	1
292	366	1
292	367	2
292	368	1
292	376	1
292	384	2
292	388	2
292	393	1
292	397	1
292	399	1
292	403	1
292	404	1
292	410	2
292	411	1
292	412	1
292	413	1
292	415	1
292	416	2
292	422	1
292	426	1
292	428	2
292	434	2
292	440	1
292	441	2
292	444	1
292	454	2
292	455	1
292	456	2
292	457	2
292	458	3
292	460	2
292	466	2
292	467	1
292	468	3
292	469	1
292	470	1
292	473	1
292	478	1
292	480	2
292	481	1
292	482	1
292	483	1
292	484	1
292	485	3
292	486	1
292	489	1
292	491	1
292	492	2
292	499	1
292	500	1
292	502	1
292	505	2
292	507	1
292	509	1
292	512	2
292	517	1
292	518	3
292	528	1
292	530	1
292	537	1
292	539	1
292	540	1
292	544	1
292	545	1
292	552	1
292	556	2
292	561	1
292	572	1
292	574	1
292	578	1
292	579	1
292	582	1
292	588	1
292	589	1
292	591	1
292	592	2
292	593	1
292	598	1
293	294	10
293	295	1
293	300	1
293	302	1
293	303	2
293	312	1
293	315	1
293	318	1
293	320	2
293	327	2
293	331	2
293	339	1
293	340	2
293	343	2
293	352	2
293	356	2
293	358	2
293	360	1
293	363	4
293	364	2
293	365	2
293	367	2
293	370	1
293	380	4
293	387	2
293	393	1
293	394	1
293	395	1
293	398	2
293	400	2
293	406	1
293	411	2
293	413	6
293	416	5
293	418	1
293	419	1
293	436	1
293	452	1
293	466	1
293	471	1
293	472	2
293	478	1
293	486	1
293	488	2
293	490	2
293	492	3
293	493	1
293	500	1
293	501	1
293	507	1
293	514	1
293	518	2
293	545	1
293	552	2
293	554	1
293	559	1
293	566	1
293	580	1
293	591	2
293	595	1
294	295	1
294	297	2
294	298	1
294	300	2
294	303	3
294	305	3
294	308	1
294	310	1
294	315	1
294	318	2
294	330	1
294	339	1
294	342	1
294	347	1
294	352	1
294	353	1
294	354	1
294	356	1
294	358	3
294	359	2
294	362	7
294	363	6
294	364	1
294	365	1
294	373	2
294	379	2
294	387	2
294	393	1
294	395	1
294	398	2
294	399	1
294	401	1
294	406	2
294	411	3
294	412	3
294	413	5
294	416	3
294	419	2
294	426	1
294	432	2
294	434	1
294	436	1
294	442	1
294	444	2
294	447	2
294	450	1
294	452	1
294	461	1
294	465	1
294	466	1
294	469	1
294	472	2
294	473	3
294	476	1
294	477	3
294	485	2
294	486	1
294	490	3
294	492	2
294	502	1
294	505	2
294	506	1
294	507	2
294	509	1
294	518	4
294	528	1
294	530	1
294	539	1
294	540	1
294	545	1
294	552	2
294	554	1
294	559	3
294	561	1
294	566	1
294	567	1
294	580	2
294	593	3
294	595	2
295	297	1
295	300	2
295	303	5
295	309	1
295	314	2
295	317	1
295	318	2
295	320	1
295	322	2
295	330	2
295	339	7
295	340	2
295	341	1
295	342	1
295	343	1
295	346	5
295	348	1
295	350	1
295	351	1
295	353	2
295	358	1
295	360	2
295	362	1
295	363	3
295	364	2
295	365	1
295	367	1
295	368	1
295	379	1
295	387	2
295	390	1
295	393	1
295	396	2
295	397	1
295	398	1
295	399	1
295	404	1
295	406	1
295	410	2
295	413	1
295	416	4
295	426	2
295	428	1
295	434	1
295	440	3
295	444	1
295	447	1
295	466	6
295	467	2
295	469	1
295	470	1
295	472	2
295	473	1
295	477	1
295	480	1
295	481	1
295	482	1
295	485	1
295	486	3
295	489	1
295	490	1
295	492	1
295	500	1
295	502	1
295	503	1
295	505	1
295	506	1
295	507	3
295	509	1
295	517	1
295	525	1
295	528	1
295	530	1
295	539	1
295	540	1
295	544	1
295	545	1
295	548	1
295	552	3
295	554	1
295	566	3
295	567	1
295	571	1
295	572	1
295	574	1
295	577	1
295	578	2
295	580	1
295	589	3
295	593	1
296	297	2
296	305	2
296	315	1
296	330	1
296	334	1
296	336	2
296	337	1
296	343	1
296	345	1
296	348	1
296	355	1
296	377	1
296	393	1
296	413	1
296	415	1
296	417	1
296	429	1
296	430	1
296	435	5
296	439	1
296	490	1
296	491	1
296	494	2
296	518	3
296	521	1
296	522	1
296	523	1
296	528	1
296	533	1
296	556	1
296	563	1
296	568	1
296	581	1
297	298	1
297	302	3
297	305	3
297	306	1
297	308	1
297	315	2
297	316	3
297	319	1
297	322	2
297	327	1
297	330	1
297	334	1
297	336	1
297	337	2
297	339	1
297	340	3
297	345	1
297	352	1
297	353	1
297	356	2
297	357	1
297	358	1
297	360	1
297	362	2
297	364	1
297	365	1
297	373	1
297	376	2
297	377	1
297	379	1
297	380	1
297	382	1
297	387	2
297	390	1
297	391	1
297	393	1
297	397	2
297	398	3
297	399	1
297	404	1
297	406	1
297	410	1
297	411	1
297	415	1
297	416	4
297	423	1
297	426	1
297	428	1
297	429	1
297	430	1
297	432	2
297	434	3
297	435	1
297	437	1
297	438	1
297	439	2
297	442	2
297	447	1
297	448	1
297	451	1
297	452	1
297	455	1
297	461	1
297	463	1
297	465	3
297	466	2
297	468	1
297	469	1
297	486	2
297	492	1
297	494	3
297	500	2
297	503	1
297	506	1
297	517	1
297	518	2
297	526	1
297	528	1
297	530	1
297	531	1
297	532	1
297	538	1
297	545	2
297	552	2
297	559	1
297	563	1
297	567	1
297	568	2
297	574	1
297	578	1
297	580	2
297	591	2
297	593	2
298	300	1
298	302	1
298	307	1
298	312	1
298	314	1
298	316	1
298	317	1
298	326	1
298	327	2
298	331	1
298	333	1
298	336	1
298	337	1
298	338	1
298	340	1
298	344	1
298	346	2
298	347	1
298	348	1
298	351	1
298	352	1
298	353	1
298	355	2
298	358	2
298	359	1
298	362	2
298	363	1
298	372	1
298	376	1
298	383	1
298	390	1
298	395	1
298	397	2
298	404	2
298	410	1
298	416	1
298	423	2
298	432	2
298	434	2
298	439	3
298	441	1
298	442	2
298	450	1
298	451	2
298	453	3
298	454	2
298	455	1
298	456	1
298	458	1
298	463	1
298	468	1
298	469	1
298	492	2
298	505	1
298	506	3
298	509	1
298	514	3
298	517	1
298	518	3
298	530	1
298	531	1
298	541	1
298	552	1
298	556	1
298	560	1
298	561	1
298	571	1
298	574	1
298	578	1
298	579	1
298	580	2
298	592	1
298	596	1
298	599	1
299	333	1
299	353	1
299	358	2
299	370	1
299	401	1
299	403	1
299	436	2
299	463	1
299	494	1
299	506	1
299	509	2
299	518	1
299	544	1
299	547	2
300	302	2
300	303	3
300	305	1
300	306	1
300	311	2
300	315	1
300	319	2
300	320	1
300	328	1
300	331	1
300	333	1
300	339	4
300	340	1
300	342	1
300	346	1
300	347	1
300	352	1
300	353	1
300	358	1
300	359	1
300	360	1
300	362	3
300	363	2
300	364	3
300	365	1
300	372	1
300	382	1
300	383	1
300	390	1
300	395	1
300	396	1
300	397	1
300	398	1
300	399	1
300	402	1
300	404	1
300	408	1
300	411	1
300	412	1
300	423	1
300	426	1
300	434	1
300	437	1
300	438	1
300	439	1
300	442	2
300	444	1
300	451	2
300	454	1
300	456	1
300	459	1
300	461	1
300	465	1
300	468	1
300	472	2
300	475	1
300	486	2
300	490	2
300	492	2
300	505	3
300	506	1
300	507	2
300	518	2
300	528	1
300	531	1
300	535	1
300	537	1
300	538	1
300	540	1
300	541	1
300	552	4
300	566	2
300	567	1
300	568	1
300	579	2
300	599	1
301	343	1
301	360	1
301	361	1
301	362	1
301	371	1
301	448	1
301	454	2
301	473	1
301	475	1
301	492	1
301	537	2
301	568	1
302	305	1
302	306	5
302	315	8
302	316	4
302	318	1
302	327	1
302	329	2
302	330	1
302	331	4
302	337	1
302	339	6
302	340	1
302	343	2
302	344	1
302	345	3
302	346	1
302	353	2
302	355	2
302	358	2
302	360	3
302	362	1
302	363	1
302	364	6
302	365	2
302	370	1
302	373	2
302	375	1
302	376	1
302	387	5
302	393	5
302	395	2
302	396	1
302	397	1
302	398	1
302	404	3
302	408	3
302	411	1
302	412	2
302	413	1
302	415	1
302	416	1
302	418	2
302	423	2
302	426	3
302	428	1
302	432	1
302	434	2
302	435	1
302	437	3
302	438	1
302	439	1
302	441	2
302	442	2
302	451	2
302	458	1
302	463	1
302	466	1
302	468	2
302	469	2
302	471	2
302	475	1
302	478	2
302	490	1
302	492	2
302	494	2
302	495	2
302	496	2
302	501	1
302	506	1
302	507	2
302	514	2
302	517	1
302	518	2
302	521	1
302	525	1
302	528	1
302	533	3
302	537	2
302	538	1
302	539	8
302	545	2
302	547	1
302	552	1
302	554	2
302	559	2
302	574	1
302	580	1
302	588	1
302	591	5
302	593	2
303	306	1
303	309	1
303	311	2
303	314	1
303	315	1
303	316	1
303	318	2
303	319	1
303	322	1
303	329	1
303	330	1
303	339	3
303	342	1
303	343	1
303	346	1
303	350	1
303	351	1
303	353	1
303	356	2
303	358	5
303	360	1
303	362	2
303	363	1
303	364	1
303	367	1
303	368	1
303	379	3
303	387	6
303	391	1
303	393	3
303	395	1
303	397	1
303	399	1
303	404	1
303	406	1
303	410	1
303	413	1
303	416	2
303	426	1
303	428	1
303	434	2
303	444	1
303	447	1
303	466	1
303	468	1
303	469	4
303	470	1
303	471	1
303	472	2
303	473	1
303	477	3
303	480	1
303	481	1
303	482	1
303	485	1
303	486	2
303	488	1
303	489	1
303	490	1
303	492	4
303	497	2
303	498	1
303	500	2
303	502	1
303	505	1
303	507	2
303	509	1
303	511	1
303	518	3
303	525	1
303	528	1
303	529	1
303	530	1
303	539	2
303	540	1
303	544	1
303	545	2
303	548	1
303	552	3
303	554	1
303	559	2
303	566	2
303	572	1
303	574	1
303	578	1
303	580	1
303	593	1
303	598	2
304	451	1
304	510	1
304	512	1
304	582	1
304	583	1
305	309	1
305	312	1
305	315	2
305	316	2
305	318	1
305	322	1
305	327	1
305	334	1
305	335	1
305	336	4
305	337	2
305	339	1
305	342	1
305	343	1
305	345	3
305	347	2
305	348	1
305	351	1
305	353	1
305	358	1
305	359	1
305	360	1
305	362	2
305	363	1
305	364	1
305	377	1
305	379	1
305	395	2
305	398	1
305	399	1
305	411	2
305	412	1
305	413	1
305	415	1
305	416	2
305	417	1
305	419	1
305	426	1
305	429	1
305	430	2
305	432	1
305	434	1
305	435	7
305	436	1
305	438	1
305	439	2
305	442	1
305	444	1
305	447	1
305	449	1
305	452	2
305	455	1
305	461	2
305	463	1
305	465	2
305	473	1
305	477	1
305	478	1
305	491	1
305	492	1
305	494	1
305	496	1
305	500	1
305	506	1
305	518	2
305	521	1
305	522	1
305	523	1
305	528	2
305	530	1
305	531	1
305	533	1
305	540	1
305	541	1
305	556	2
305	559	1
305	563	1
305	567	1
305	580	2
305	581	1
305	593	1
305	595	1
306	307	1
306	316	1
306	319	2
306	320	1
306	329	1
306	331	2
306	338	1
306	351	1
306	356	1
306	357	1
306	358	1
306	362	1
306	372	1
306	374	1
306	375	1
306	379	2
306	380	1
306	381	2
306	387	7
306	388	1
306	396	2
306	397	1
306	404	3
306	410	1
306	416	1
306	426	3
306	434	2
306	435	1
306	437	1
306	438	3
306	439	2
306	442	1
306	451	2
306	455	1
306	469	2
306	495	2
306	504	2
306	507	2
306	518	2
306	526	1
306	530	1
306	535	1
306	538	3
306	545	2
306	552	4
306	554	2
306	559	1
306	561	1
306	567	1
306	568	1
306	575	1
306	579	2
306	580	2
306	599	1
307	338	1
307	339	1
307	359	1
307	363	1
307	388	2
307	410	1
307	458	1
307	463	1
307	499	1
308	322	1
308	352	1
308	356	1
308	358	1
308	359	1
308	362	1
308	363	1
308	373	1
308	387	2
308	391	1
308	395	1
308	406	10
308	412	2
308	416	1
308	419	1
308	428	1
308	448	1
308	466	1
308	473	1
308	486	1
308	500	2
308	507	1
308	545	1
308	559	1
308	591	1
308	595	1
309	318	1
309	322	2
309	330	1
309	336	1
309	342	1
309	343	2
309	346	1
309	350	5
309	351	2
309	352	1
309	353	1
309	357	2
309	358	2
309	360	1
309	364	1
309	367	1
309	368	1
309	395	1
309	397	1
309	399	1
309	404	1
309	410	1
309	416	1
309	419	1
309	435	1
309	436	16
309	455	1
309	466	1
309	470	1
309	473	1
309	480	1
309	482	1
309	485	1
309	492	1
309	500	1
309	502	1
309	505	1
309	509	1
309	528	1
309	539	1
309	540	1
309	544	1
309	556	1
309	572	1
309	574	1
309	580	1
309	593	1
310	369	1
310	437	3
310	466	2
310	501	2
310	518	1
310	571	2
311	382	1
311	389	2
311	398	1
311	402	1
311	408	1
311	468	1
311	492	1
311	552	1
312	315	1
312	327	6
312	333	1
312	347	2
312	355	1
312	358	1
312	363	1
312	367	1
312	372	1
312	388	1
312	395	1
312	400	1
312	432	1
312	442	1
312	468	1
312	492	1
312	499	1
312	518	1
314	318	1
314	326	1
314	336	1
314	346	1
314	351	1
314	355	1
314	363	1
314	379	1
314	387	1
314	395	1
314	396	1
314	410	1
314	416	1
314	426	1
314	439	1
314	441	1
314	447	1
314	469	1
314	477	1
314	506	1
314	517	1
314	525	1
314	548	1
314	554	1
314	580	1
315	316	6
315	318	2
315	330	1
315	331	2
315	333	1
315	336	1
315	339	5
315	340	2
315	343	2
315	345	3
315	346	3
315	347	2
315	349	1
315	351	1
315	360	1
315	363	3
315	364	3
315	365	2
315	367	3
315	388	2
315	393	3
315	395	1
315	402	1
315	406	2
315	408	2
315	411	1
315	413	1
315	416	1
315	426	2
315	434	1
315	435	3
315	437	1
315	438	1
315	439	1
315	452	1
315	466	1
315	468	2
315	475	2
315	476	1
315	478	1
315	490	1
315	492	1
315	494	1
315	496	2
315	499	1
315	502	2
315	518	2
315	527	1
315	533	1
315	539	1
315	541	5
315	568	1
315	591	2
315	593	2
316	318	1
316	327	1
316	339	3
316	340	1
316	345	1
316	346	1
316	351	1
316	353	1
316	362	1
316	364	2
316	365	1
316	371	2
316	373	1
316	376	1
316	387	1
316	393	1
316	395	1
316	397	1
316	404	1
316	410	2
316	411	1
316	415	1
316	416	2
316	417	1
316	423	1
316	426	1
316	432	1
316	434	1
316	435	1
316	438	1
316	439	1
316	441	1
316	442	1
316	461	1
316	463	1
316	465	1
316	468	2
316	469	2
316	473	1
316	478	1
316	496	2
316	500	1
316	506	1
316	517	1
316	531	1
316	537	1
316	545	1
316	552	2
316	574	1
316	579	1
316	580	1
316	588	1
316	591	2
317	321	1
317	328	2
317	329	2
317	333	1
317	340	2
317	344	3
317	348	1
317	355	1
317	358	1
317	362	1
317	363	1
317	365	1
317	366	1
317	371	1
317	373	1
317	376	1
317	381	1
317	390	2
317	396	1
317	397	2
317	409	1
317	423	1
317	440	1
317	452	1
317	453	2
317	458	1
317	466	1
317	467	3
317	481	1
317	489	1
317	492	1
317	500	1
317	501	2
317	505	3
317	506	2
317	507	1
317	517	1
317	518	1
317	530	1
317	537	3
317	539	1
317	556	1
317	571	1
317	577	1
317	578	1
317	580	1
317	591	1
318	321	1
318	322	2
318	330	1
318	339	1
318	341	1
318	342	1
318	343	1
318	345	2
318	346	1
318	347	3
318	350	1
318	351	1
318	352	1
318	353	1
318	356	1
318	358	4
318	360	5
318	362	2
318	364	1
318	365	1
318	367	1
318	368	1
318	373	2
318	375	2
318	376	1
318	379	2
318	381	1
318	387	1
318	390	2
318	394	1
318	397	1
318	398	1
318	399	1
318	402	1
318	404	1
318	410	1
318	413	1
318	415	1
318	416	1
318	426	1
318	428	1
318	432	2
318	434	2
318	435	1
318	438	1
318	439	1
318	440	1
318	447	1
318	450	1
318	451	3
318	452	1
318	458	1
318	459	1
318	462	1
318	463	2
318	466	1
318	469	1
318	470	1
318	473	1
318	475	2
318	476	1
318	477	1
318	480	1
318	482	1
318	485	1
318	486	1
318	489	4
318	492	3
318	501	1
318	502	1
318	503	1
318	505	3
318	506	1
318	507	1
318	509	1
318	511	1
318	515	1
318	517	2
318	518	3
318	522	1
318	525	4
318	528	2
318	530	2
318	539	2
318	540	2
318	541	2
318	544	1
318	545	1
318	548	1
318	554	1
318	572	2
318	574	2
318	578	2
318	580	1
318	591	1
318	593	1
318	596	1
319	320	1
319	328	1
319	331	1
319	337	1
319	343	1
319	353	1
319	355	1
319	356	1
319	357	1
319	358	1
319	360	1
319	361	1
319	362	1
319	366	1
319	372	1
319	380	1
319	382	1
319	383	1
319	387	3
319	397	1
319	403	1
319	412	1
319	419	1
319	420	1
319	431	2
319	434	4
319	437	1
319	438	1
319	439	1
319	442	1
319	451	1
319	455	1
319	461	1
319	469	1
319	471	1
319	473	1
319	486	1
319	489	2
319	491	1
319	497	1
319	500	1
319	505	1
319	507	1
319	512	1
319	526	2
319	527	1
319	529	1
319	531	1
319	532	1
319	534	1
319	535	2
319	536	1
319	537	1
319	538	2
319	545	1
319	552	3
319	559	2
319	567	1
319	568	2
319	578	1
319	579	2
319	580	1
319	598	2
319	599	1
320	345	1
320	346	1
320	362	1
320	365	1
320	372	1
320	387	1
320	413	1
320	416	2
320	428	1
320	434	2
320	437	1
320	439	1
320	443	1
320	477	2
320	507	1
320	518	1
320	525	1
320	532	1
320	535	1
320	536	1
320	538	1
320	552	1
320	567	1
320	579	1
321	322	1
321	329	2
321	338	1
321	344	1
321	355	1
321	359	1
321	362	1
321	363	2
321	366	1
321	373	1
321	381	1
321	410	1
321	411	1
321	442	1
321	468	1
321	489	1
321	500	1
321	501	1
321	507	2
321	517	2
321	537	1
321	539	1
321	560	1
321	591	1
321	596	1
322	330	2
322	336	1
322	340	1
322	342	1
322	343	3
322	346	1
322	350	1
322	351	3
322	352	1
322	353	1
322	355	1
322	356	1
322	358	4
322	360	2
322	362	1
322	363	1
322	364	2
322	367	2
322	368	1
322	370	3
322	371	1
322	372	1
322	373	1
322	374	2
322	378	1
322	382	2
322	387	1
322	390	1
322	391	1
322	395	1
322	397	4
322	398	1
322	399	1
322	400	2
322	404	2
322	406	1
322	408	2
322	410	2
322	416	2
322	431	1
322	435	1
322	436	1
322	437	2
322	444	2
322	448	1
322	455	1
322	457	1
322	466	4
322	470	1
322	473	1
322	480	1
322	482	1
322	485	1
322	486	4
322	492	3
322	494	1
322	500	4
322	502	1
322	503	1
322	505	1
322	506	1
322	509	1
322	518	1
322	528	1
322	531	1
322	537	1
322	539	1
322	540	1
322	544	1
322	545	1
322	546	1
322	552	2
322	556	1
322	567	1
322	572	1
322	574	1
322	577	1
322	578	1
322	580	1
322	591	1
322	593	1
322	596	1
323	352	1
323	363	1
323	387	1
323	412	2
323	428	1
323	502	1
323	518	1
323	545	1
323	578	1
323	587	1
324	343	1
324	387	1
324	426	1
326	336	1
326	351	1
326	355	1
326	395	1
326	439	1
326	441	1
326	457	1
326	484	1
326	500	1
326	506	1
327	331	1
327	340	1
327	343	1
327	347	1
327	353	1
327	355	1
327	358	1
327	360	1
327	362	1
327	367	1
327	372	1
327	376	1
327	395	1
327	397	1
327	400	1
327	404	1
327	411	1
327	416	1
327	423	1
327	432	2
327	434	1
327	437	1
327	439	1
327	442	2
327	452	1
327	468	1
327	469	1
327	492	3
327	500	1
327	501	1
327	506	1
327	517	1
327	518	1
327	552	1
327	574	1
327	580	1
328	362	1
328	384	1
328	390	2
328	395	1
328	397	2
328	423	1
328	427	2
328	505	1
328	506	1
328	537	3
328	580	1
329	340	1
329	344	2
329	355	1
329	357	2
329	358	1
329	362	1
329	363	1
329	365	3
329	366	1
329	368	1
329	373	2
329	376	1
329	381	1
329	395	2
329	397	1
329	410	1
329	442	1
329	450	1
329	452	1
329	453	1
329	458	1
329	468	2
329	481	1
329	492	1
329	500	1
329	501	1
329	505	1
329	507	2
329	517	2
329	518	1
329	537	1
329	539	3
329	560	1
329	574	1
329	580	1
330	339	1
330	342	1
330	343	2
330	346	1
330	350	1
330	351	1
330	353	1
330	356	1
330	358	1
330	360	2
330	362	2
330	364	2
330	365	1
330	367	1
330	368	1
330	387	3
330	390	2
330	393	2
330	397	1
330	398	1
330	399	1
330	404	1
330	410	2
330	416	3
330	435	1
330	466	2
330	470	1
330	473	1
330	480	1
330	482	1
330	484	2
330	485	1
330	486	1
330	489	1
330	490	1
330	492	1
330	500	2
330	502	1
330	503	1
330	505	1
330	509	1
330	516	1
330	528	1
330	530	1
330	538	1
330	539	1
330	540	1
330	544	1
330	552	1
330	568	2
330	572	1
330	574	1
330	575	2
330	578	2
330	580	1
330	591	3
330	593	2
331	333	1
331	340	2
331	343	2
331	346	1
331	352	1
331	356	1
331	358	1
331	360	1
331	362	1
331	363	2
331	367	4
331	370	1
331	381	1
331	383	1
331	390	1
331	394	1
331	397	1
331	400	1
331	404	3
331	410	1
331	411	3
331	419	1
331	423	1
331	426	2
331	431	1
331	434	2
331	451	1
331	452	1
331	491	1
331	492	3
331	493	1
331	495	2
331	496	1
331	500	1
331	501	1
331	502	2
331	505	1
331	518	3
331	531	1
331	539	1
331	541	1
331	579	1
331	599	1
332	440	1
333	346	1
333	347	1
333	352	1
333	358	2
333	362	1
333	363	1
333	367	1
333	383	1
333	388	1
333	390	1
333	397	1
333	404	1
333	418	1
333	423	1
333	434	1
333	436	1
333	451	1
333	463	1
333	468	1
333	489	1
333	492	1
333	494	2
333	498	1
333	499	1
333	505	1
333	506	1
333	518	4
333	531	1
333	541	1
333	562	2
333	579	1
333	599	1
334	336	2
334	337	1
334	339	1
334	345	1
334	377	1
334	393	1
334	414	2
334	426	1
334	430	1
334	435	1
334	439	2
334	494	1
334	518	1
334	528	1
334	563	1
334	581	1
335	336	1
335	337	1
335	429	1
335	430	1
335	435	1
335	445	1
335	449	1
335	463	1
336	337	2
336	339	1
336	343	1
336	346	1
336	351	2
336	355	1
336	358	1
336	369	1
336	377	1
336	383	1
336	393	1
336	395	2
336	396	1
336	411	1
336	417	1
336	426	1
336	429	1
336	430	2
336	435	6
336	436	1
336	438	1
336	439	2
336	441	1
336	447	1
336	449	1
336	455	1
336	457	1
336	461	1
336	492	1
336	494	1
336	496	1
336	500	1
336	506	1
336	518	1
336	528	1
336	529	1
336	556	1
336	563	1
336	580	1
337	340	1
337	363	1
337	375	1
337	376	1
337	377	1
337	378	1
337	382	1
337	383	1
337	399	1
337	408	1
337	415	1
337	419	1
337	420	1
337	428	1
337	429	1
337	430	2
337	431	1
337	434	2
337	435	2
337	439	1
337	441	1
337	449	1
337	451	1
337	455	1
337	461	1
337	465	1
337	468	2
337	494	1
337	497	1
337	509	1
337	514	1
337	518	1
337	525	1
337	526	1
337	527	2
337	528	1
337	530	1
337	531	2
337	534	1
337	535	1
337	536	1
337	539	1
337	552	1
337	559	2
337	563	1
337	566	1
337	598	1
337	599	1
338	351	1
338	355	1
338	356	2
338	359	2
338	362	1
338	363	2
338	369	2
338	371	1
338	372	1
338	384	1
338	387	1
338	410	2
338	411	1
338	413	1
338	437	1
338	458	1
338	463	1
338	468	1
338	470	1
338	477	1
338	486	1
338	501	3
338	502	1
338	506	2
338	538	1
338	545	1
338	547	1
338	559	1
339	340	3
339	341	3
339	345	3
339	346	3
339	363	1
339	364	14
339	365	1
339	373	1
339	388	1
339	393	11
339	395	1
339	396	1
339	426	1
339	428	1
339	435	1
339	437	2
339	438	2
339	440	3
339	466	3
339	467	1
339	472	2
339	478	2
339	486	2
339	490	1
339	494	2
339	496	1
339	499	1
339	507	2
339	509	1
339	510	1
339	518	1
339	528	2
339	529	2
339	537	1
339	538	1
339	539	1
339	552	2
339	566	2
339	589	2
339	591	2
339	593	1
340	341	1
340	343	2
340	344	1
340	348	1
340	358	1
340	360	1
340	363	4
340	364	1
340	365	1
340	367	2
340	370	1
340	376	2
340	382	1
340	389	1
340	393	1
340	394	1
340	396	2
340	399	1
340	400	1
340	404	1
340	406	2
340	408	1
340	410	2
340	411	7
340	414	1
340	415	2
340	416	1
340	417	2
340	426	1
340	428	2
340	433	1
340	440	1
340	444	1
340	452	2
340	453	2
340	458	1
340	465	1
340	466	5
340	467	2
340	481	1
340	489	1
340	492	3
340	500	2
340	501	2
340	505	1
340	506	3
340	514	1
340	518	4
340	522	1
340	527	1
340	528	2
340	529	2
340	531	1
340	533	1
340	539	1
340	541	4
340	571	1
340	577	2
340	578	1
340	580	1
340	591	1
341	346	1
341	347	1
341	365	1
341	395	1
341	396	2
341	438	2
341	440	3
341	466	2
341	467	3
341	489	1
341	510	1
341	518	1
341	589	1
342	343	1
342	346	1
342	347	1
342	350	1
342	351	1
342	353	2
342	358	1
342	359	1
342	360	1
342	362	1
342	364	1
342	367	1
342	368	1
342	395	2
342	397	1
342	399	2
342	404	1
342	410	1
342	416	1
342	426	1
342	442	2
342	444	1
342	466	1
342	470	2
342	473	1
342	480	1
342	482	1
342	485	1
342	489	1
342	492	3
342	502	3
342	505	1
342	506	1
342	509	1
342	518	2
342	528	2
342	537	1
342	539	1
342	540	2
342	544	1
342	557	4
342	567	1
342	572	1
342	574	1
342	576	2
342	593	1
343	346	1
343	350	1
343	351	2
343	353	3
343	355	4
343	358	6
343	360	7
343	361	1
343	362	1
343	363	2
343	364	1
343	365	1
343	366	1
343	367	3
343	368	1
343	370	2
343	373	1
343	382	1
343	394	1
343	395	2
343	397	1
343	399	1
343	400	1
343	403	1
343	404	1
343	410	1
343	411	2
343	412	1
343	416	1
343	434	1
343	435	2
343	436	1
343	437	2
343	442	1
343	452	1
343	455	1
343	457	1
343	466	1
343	469	1
343	470	1
343	473	2
343	475	1
343	476	1
343	480	1
343	482	1
343	485	1
343	486	1
343	489	1
343	490	1
343	491	1
343	492	4
343	494	1
343	500	2
343	501	1
343	502	1
343	503	1
343	505	1
343	507	1
343	509	1
343	512	1
343	513	2
343	518	2
343	528	1
343	537	2
343	539	3
343	540	1
343	544	2
343	547	1
343	552	1
343	556	1
343	559	1
343	568	1
343	572	1
343	574	1
343	578	1
343	579	1
343	580	1
343	593	1
343	598	1
344	355	1
344	358	3
344	360	1
344	362	1
344	363	1
344	365	1
344	366	1
344	373	1
344	376	1
344	381	1
344	408	1
344	410	1
344	452	1
344	453	11
344	458	1
344	463	1
344	481	1
344	492	3
344	500	1
344	501	1
344	505	1
344	507	1
344	512	1
344	514	1
344	517	1
344	518	1
344	532	1
344	537	1
344	539	1
344	580	1
345	346	1
345	347	1
345	348	1
345	358	1
345	360	2
345	364	1
345	379	1
345	381	1
345	393	1
345	396	1
345	413	2
345	414	1
345	415	1
345	417	1
345	426	1
345	434	1
345	435	2
345	437	1
345	438	1
345	439	1
345	440	1
345	443	1
345	452	1
345	478	2
345	490	1
345	491	1
345	494	1
345	496	1
345	510	1
345	513	1
345	521	1
345	522	1
345	523	1
345	528	2
345	530	1
345	532	1
345	533	1
345	541	1
345	545	1
345	556	1
345	559	1
345	578	1
345	581	1
345	582	1
345	591	1
345	593	1
346	350	2
346	351	1
346	352	1
346	353	1
346	358	2
346	360	1
346	362	1
346	364	2
346	365	1
346	367	1
346	368	1
346	369	1
346	383	1
346	390	1
346	393	3
346	395	1
346	396	3
346	397	2
346	399	1
346	404	2
346	410	1
346	411	1
346	416	3
346	423	1
346	434	2
346	435	1
346	438	1
346	440	2
346	443	1
346	451	1
346	454	1
346	457	1
346	461	1
346	466	4
346	467	1
346	470	1
346	473	1
346	478	1
346	480	1
346	482	1
346	485	1
346	492	3
346	496	1
346	501	1
346	502	1
346	505	2
346	509	1
346	513	1
346	517	1
346	518	1
346	525	1
346	528	2
346	531	1
346	535	1
346	539	2
346	540	1
346	541	1
346	544	1
346	572	1
346	574	1
346	579	1
346	580	1
346	589	1
346	591	1
346	593	1
346	599	1
347	353	1
347	355	1
347	358	3
347	359	1
347	360	2
347	362	1
347	363	1
347	367	1
347	372	1
347	388	1
347	390	1
347	395	1
347	399	1
347	416	1
347	426	1
347	432	1
347	435	1
347	438	1
347	439	1
347	442	2
347	444	1
347	445	1
347	452	1
347	468	1
347	492	1
347	499	1
347	506	1
347	518	2
347	528	2
347	540	1
347	541	1
347	567	1
347	593	1
348	378	1
348	396	1
348	413	1
348	415	1
348	417	1
348	418	4
348	435	1
348	440	1
348	454	1
348	457	1
348	466	1
348	467	1
348	470	1
348	478	1
348	489	1
348	491	1
348	506	1
348	507	1
348	518	1
348	521	1
348	522	1
348	523	1
348	528	1
348	529	1
348	533	1
348	556	2
348	571	1
348	577	1
348	578	1
348	581	1
348	596	1
349	368	1
349	401	1
349	402	6
349	475	6
349	484	1
349	492	2
350	351	1
350	353	1
350	358	1
350	360	1
350	364	1
350	367	1
350	368	1
350	397	1
350	399	1
350	404	1
350	410	1
350	416	1
350	466	1
350	470	1
350	473	1
350	480	1
350	482	1
350	485	1
350	492	1
350	502	1
350	505	1
350	509	1
350	528	1
350	539	1
350	540	1
350	544	1
350	572	1
350	574	1
350	588	1
350	593	1
351	353	1
351	355	1
351	356	1
351	358	2
351	359	1
351	360	1
351	362	1
351	364	1
351	367	1
351	368	1
351	369	1
351	371	4
351	372	1
351	395	2
351	397	1
351	399	1
351	404	1
351	410	1
351	416	1
351	426	1
351	435	1
351	436	1
351	437	1
351	439	1
351	441	1
351	448	1
351	455	1
351	466	1
351	470	1
351	473	1
351	480	1
351	482	1
351	485	1
351	492	1
351	500	1
351	501	1
351	502	1
351	505	1
351	506	1
351	509	1
351	528	1
351	539	1
351	540	1
351	544	1
351	556	1
351	572	1
351	574	1
351	580	1
351	593	1
352	356	2
352	358	3
352	360	1
352	362	1
352	369	1
352	370	1
352	373	1
352	376	1
352	379	1
352	381	1
352	382	1
352	383	1
352	387	2
352	390	1
352	391	1
352	393	1
352	395	1
352	397	1
352	398	1
352	404	1
352	406	1
352	413	1
352	415	1
352	423	1
352	432	1
352	434	2
352	436	1
352	439	1
352	448	1
352	451	1
352	466	1
352	469	1
352	473	2
352	476	1
352	477	2
352	478	1
352	486	2
352	489	1
352	492	1
352	500	1
352	501	1
352	505	1
352	506	1
352	507	1
352	509	3
352	517	1
352	518	3
352	529	1
352	531	2
352	539	1
352	541	1
352	545	2
352	579	1
352	591	2
352	593	1
352	599	1
353	355	1
353	356	1
353	358	3
353	359	1
353	360	2
353	361	1
353	362	2
353	363	1
353	364	1
353	366	1
353	367	1
353	368	1
353	370	2
353	376	1
353	395	1
353	397	2
353	399	2
353	403	2
353	404	2
353	410	1
353	412	1
353	416	2
353	423	1
353	426	2
353	432	1
353	434	2
353	439	1
353	442	2
353	444	1
353	458	1
353	466	1
353	468	1
353	469	1
353	470	1
353	473	1
353	480	1
353	482	1
353	485	1
353	486	1
353	489	1
353	491	1
353	492	1
353	502	1
353	505	1
353	506	2
353	507	1
353	509	1
353	512	1
353	517	1
353	518	1
353	528	2
353	537	1
353	539	1
353	540	2
353	544	1
353	552	2
353	554	1
353	567	1
353	572	1
353	574	2
353	579	1
353	580	1
353	593	1
353	598	1
354	401	1
354	566	1
355	358	3
355	360	3
355	361	1
355	362	1
355	363	1
355	366	2
355	368	1
355	372	1
355	373	2
355	381	1
355	395	2
355	403	1
355	408	1
355	412	1
355	430	1
355	432	1
355	434	1
355	439	1
355	441	1
355	442	2
355	468	2
355	486	1
355	489	1
355	491	1
355	492	2
355	500	3
355	501	2
355	506	1
355	507	2
355	511	1
355	512	1
355	517	1
355	518	1
355	537	2
355	539	1
355	546	1
355	552	2
355	566	1
355	572	1
355	579	1
355	598	1
356	357	1
356	358	3
356	359	1
356	362	4
356	363	1
356	369	2
356	371	2
356	372	2
356	373	1
356	380	1
356	387	7
356	390	1
356	391	1
356	397	1
356	406	1
356	410	1
356	411	1
356	413	2
356	428	1
356	434	1
356	437	1
356	438	1
356	441	1
356	442	1
356	445	1
356	448	1
356	451	1
356	455	1
356	466	1
356	486	2
356	489	1
356	500	3
356	501	1
356	506	1
356	526	1
356	535	1
356	537	1
356	538	1
356	545	2
356	547	1
356	554	1
356	559	1
356	567	1
356	568	1
356	578	1
356	580	1
356	591	1
356	593	2
356	595	1
357	362	1
357	371	1
357	380	1
357	387	1
357	393	1
357	395	2
357	397	1
357	411	1
357	419	1
357	420	1
357	434	1
357	436	2
357	438	1
357	442	1
357	451	1
357	455	1
357	477	2
357	502	2
357	507	1
357	526	1
357	538	1
357	539	1
357	545	1
357	567	1
357	568	1
357	580	1
357	593	1
358	359	1
358	360	4
358	361	1
358	362	3
358	363	1
358	364	1
358	365	2
358	366	1
358	367	2
358	368	1
358	370	3
358	372	1
358	373	2
358	375	2
358	376	1
358	379	3
358	381	1
358	382	1
358	383	1
358	387	3
358	390	3
358	391	1
358	393	1
358	395	3
358	397	2
358	399	1
358	403	1
358	404	2
358	406	3
358	410	1
358	412	1
358	413	1
358	416	1
358	419	1
358	423	1
358	428	1
358	432	1
358	434	3
358	435	1
358	436	4
358	442	2
358	444	1
358	448	1
358	450	1
358	451	3
358	452	1
358	453	2
358	455	1
358	458	2
358	459	1
358	463	3
358	466	3
358	469	1
358	470	1
358	472	1
358	473	1
358	475	1
358	477	1
358	480	1
358	481	1
358	482	1
358	483	1
358	485	1
358	486	2
358	488	1
358	489	3
358	490	1
358	491	1
358	492	6
358	497	2
358	500	4
358	501	1
358	502	2
358	503	2
358	505	3
358	506	2
358	507	1
358	509	1
358	511	1
358	512	1
358	513	1
358	515	1
358	518	5
358	528	2
358	530	1
358	531	1
358	537	1
358	539	2
358	540	1
358	541	1
358	544	1
358	545	3
358	552	2
358	554	1
358	556	1
358	559	3
358	572	1
358	574	1
358	578	3
358	579	2
358	580	3
358	591	1
358	593	1
358	598	1
358	599	2
359	362	3
359	363	2
359	367	1
359	369	1
359	371	1
359	372	1
359	374	2
359	395	1
359	399	1
359	402	1
359	406	1
359	409	1
359	410	1
359	412	1
359	416	1
359	419	1
359	426	1
359	437	1
359	442	1
359	444	1
359	457	1
359	458	1
359	460	1
359	463	1
359	473	1
359	501	1
359	506	1
359	507	1
359	516	1
359	518	3
359	528	1
359	540	1
359	567	1
359	591	2
359	595	1
360	361	1
360	362	1
360	363	1
360	364	2
360	365	1
360	366	2
360	367	2
360	368	1
360	370	1
360	373	1
360	376	1
360	379	1
360	381	1
360	382	1
360	390	1
360	394	2
360	395	1
360	397	2
360	398	2
360	399	1
360	403	1
360	404	1
360	410	2
360	411	1
360	412	2
360	415	1
360	416	2
360	418	1
360	432	1
360	434	4
360	435	1
360	438	1
360	439	1
360	442	1
360	445	1
360	448	1
360	451	1
360	452	3
360	461	1
360	463	1
360	465	1
360	466	2
360	470	1
360	471	1
360	473	1
360	475	1
360	476	1
360	478	1
360	480	1
360	482	1
360	485	1
360	486	3
360	489	2
360	491	1
360	492	4
360	500	2
360	501	1
360	502	1
360	503	2
360	505	3
360	507	2
360	509	1
360	512	1
360	517	2
360	518	2
360	522	1
360	527	1
360	528	2
360	537	3
360	539	4
360	540	1
360	541	1
360	544	1
360	545	1
360	552	2
360	559	1
360	568	1
360	572	1
360	574	3
360	578	1
360	579	1
360	580	1
360	591	1
360	593	1
360	598	1
361	366	1
361	369	1
361	372	1
361	403	1
361	412	1
361	434	1
361	470	1
361	486	1
361	489	1
361	491	1
361	507	1
361	512	1
361	552	1
361	577	1
361	579	1
361	598	1
362	363	3
362	364	1
362	366	1
362	369	2
362	371	2
362	372	3
362	373	3
362	376	1
362	379	2
362	381	1
362	383	1
362	387	2
362	389	1
362	390	2
362	393	2
362	395	1
362	397	2
362	398	1
362	399	1
362	404	2
362	406	4
362	410	1
362	411	4
362	412	2
362	416	4
362	419	2
362	423	2
362	426	1
362	432	1
362	434	2
362	437	2
362	439	2
362	442	2
362	444	1
362	447	1
362	451	1
362	466	1
362	468	1
362	469	1
362	473	3
362	475	1
362	477	1
362	485	2
362	486	1
362	488	1
362	492	2
362	497	1
362	500	3
362	501	2
362	503	1
362	505	3
362	506	2
362	507	4
362	509	1
362	517	2
362	518	5
362	528	1
362	530	2
362	531	1
362	535	1
362	537	3
362	538	2
362	539	2
362	540	1
362	541	1
362	552	3
362	567	1
362	568	1
362	574	1
362	578	1
362	579	2
362	580	2
362	593	4
362	595	2
362	599	1
363	364	1
363	366	1
363	367	2
363	370	1
363	373	1
363	374	1
363	381	1
363	388	1
363	393	1
363	394	1
363	400	2
363	403	1
363	406	5
363	408	3
363	410	2
363	411	2
363	412	3
363	413	1
363	416	3
363	419	1
363	421	1
363	426	1
363	434	1
363	437	2
363	438	1
363	439	1
363	447	1
363	451	1
363	453	1
363	458	3
363	461	1
363	463	1
363	465	1
363	468	3
363	469	1
363	470	2
363	472	3
363	473	2
363	477	1
363	486	1
363	489	1
363	490	2
363	492	5
363	494	1
363	495	1
363	497	1
363	499	1
363	500	1
363	501	3
363	502	2
363	505	1
363	507	3
363	517	1
363	518	2
363	520	1
363	522	1
363	527	3
363	533	1
363	537	1
363	538	1
363	539	4
363	544	1
363	545	1
363	547	1
363	552	3
363	559	1
363	566	3
363	571	1
363	580	1
363	591	1
363	595	2
364	365	1
364	367	1
364	368	1
364	373	1
364	390	1
364	393	3
364	395	1
364	397	1
364	398	1
364	399	1
364	404	1
364	408	1
364	410	2
364	413	2
364	416	2
364	428	1
364	435	1
364	437	1
364	438	1
364	466	2
364	470	1
364	473	1
364	475	2
364	478	1
364	480	1
364	482	1
364	485	1
364	486	1
364	492	1
364	496	1
364	500	1
364	501	1
364	502	1
364	503	1
364	505	1
364	509	1
364	528	1
364	533	1
364	537	1
364	539	4
364	540	1
364	544	1
364	552	1
364	572	1
364	574	1
364	578	1
364	591	2
364	593	1
365	373	3
365	376	1
365	379	1
365	381	1
365	387	2
365	419	1
365	428	1
365	434	1
365	436	1
365	437	1
365	438	1
365	440	1
365	452	1
365	453	1
365	458	1
365	466	1
365	473	2
365	475	1
365	481	1
365	492	1
365	502	2
365	505	1
365	507	1
365	518	2
365	530	1
365	535	1
365	539	4
365	545	2
365	552	1
365	554	1
365	567	1
365	580	2
366	373	1
366	381	1
366	397	1
366	403	1
366	412	1
366	434	1
366	486	1
366	489	1
366	491	1
366	500	1
366	501	1
366	507	2
366	512	1
366	517	1
366	537	1
366	539	1
366	552	1
366	574	1
366	579	1
366	598	1
367	368	1
367	369	1
367	370	1
367	388	1
367	394	1
367	397	1
367	399	1
367	400	1
367	404	1
367	409	1
367	410	2
367	411	2
367	416	1
367	452	1
367	466	1
367	468	1
367	470	1
367	473	1
367	480	1
367	482	1
367	485	1
367	492	3
367	494	1
367	499	1
367	500	1
367	501	1
367	502	3
367	505	1
367	509	2
367	518	3
367	528	1
367	539	1
367	540	1
367	544	1
367	546	1
367	572	1
367	574	1
367	593	1
368	397	1
368	399	1
368	401	1
368	402	1
368	404	1
368	408	1
368	410	1
368	416	1
368	466	1
368	468	1
368	470	1
368	473	1
368	480	1
368	482	1
368	484	1
368	485	1
368	492	1
368	502	1
368	505	1
368	509	1
368	528	1
368	539	1
368	540	1
368	544	1
368	567	1
368	572	2
368	574	1
368	593	1
369	371	4
369	372	2
369	389	1
369	396	1
369	411	1
369	437	2
369	438	1
369	457	1
369	461	1
369	492	1
369	494	1
369	496	1
369	501	1
369	502	2
370	382	1
370	394	1
370	395	1
370	397	2
370	400	2
370	403	1
370	411	1
370	458	1
370	492	1
370	503	1
370	509	2
370	518	1
370	539	1
370	559	1
371	372	2
371	437	1
371	470	1
371	501	1
371	546	1
372	432	1
372	437	5
372	439	1
372	442	1
372	466	2
372	470	1
372	492	1
372	500	1
372	501	2
372	535	1
372	538	1
372	552	1
372	579	1
372	593	1
373	381	1
373	387	1
373	391	1
373	397	1
373	406	1
373	442	1
373	448	1
373	450	1
373	466	1
373	468	1
373	486	1
373	500	2
373	501	1
373	505	2
373	507	1
373	517	1
373	537	2
373	539	3
373	545	2
373	548	1
373	574	1
373	591	2
374	378	2
374	454	1
374	501	2
374	544	2
374	547	2
374	580	1
375	390	1
375	432	1
375	434	1
375	441	1
375	450	1
375	451	4
375	459	1
375	463	1
375	489	1
375	503	1
375	511	1
375	514	1
375	515	1
375	525	1
375	530	1
375	541	1
375	559	1
375	572	1
375	578	1
375	599	1
376	379	1
376	381	1
376	397	1
376	398	1
376	399	1
376	404	1
376	415	2
376	416	1
376	423	1
376	428	1
376	432	2
376	434	2
376	439	1
376	442	1
376	452	1
376	453	1
376	458	1
376	465	1
376	468	1
376	469	1
376	476	1
376	481	1
376	486	1
376	489	1
376	492	1
376	505	1
376	506	1
376	507	1
376	511	1
376	517	2
376	518	2
376	528	1
376	539	1
376	545	1
376	552	1
376	574	1
376	580	2
376	587	1
376	591	1
377	393	1
377	430	1
377	435	1
377	439	3
377	494	1
377	518	2
377	531	1
377	563	1
378	422	1
378	444	1
378	518	4
378	578	1
379	381	8
379	387	1
379	393	1
379	398	2
379	406	1
379	411	1
379	413	1
379	415	1
379	426	1
379	432	2
379	434	1
379	447	1
379	448	1
379	465	1
379	469	6
379	476	1
379	477	3
379	486	1
379	488	1
379	489	1
379	490	1
379	492	3
379	497	2
379	507	3
379	509	1
379	513	1
379	517	1
379	518	3
379	525	1
379	530	3
379	538	1
379	539	1
379	545	2
379	548	1
379	554	1
379	556	1
379	559	3
379	575	1
379	578	1
379	580	1
379	591	1
379	593	2
380	387	1
380	397	1
380	416	1
380	434	1
380	438	1
380	442	1
380	451	1
380	455	1
380	526	1
380	538	1
380	545	1
380	567	1
380	568	1
380	580	1
381	398	1
381	413	1
381	415	1
381	428	1
381	432	1
381	434	1
381	469	3
381	473	1
381	476	1
381	486	1
381	489	1
381	500	1
381	501	1
381	505	1
381	507	4
381	513	1
381	517	2
381	518	1
381	530	2
381	537	1
381	539	3
381	545	2
381	556	1
381	559	1
381	575	1
381	578	1
381	580	1
381	591	1
382	383	1
382	393	1
382	395	1
382	398	1
382	400	1
382	402	1
382	404	1
382	408	1
382	419	1
382	420	1
382	431	1
382	434	1
382	444	1
382	461	1
382	469	1
382	497	1
382	503	1
382	518	1
382	526	1
382	527	1
382	529	1
382	531	2
382	532	1
382	534	1
382	535	1
382	536	1
382	539	1
382	552	1
382	559	2
382	568	1
382	577	1
382	598	1
382	599	1
383	390	1
383	397	1
383	404	1
383	419	1
383	420	1
383	423	1
383	431	1
383	434	2
383	447	1
383	451	1
383	461	1
383	492	1
383	497	1
383	505	1
383	518	1
383	526	1
383	527	1
383	531	2
383	534	2
383	535	1
383	536	1
383	541	1
383	559	1
383	579	1
383	598	1
383	599	2
384	426	1
384	456	1
384	458	1
384	463	1
384	489	1
384	512	1
384	592	1
384	598	1
387	390	1
387	391	1
387	395	1
387	397	1
387	406	1
387	412	3
387	413	1
387	419	2
387	426	2
387	428	3
387	434	1
387	436	1
387	437	1
387	438	1
387	442	1
387	447	1
387	448	1
387	451	1
387	455	1
387	466	2
387	469	2
387	471	1
387	473	1
387	477	1
387	486	2
387	489	1
387	500	6
387	507	3
387	516	1
387	518	1
387	525	1
387	526	1
387	527	1
387	528	1
387	529	1
387	538	2
387	539	1
387	545	6
387	547	1
387	548	2
387	552	5
387	554	4
387	559	3
387	567	4
387	568	3
387	578	3
387	580	4
387	587	1
387	591	1
387	593	1
388	468	2
388	499	2
388	518	1
389	395	2
389	409	1
389	411	1
389	466	1
390	397	3
390	398	1
390	399	1
390	404	1
390	410	1
390	416	1
390	423	2
390	434	1
390	445	1
390	450	1
390	451	2
390	459	1
390	463	2
390	466	1
390	486	1
390	489	2
390	492	1
390	500	2
390	503	3
390	505	1
390	506	2
390	511	1
390	515	1
390	518	1
390	519	2
390	528	2
390	531	1
390	537	2
390	541	1
390	552	1
390	568	1
390	575	1
390	578	4
390	579	1
390	593	1
390	599	1
391	406	1
391	448	1
391	466	1
391	486	1
391	500	1
391	545	1
391	591	1
393	395	1
393	398	1
393	406	1
393	411	1
393	413	1
393	416	1
393	418	1
393	426	1
393	434	2
393	435	1
393	437	1
393	438	1
393	439	1
393	444	1
393	459	1
393	466	1
393	469	3
393	471	1
393	477	1
393	481	1
393	488	1
393	492	5
393	494	1
393	496	1
393	497	1
393	514	3
393	518	2
393	525	2
393	528	1
393	529	1
393	530	1
393	531	1
393	537	2
393	538	1
393	539	4
393	545	1
393	548	1
393	556	1
393	578	2
393	591	4
393	593	1
394	400	1
394	411	1
394	478	1
394	492	2
394	518	1
394	593	1
395	399	1
395	400	1
395	411	2
395	412	1
395	416	2
395	421	1
395	426	1
395	428	1
395	434	1
395	435	2
395	436	1
395	439	1
395	441	1
395	442	1
395	444	1
395	455	2
395	484	1
395	495	1
395	500	2
395	503	1
395	505	1
395	506	3
395	518	1
395	528	1
395	537	1
395	539	1
395	540	1
395	556	2
395	557	1
395	559	1
395	567	1
395	576	1
395	580	1
395	591	1
396	411	3
396	416	1
396	438	1
396	440	1
396	457	1
396	461	1
396	466	1
396	467	2
396	478	1
396	489	1
396	492	1
396	496	1
396	506	1
396	517	1
396	528	1
396	568	1
396	571	1
396	577	1
396	578	1
397	399	1
397	404	3
397	410	1
397	416	2
397	423	3
397	432	1
397	434	3
397	438	1
397	439	1
397	442	2
397	450	1
397	451	2
397	455	1
397	466	1
397	468	2
397	469	1
397	470	1
397	473	1
397	480	1
397	482	1
397	485	1
397	489	1
397	492	2
397	502	1
397	505	2
397	506	1
397	509	1
397	517	1
397	518	1
397	526	1
397	528	1
397	531	1
397	537	3
397	538	1
397	539	1
397	540	1
397	541	1
397	544	1
397	545	1
397	552	1
397	567	1
397	568	1
397	572	1
397	574	4
397	579	1
397	580	2
397	592	1
397	593	1
397	599	1
398	402	1
398	408	1
398	410	1
398	411	1
398	415	1
398	416	2
398	418	1
398	432	2
398	434	1
398	447	1
398	452	1
398	465	1
398	466	1
398	471	1
398	476	1
398	486	2
398	489	1
398	492	1
398	500	1
398	503	1
398	507	1
398	514	1
398	517	1
398	518	1
398	530	1
398	539	1
398	545	1
398	552	2
398	559	1
398	578	1
398	591	2
398	593	1
399	404	1
399	410	1
399	415	1
399	416	1
399	426	1
399	428	1
399	441	1
399	442	1
399	444	1
399	458	1
399	465	1
399	466	1
399	470	1
399	473	1
399	480	1
399	482	1
399	485	1
399	492	1
399	502	1
399	505	1
399	506	1
399	509	2
399	518	1
399	528	3
399	539	1
399	540	2
399	544	1
399	567	1
399	572	1
399	574	1
399	575	1
399	593	1
400	411	1
400	428	1
400	472	1
400	492	1
400	501	1
400	518	1
400	560	1
401	402	1
401	456	1
401	473	1
401	484	1
402	408	1
402	462	1
402	475	3
402	484	2
402	492	3
402	507	1
402	530	1
402	552	1
402	554	2
403	407	1
403	412	1
403	434	1
403	439	1
403	472	1
403	481	1
403	482	2
403	486	1
403	489	1
403	491	1
403	507	1
403	512	1
403	538	3
403	552	1
403	579	1
403	598	1
404	410	1
404	416	2
404	423	3
404	432	1
404	434	2
404	439	1
404	442	1
404	444	1
404	451	1
404	466	1
404	468	1
404	469	1
404	470	1
404	473	1
404	480	1
404	482	1
404	485	1
404	492	2
404	502	1
404	505	2
404	506	1
404	509	1
404	517	1
404	518	2
404	528	1
404	531	2
404	539	1
404	540	1
404	541	1
404	544	1
404	552	1
404	572	1
404	574	2
404	577	1
404	579	1
404	580	1
404	593	1
404	599	1
405	437	1
406	412	1
406	416	3
406	419	1
406	448	1
406	466	1
406	472	1
406	473	1
406	486	1
406	488	1
406	490	1
406	492	1
406	497	1
406	500	1
406	507	1
406	518	1
406	527	1
406	541	1
406	545	1
406	548	1
406	559	1
406	591	1
406	595	1
407	481	1
407	482	3
407	538	3
408	430	1
408	434	2
408	453	1
408	468	2
408	501	1
408	502	1
408	522	1
408	527	2
408	531	1
408	533	1
408	534	1
408	539	3
408	552	3
408	566	2
409	500	1
409	501	2
410	411	4
410	413	1
410	416	2
410	417	1
410	419	1
410	442	1
410	457	1
410	458	1
410	463	1
410	466	2
410	468	1
410	470	1
410	473	1
410	480	1
410	482	1
410	485	1
410	486	2
410	491	1
410	492	1
410	493	1
410	496	1
410	500	2
410	502	1
410	503	2
410	505	1
410	506	1
410	507	1
410	509	1
410	517	1
410	528	1
410	529	1
410	538	1
410	539	1
410	540	1
410	544	1
410	546	1
410	547	1
410	552	1
410	560	1
410	567	1
410	572	1
410	574	1
410	578	1
410	580	1
410	593	1
411	412	1
411	413	1
411	414	2
411	416	3
411	417	1
411	419	2
411	421	1
411	432	1
411	434	1
411	438	1
411	442	1
411	447	1
411	452	1
411	455	1
411	457	2
411	459	2
411	461	1
411	465	1
411	466	2
411	473	1
411	477	1
411	485	1
411	486	1
411	491	1
411	492	5
411	493	1
411	494	2
411	496	2
411	500	4
411	501	1
411	502	1
411	506	1
411	518	3
411	529	1
411	530	1
411	533	1
411	537	1
411	547	1
411	556	1
411	559	1
411	580	1
411	591	1
411	593	3
411	595	1
412	416	2
412	419	1
412	428	2
412	434	1
412	438	1
412	447	1
412	451	1
412	460	1
412	461	1
412	465	1
412	473	3
412	477	1
412	486	1
412	489	1
412	490	1
412	491	2
412	492	1
412	500	1
412	505	1
412	506	1
412	507	2
412	512	1
412	552	2
412	578	1
412	579	1
412	580	1
412	587	1
412	595	2
412	598	1
413	415	1
413	416	2
413	417	1
413	423	1
413	434	1
413	435	1
413	444	1
413	478	1
413	481	1
413	486	1
413	488	2
413	491	1
413	492	1
413	493	1
413	506	1
413	513	1
413	521	2
413	522	1
413	523	1
413	528	1
413	530	2
413	533	1
413	545	3
413	547	1
413	556	1
413	559	1
413	578	1
413	581	1
414	444	1
414	518	1
415	417	1
415	428	1
415	432	1
415	433	1
415	434	1
415	435	1
415	441	1
415	454	1
415	465	1
415	466	1
415	468	1
415	469	1
415	476	1
415	486	1
415	489	1
415	491	1
415	507	1
415	512	1
415	517	1
415	518	1
415	521	1
415	522	1
415	523	1
415	528	2
415	533	2
415	537	1
415	539	1
415	545	1
415	556	1
415	581	1
415	588	1
415	591	2
416	419	1
416	421	1
416	423	1
416	432	1
416	434	2
416	439	1
416	442	1
416	444	1
416	447	2
416	452	1
416	461	1
416	462	1
416	463	1
416	466	2
416	468	1
416	469	1
416	470	1
416	473	3
416	477	1
416	480	1
416	481	1
416	482	1
416	484	1
416	485	1
416	486	1
416	488	1
416	492	3
416	500	1
416	502	1
416	503	1
416	505	1
416	506	1
416	507	1
416	509	1
416	517	2
416	525	1
416	527	1
416	528	1
416	530	1
416	531	1
416	537	1
416	539	1
416	540	1
416	541	2
416	544	1
416	545	1
416	552	2
416	556	1
416	572	1
416	574	2
416	575	1
416	578	1
416	580	2
416	591	2
416	593	2
416	595	2
417	426	1
417	435	1
417	491	1
417	500	1
417	506	1
417	521	1
417	522	1
417	523	1
417	528	1
417	533	1
417	556	1
417	581	1
418	451	2
418	457	1
418	462	1
418	470	2
418	471	3
418	481	1
418	514	1
418	537	1
418	545	1
418	556	1
418	591	1
419	420	1
419	431	1
419	434	1
419	436	1
419	461	1
419	466	1
419	473	1
419	491	1
419	493	1
419	496	1
419	497	1
419	502	2
419	507	1
419	526	1
419	527	2
419	531	1
419	534	1
419	535	1
419	536	1
419	545	1
419	552	1
419	554	1
419	559	1
419	568	1
419	580	1
419	593	1
419	595	1
419	598	1
419	599	1
420	431	1
420	434	1
420	461	1
420	477	1
420	497	1
420	502	1
420	526	1
420	527	1
420	531	1
420	534	1
420	535	1
420	536	1
420	559	1
420	593	1
420	598	1
420	599	1
421	453	1
421	458	1
421	537	1
422	529	2
423	432	1
423	434	2
423	439	1
423	442	1
423	451	1
423	468	1
423	469	1
423	478	2
423	492	2
423	505	1
423	506	1
423	507	1
423	517	1
423	518	1
423	521	1
423	525	1
423	531	1
423	537	1
423	541	1
423	545	1
423	552	1
423	574	1
423	579	1
423	580	1
423	599	1
426	427	1
426	431	1
426	437	1
426	438	2
426	439	1
426	442	1
426	444	1
426	447	1
426	456	1
426	458	1
426	469	1
426	477	1
426	490	1
426	494	1
426	495	4
426	506	1
426	507	1
426	512	1
426	518	3
426	525	1
426	528	1
426	540	1
426	548	1
426	552	2
426	554	1
426	559	1
426	563	1
426	567	1
426	580	1
426	591	1
426	593	1
427	431	1
427	490	1
428	437	1
428	441	1
428	465	1
428	472	1
428	489	2
428	492	1
428	500	1
428	501	1
428	503	1
428	505	1
428	507	1
428	528	1
428	559	1
428	561	1
428	567	1
428	578	1
428	580	1
428	587	1
429	430	1
429	435	1
429	449	1
429	494	1
429	518	1
429	568	1
430	435	2
430	439	1
430	449	1
430	494	1
430	518	1
430	563	1
431	434	3
431	461	3
431	490	1
431	497	1
431	526	1
431	527	1
431	531	1
431	534	1
431	535	1
431	536	1
431	559	1
431	598	1
431	599	1
432	434	2
432	439	1
432	442	2
432	451	1
432	465	1
432	468	1
432	469	2
432	476	1
432	486	1
432	489	1
432	492	2
432	506	1
432	507	1
432	517	2
432	518	1
432	530	2
432	539	1
432	541	1
432	545	1
432	552	1
432	559	1
432	572	1
432	574	1
432	580	1
432	591	1
432	593	1
433	528	1
433	533	1
434	438	1
434	439	1
434	441	1
434	442	2
434	443	1
434	444	1
434	451	4
434	452	2
434	453	1
434	455	1
434	461	2
434	463	1
434	465	1
434	468	2
434	469	1
434	476	1
434	477	1
434	481	1
434	486	2
434	489	2
434	491	1
434	492	1
434	497	1
434	502	1
434	505	1
434	506	2
434	507	2
434	512	1
434	513	1
434	517	2
434	518	2
434	525	1
434	526	2
434	527	3
434	530	1
434	531	4
434	532	1
434	534	1
434	535	1
434	536	1
434	538	1
434	539	4
434	540	1
434	541	2
434	545	3
434	552	3
434	559	1
434	566	1
434	567	1
434	568	2
434	574	1
434	579	2
434	580	2
434	591	2
434	598	2
434	599	3
435	436	1
435	439	4
435	449	2
435	452	1
435	455	1
435	465	1
435	490	1
435	491	1
435	494	1
435	500	1
435	518	1
435	521	1
435	522	1
435	523	1
435	528	1
435	533	1
435	541	1
435	556	2
435	561	1
435	563	1
435	568	1
435	580	1
435	581	1
435	591	2
436	455	1
436	463	1
436	466	1
436	470	1
436	500	1
436	506	1
436	518	1
436	545	1
436	552	1
436	554	1
436	556	1
436	580	2
437	439	1
437	443	1
437	470	1
437	492	1
437	494	2
437	501	1
437	506	1
437	528	2
437	535	1
437	538	2
437	544	1
437	547	2
437	552	1
437	579	1
437	591	1
437	593	4
438	440	1
438	442	1
438	451	2
438	455	1
438	457	1
438	461	2
438	465	1
438	478	1
438	492	2
438	495	2
438	496	2
438	505	1
438	518	3
438	526	1
438	538	1
438	545	1
438	552	2
438	567	1
438	568	1
438	580	1
439	441	1
439	442	2
439	452	1
439	468	1
439	469	1
439	472	1
439	494	1
439	501	2
439	506	2
439	517	1
439	518	6
439	535	1
439	538	2
439	541	1
439	552	2
439	561	1
439	563	1
439	571	1
439	574	1
439	578	1
439	579	1
439	580	1
440	466	3
440	467	2
440	489	1
440	506	1
440	510	2
440	518	1
440	571	1
440	577	1
440	578	1
440	582	1
440	589	1
441	446	1
441	451	2
441	452	1
441	454	2
441	456	2
441	457	1
441	458	1
441	462	1
441	468	2
441	469	1
441	486	1
441	489	2
441	505	1
441	506	1
441	513	2
441	514	1
441	516	1
441	525	1
441	537	1
441	556	1
441	559	2
441	582	1
441	588	1
441	591	2
441	592	2
442	444	1
442	451	1
442	455	1
442	459	1
442	468	2
442	469	1
442	476	1
442	492	1
442	506	2
442	507	1
442	517	2
442	518	1
442	526	1
442	528	1
442	537	1
442	538	1
442	540	1
442	545	1
442	552	1
442	560	1
442	567	2
442	568	1
442	574	1
442	580	2
443	532	1
443	580	1
444	481	1
444	506	1
444	518	2
444	528	1
444	530	1
444	531	1
444	540	1
444	545	1
444	567	1
444	577	1
445	528	1
446	489	1
446	505	1
446	516	1
446	517	1
446	557	1
446	560	2
447	452	1
447	469	1
447	473	1
447	477	2
447	525	1
447	548	1
447	554	1
447	562	1
447	580	2
447	595	1
448	466	1
448	486	1
448	500	1
448	537	1
448	545	1
448	591	1
450	451	2
450	459	1
450	463	1
450	468	1
450	477	1
450	489	1
450	503	1
450	510	1
450	511	1
450	515	1
450	534	1
450	560	1
450	561	4
450	574	1
450	578	1
451	452	1
451	455	1
451	459	1
451	461	1
451	463	1
451	465	1
451	471	2
451	489	1
451	492	2
451	501	1
451	503	1
451	505	2
451	510	1
451	511	1
451	512	1
451	513	1
451	514	1
451	515	1
451	517	1
451	518	1
451	525	1
451	526	1
451	530	1
451	531	1
451	538	1
451	541	2
451	545	2
451	559	1
451	560	2
451	561	2
451	567	1
451	568	1
451	572	1
451	578	1
451	579	1
451	580	1
451	582	1
451	583	1
451	591	1
451	599	2
452	453	1
452	454	1
452	456	1
452	458	1
452	461	1
452	462	1
452	465	1
452	468	1
452	471	1
452	481	1
452	492	2
452	500	1
452	501	1
452	505	1
452	517	2
452	518	2
452	522	1
452	541	1
452	564	2
452	568	1
452	580	1
452	592	1
453	458	2
453	461	1
453	463	1
453	481	1
453	492	1
453	505	2
453	506	1
453	514	2
453	518	1
453	541	1
453	556	1
453	580	1
454	456	3
454	457	1
454	458	1
454	460	1
454	462	1
454	468	1
454	501	1
454	512	1
454	518	1
454	533	1
454	544	1
454	547	1
454	556	2
454	567	1
454	582	1
454	592	2
454	596	1
455	457	1
455	500	1
455	509	1
455	526	1
455	530	1
455	538	1
455	545	1
455	556	1
455	567	1
455	568	1
455	580	2
456	457	1
456	458	2
456	462	1
456	468	1
456	512	1
456	556	1
456	578	1
456	580	1
456	582	1
456	592	3
457	458	1
457	461	1
457	492	1
457	496	1
457	500	1
457	556	1
457	567	1
457	582	1
457	592	1
458	463	1
458	481	1
458	492	1
458	496	1
458	505	1
458	512	1
458	518	1
458	525	1
458	556	1
458	580	1
458	582	2
458	592	1
459	463	1
459	489	1
459	492	1
459	503	1
459	511	1
459	515	1
459	525	1
459	578	1
460	556	1
461	463	1
461	465	2
461	492	2
461	496	1
461	497	1
461	505	2
461	526	1
461	527	1
461	531	2
461	534	1
461	535	1
461	536	1
461	559	1
461	561	1
461	598	1
461	599	1
462	468	1
462	475	1
462	491	1
462	492	1
462	496	1
462	525	1
462	592	1
463	489	3
463	492	1
463	503	2
463	506	2
463	511	1
463	515	1
463	518	1
463	525	1
463	528	1
463	531	1
463	541	1
463	578	2
465	492	2
465	505	1
465	528	1
465	530	1
465	559	1
465	593	1
466	467	2
466	470	1
466	473	1
466	480	1
466	482	1
466	485	1
466	486	2
466	489	1
466	492	1
466	500	3
466	502	1
466	503	1
466	505	1
466	506	1
466	509	1
466	518	1
466	528	1
466	529	6
466	533	1
466	539	1
466	540	1
466	544	1
466	545	2
466	552	2
466	554	1
466	571	3
466	572	1
466	574	1
466	577	1
466	578	2
466	580	1
466	589	2
466	591	1
466	593	2
467	489	1
467	506	1
467	530	1
467	571	1
467	577	1
467	578	1
467	589	1
467	591	1
468	469	2
468	481	1
468	499	1
468	506	1
468	507	1
468	517	2
468	518	1
468	522	1
468	527	2
468	537	1
468	539	2
468	552	3
468	560	1
468	566	2
468	572	1
468	574	2
468	580	1
468	588	1
468	591	1
468	592	2
469	471	1
469	477	3
469	489	1
469	490	1
469	492	2
469	497	1
469	498	1
469	500	1
469	506	1
469	507	2
469	509	1
469	514	1
469	517	1
469	518	2
469	525	1
469	529	1
469	530	1
469	537	1
469	548	1
469	552	2
469	554	1
469	556	2
469	559	2
469	574	1
469	575	1
469	578	1
469	580	2
469	588	1
469	591	1
469	593	1
470	473	1
470	480	1
470	482	1
470	485	1
470	492	2
470	502	1
470	505	1
470	509	1
470	528	1
470	539	1
470	540	1
470	544	1
470	556	1
470	572	1
470	574	1
470	591	1
470	593	1
471	489	1
471	500	1
471	514	1
471	517	2
471	528	1
471	537	1
471	545	1
471	552	1
471	559	1
471	560	1
471	578	1
471	591	1
472	486	2
472	490	2
472	501	1
472	507	2
472	538	1
472	552	2
472	566	2
473	475	1
473	477	2
473	480	1
473	482	1
473	485	1
473	492	1
473	502	3
473	505	1
473	507	1
473	509	1
473	528	1
473	529	1
473	537	1
473	539	1
473	540	1
473	544	1
473	568	1
473	572	1
473	574	1
473	580	1
473	593	1
473	595	2
475	492	1
475	502	1
475	517	1
475	518	2
475	537	1
475	574	1
476	486	1
476	489	1
476	507	1
476	513	1
476	517	1
476	518	1
476	539	1
476	541	1
476	545	1
476	559	1
476	591	1
476	593	1
477	490	1
477	492	1
477	497	1
477	509	1
477	518	1
477	525	1
477	534	1
477	536	1
477	539	1
477	548	1
477	554	1
477	559	1
477	580	2
477	593	2
477	595	1
478	492	1
478	496	1
478	507	2
478	521	1
478	525	1
478	528	1
478	531	1
478	537	1
478	545	1
480	482	1
480	483	7
480	485	1
480	492	1
480	500	8
480	502	1
480	505	1
480	509	1
480	528	1
480	539	1
480	540	1
480	544	1
480	572	1
480	574	1
480	593	1
481	482	1
481	492	1
481	505	1
481	518	2
481	530	1
481	538	1
481	545	1
481	580	1
482	485	1
482	492	1
482	502	1
482	505	1
482	509	1
482	528	1
482	538	7
482	539	1
482	540	1
482	544	1
482	572	1
482	574	1
482	593	1
483	500	11
484	554	1
484	575	2
484	591	2
485	492	1
485	502	1
485	505	1
485	509	1
485	512	1
485	518	2
485	528	1
485	539	1
485	540	1
485	544	1
485	572	1
485	574	1
485	593	1
486	489	2
486	490	1
486	491	1
486	500	3
486	503	1
486	506	1
486	507	4
486	512	1
486	517	1
486	518	2
486	539	1
486	545	2
486	547	1
486	552	5
486	566	2
486	567	1
486	578	1
486	579	1
486	591	2
486	598	1
488	492	1
488	497	1
488	518	1
489	491	1
489	500	1
489	503	1
489	505	1
489	506	1
489	507	2
489	511	1
489	512	1
489	515	1
489	516	1
489	517	1
489	518	1
489	528	1
489	539	1
489	545	1
489	552	2
489	559	2
489	571	1
489	575	4
489	577	1
489	578	4
489	579	1
489	591	3
489	598	1
490	491	1
490	493	2
490	506	1
490	507	1
490	509	1
490	527	1
490	552	1
490	566	1
490	568	1
490	593	2
491	493	1
491	496	1
491	506	1
491	507	1
491	512	1
491	521	1
491	522	1
491	523	1
491	528	1
491	533	1
491	552	1
491	556	1
491	579	1
491	581	1
491	598	1
492	494	1
492	496	2
492	497	2
492	500	2
492	501	3
492	502	3
492	505	5
492	509	1
492	512	2
492	518	6
492	521	1
492	525	3
492	528	1
492	530	1
492	531	1
492	539	1
492	540	1
492	541	2
492	544	2
492	545	1
492	546	1
492	547	2
492	552	1
492	559	2
492	572	1
492	574	1
492	579	1
492	580	1
492	593	2
492	599	1
493	496	1
493	581	2
494	518	2
494	544	2
494	547	2
494	563	1
494	591	1
494	593	1
495	518	2
495	552	2
496	582	1
497	518	2
497	526	1
497	527	1
497	531	1
497	534	1
497	535	1
497	536	1
497	559	2
497	598	1
497	599	1
498	518	1
498	578	1
499	518	1
499	529	1
500	501	2
500	503	1
500	507	1
500	512	1
500	513	1
500	517	1
500	518	3
500	537	1
500	539	1
500	545	1
500	546	1
500	552	3
500	556	1
500	559	1
500	567	1
500	578	3
500	580	1
500	585	1
500	591	1
500	593	2
501	507	1
501	512	1
501	517	1
501	518	1
501	533	1
501	537	1
501	539	2
501	544	2
501	547	3
501	567	2
502	505	1
502	509	1
502	528	1
502	531	1
502	539	1
502	540	1
502	544	1
502	545	1
502	572	1
502	574	1
502	593	3
503	506	1
503	511	1
503	515	1
503	519	1
503	525	1
503	539	1
503	552	1
503	559	1
503	578	2
503	580	1
504	554	1
505	509	1
505	516	1
505	518	2
505	528	2
505	531	1
505	537	1
505	539	1
505	540	1
505	541	1
505	544	1
505	572	1
505	574	1
505	579	2
505	580	3
505	593	1
505	599	1
506	517	1
506	518	2
506	519	2
506	528	2
506	539	1
506	540	1
506	541	1
506	547	2
506	552	1
506	567	2
506	571	1
506	574	1
506	577	1
506	578	1
506	580	1
507	512	1
507	517	3
507	518	1
507	525	1
507	530	2
507	537	1
507	539	3
507	545	1
507	552	3
507	554	1
507	560	1
507	566	2
507	567	1
507	575	1
507	579	1
507	591	1
507	593	3
507	595	1
507	598	1
509	528	1
509	530	1
509	539	1
509	540	1
509	544	1
509	567	1
509	572	1
509	574	1
509	593	3
510	512	1
510	561	1
510	582	2
510	583	1
511	515	1
511	560	1
511	578	1
511	598	1
512	513	1
512	533	1
512	552	1
512	579	1
512	582	1
512	583	1
512	598	1
513	530	1
513	545	1
513	559	1
513	578	1
513	591	1
514	525	1
514	556	1
514	559	1
514	591	1
515	578	1
517	518	1
517	522	1
517	537	1
517	539	2
517	545	2
517	552	1
517	557	1
517	560	1
517	574	2
517	575	1
517	580	1
517	591	1
518	528	1
518	531	2
518	533	2
518	539	1
518	540	1
518	541	1
518	545	1
518	552	3
518	557	1
518	559	1
518	563	1
518	567	2
518	571	1
518	577	1
518	579	1
518	580	1
518	591	2
518	596	1
518	599	1
519	560	1
521	522	1
521	523	1
521	528	1
521	533	1
521	545	1
521	556	1
521	581	1
522	523	1
522	527	1
522	528	1
522	533	1
522	539	1
522	541	1
522	552	1
522	556	1
522	566	1
522	581	1
523	528	1
523	533	1
523	556	1
523	581	1
524	533	1
525	530	1
525	548	1
525	554	1
525	559	1
525	580	1
526	527	1
526	531	1
526	534	1
526	535	1
526	536	1
526	538	1
526	545	1
526	559	1
526	567	1
526	568	1
526	580	1
526	598	1
526	599	1
527	531	1
527	534	1
527	535	1
527	536	1
527	539	2
527	552	2
527	559	1
527	566	2
527	568	1
527	598	1
527	599	1
528	533	1
528	539	1
528	540	2
528	544	1
528	547	3
528	556	1
528	567	1
528	572	1
528	574	1
528	578	1
528	580	1
528	581	1
528	593	1
529	568	1
529	571	1
529	593	1
530	541	1
530	545	2
530	554	1
530	556	1
530	559	2
530	572	1
530	578	1
530	580	1
530	591	1
530	593	1
531	534	1
531	535	1
531	536	1
531	537	1
531	541	1
531	559	1
531	577	1
531	579	1
531	598	1
531	599	2
532	568	1
533	539	1
533	556	1
533	581	1
534	535	1
534	536	1
534	559	1
534	598	1
534	599	1
535	536	1
535	538	1
535	552	1
535	559	1
535	579	1
535	598	1
535	599	1
536	559	1
536	598	1
536	599	1
537	539	1
537	554	1
537	568	1
537	588	1
537	591	1
538	545	2
538	548	1
538	552	1
538	559	1
538	567	1
538	568	1
538	579	1
538	580	1
539	540	1
539	544	1
539	545	3
539	552	2
539	559	1
539	566	2
539	572	1
539	574	1
539	591	3
539	593	1
540	544	1
540	567	1
540	572	1
540	574	1
540	593	1
541	559	1
541	572	1
541	579	1
541	593	1
541	599	1
542	568	1
544	547	4
544	572	1
544	574	1
544	593	1
545	552	1
545	554	1
545	559	2
545	567	2
545	568	1
545	578	1
545	580	2
545	591	2
548	554	1
548	578	1
548	580	1
552	554	1
552	559	1
552	566	4
552	567	1
552	574	1
552	578	2
552	579	2
552	580	2
552	598	1
554	580	2
556	580	1
556	581	1
556	582	1
556	592	1
557	576	2
559	578	2
559	579	1
559	593	1
559	598	1
559	599	1
560	561	2
567	568	1
567	580	1
568	580	1
571	577	1
571	578	1
572	574	1
572	593	1
574	580	1
574	593	1
575	591	2
577	578	1
578	580	1
578	587	1
578	593	1
579	598	1
579	599	1
580	595	1
582	583	1
582	592	1
588	591	1
591	593	1
592	598	1
598	599	1
