id	label	description	url	x	y	cluster	weight<Links>	weight<Total link strength>	weight<Citations>	weight<Norm. citations>	score<Pub. year>	score<Citations>	score<Norm. citations>
1	jérôme sueur (2015)	"<table><tr><td>Authors:</td><td>jérôme sueur; almo farina</td></tr><tr><td>Title:</td><td>ecoacoustics: the ecological investigation and interpretation of environmental sound</td></tr><tr><td>Source:</td><td>biosemiotics, 8(3), 493-502</td></tr><tr><td>Year:</td><td>2015</td></tr></table>"	https://doi.org/https://doi.org/10.1007/s12304-015-9248-x	1.6544	-0.7061	8	16	82	402	10.6726	2015	402	10.6726
2	lynn chiu (2015)	"<table><tr><td>Authors:</td><td>lynn chiu; scott f. gilbert</td></tr><tr><td>Title:</td><td>the birth of the holobiont: multi-species birthing through mutual scaffolding and niche construction</td></tr><tr><td>Source:</td><td>biosemiotics, 8(2), 191-210</td></tr><tr><td>Year:</td><td>2015</td></tr></table>"	https://doi.org/https://doi.org/10.1007/s12304-015-9232-5	-0.2183	-0.0861	9	67	122	111	2.9469	2015	111	2.9469
3	denis noble (2021a)	"<table><tr><td>Authors:</td><td>denis noble</td></tr><tr><td>Title:</td><td>the illusions of the modern synthesis</td></tr><tr><td>Source:</td><td>biosemiotics, 14(1), 5-24</td></tr><tr><td>Year:</td><td>2021</td></tr></table>"	https://doi.org/https://doi.org/10.1007/s12304-021-09405-3	0.1146	0.6215	3	210	307	74	13.369	2021	74	13.369
4	eva jablonka (2022)	"<table><tr><td>Authors:</td><td>eva jablonka; simona ginsburg</td></tr><tr><td>Title:</td><td>learning and the evolution of conscious agents</td></tr><tr><td>Source:</td><td>biosemiotics, 15(3), 401-437</td></tr><tr><td>Year:</td><td>2022</td></tr></table>"	https://doi.org/https://doi.org/10.1007/s12304-022-09501-y	0.225	0.6816	3	152	252	46	9.046	2022	46	9.046
5	marcello barbieri (2025)	<table><tr><td>Authors:</td><td>marcello barbieri</td></tr><tr><td>Title:</td><td>do codes need interpretation?</td></tr><tr><td>Source:</td><td>biosemiotics</td></tr><tr><td>Year:</td><td>2025</td></tr></table>	https://doi.org/https://doi.org/10.1007/s12304-025-09597-y	-0.1597	0.6345	2	135	191	2	12	2025	2	12
6	marcello barbieri (2009a)	"<table><tr><td>Authors:</td><td>marcello barbieri</td></tr><tr><td>Title:</td><td>a short history of biosemiotics</td></tr><tr><td>Source:</td><td>biosemiotics, 2(2), 221-245</td></tr><tr><td>Year:</td><td>2009</td></tr></table>"	https://doi.org/https://doi.org/10.1007/s12304-009-9042-8	-0.7976	-0.0943	2	362	1211	118	7.3573	2009	118	7.3573
7	marcello barbieri (2012a)	"<table><tr><td>Authors:</td><td>marcello barbieri</td></tr><tr><td>Title:</td><td>code biology – a new science of life</td></tr><tr><td>Source:</td><td>biosemiotics, 5(3), 411-437</td></tr><tr><td>Year:</td><td>2012</td></tr></table>"	https://doi.org/https://doi.org/10.1007/s12304-012-9147-3	-1.2774	-0.0423	2	172	490	87	5.0464	2012	87	5.0464
8	timothy c. mullet (2017)	"<table><tr><td>Authors:</td><td>timothy c. mullet; almo farina; stuart h. gage</td></tr><tr><td>Title:</td><td>the acoustic habitat hypothesis: an ecoacoustics perspective on species habitat selection</td></tr><tr><td>Source:</td><td>biosemiotics, 10(3), 319-336</td></tr><tr><td>Year:</td><td>2017</td></tr></table>"	https://doi.org/https://doi.org/10.1007/s12304-017-9288-5	1.6454	-0.6714	8	30	113	75	7.047	2017	75	7.047
9	alexei a. sharov (2014)	"<table><tr><td>Authors:</td><td>alexei a. sharov; tommi vehkavaara</td></tr><tr><td>Title:</td><td>protosemiosis: agency with reduced representation capacity</td></tr><tr><td>Source:</td><td>biosemiotics, 8(1), 103-123</td></tr><tr><td>Year:</td><td>2014</td></tr></table>"	https://doi.org/https://doi.org/10.1007/s12304-014-9219-7	-0.4668	-0.2247	2	373	1013	68	5.4481	2014	68	5.4481
10	almo farina (2016)	"<table><tr><td>Authors:</td><td>almo farina; nadia pieretti; paolo salutari; e. tognari; angiolella lombardi</td></tr><tr><td>Title:</td><td>the application of the acoustic complexity indices (aci) to ecoacoustic event detection and identification (eedi) modeling</td></tr><tr><td>Source:</td><td>biosemiotics, 9(2), 227-246</td></tr><tr><td>Year:</td><td>2016</td></tr></table>"	https://doi.org/https://doi.org/10.1007/s12304-016-9266-3	1.504	-0.579	8	83	180	63	5.9434	2016	63	5.9434
11	terrence w. deacon (2021)	"<table><tr><td>Authors:</td><td>terrence w. deacon</td></tr><tr><td>Title:</td><td>how molecules became signs</td></tr><tr><td>Source:</td><td>biosemiotics, 14(3), 537-559</td></tr><tr><td>Year:</td><td>2021</td></tr></table>"	https://doi.org/https://doi.org/10.1007/s12304-021-09453-9	-0.9121	0.3451	2	167	298	56	10.117	2021	56	10.117
12	kalevi kull (2022a)	"<table><tr><td>Authors:</td><td>kalevi kull</td></tr><tr><td>Title:</td><td>the biosemiotic fundamentals of aesthetics: beauty is the perfect semiotic fitting</td></tr><tr><td>Source:</td><td>biosemiotics, 15(1), 1-22</td></tr><tr><td>Year:</td><td>2022</td></tr></table>"	https://doi.org/https://doi.org/10.1007/s12304-022-09476-w	0.4353	0.3063	3	169	218	31	6.0962	2022	31	6.0962
13	ahti‐veikko pietarinen (2025)	"<table><tr><td>Authors:</td><td>ahti‐veikko pietarinen; majid davoody beni; vera shumilina</td></tr><tr><td>Title:</td><td>developmental bioelectricity as an explanatory framework for cognition and meaning</td></tr><tr><td>Source:</td><td>biosemiotics</td></tr><tr><td>Year:</td><td>2025</td></tr></table>"	https://doi.org/https://doi.org/10.1007/s12304-025-09593-2	0.2214	0.7943	3	82	112	1	6	2025	1	6
14	giulia leonetti (2025)	<table><tr><td>Authors:</td><td>giulia leonetti</td></tr><tr><td>Title:</td><td>ambiguity in plant cognition</td></tr><tr><td>Source:</td><td>biosemiotics</td></tr><tr><td>Year:</td><td>2025</td></tr></table>	https://doi.org/https://doi.org/10.1007/s12304-025-09599-w	0.3572	0.5188	3	31	42	1	6	2025	1	6
15	mark reybrouck (2012)	"<table><tr><td>Authors:</td><td>mark reybrouck</td></tr><tr><td>Title:</td><td>musical sense-making and the concept of affordance: an ecosemiotic and experiential approach</td></tr><tr><td>Source:</td><td>biosemiotics, 5(3), 391-409</td></tr><tr><td>Year:</td><td>2012</td></tr></table>"	https://doi.org/https://doi.org/10.1007/s12304-012-9144-6	0.0368	-0.5028	4	290	593	71	4.1183	2012	71	4.1183
16	jesper hoffmeyer (2015a)	"<table><tr><td>Authors:</td><td>jesper hoffmeyer; frederik stjernfelt</td></tr><tr><td>Title:</td><td>the great chain of semiosis. investigating the steps in the evolution of semiotic competence</td></tr><tr><td>Source:</td><td>biosemiotics, 9(1), 7-29</td></tr><tr><td>Year:</td><td>2015</td></tr></table>"	https://doi.org/https://doi.org/10.1007/s12304-015-9247-y	0.0585	0.2051	5	184	275	63	1.6726	2015	63	1.6726
17	jaime f. cárdenas‐garcía (2020)	"<table><tr><td>Authors:</td><td>jaime f. cárdenas‐garcía</td></tr><tr><td>Title:</td><td>the process of info-autopoiesis – the source of all information</td></tr><tr><td>Source:</td><td>biosemiotics, 13(2), 199-221</td></tr><tr><td>Year:</td><td>2020</td></tr></table>"	https://doi.org/https://doi.org/10.1007/s12304-020-09384-x	-0.873	-0.2371	7	145	322	41	4.9813	2020	41	4.9813
18	morten tønnessen (2009)	"<table><tr><td>Authors:</td><td>morten tønnessen</td></tr><tr><td>Title:</td><td>umwelt transitions: uexküll and environmental change</td></tr><tr><td>Source:</td><td>biosemiotics, 2(1), 47-64</td></tr><tr><td>Year:</td><td>2009</td></tr></table>"	https://doi.org/https://doi.org/10.1007/s12304-008-9036-y	0.3427	-0.3352	11	243	405	62	3.8657	2009	62	3.8657
19	paul cobley (2010)	"<table><tr><td>Authors:</td><td>paul cobley</td></tr><tr><td>Title:</td><td>the cultural implications of biosemiotics</td></tr><tr><td>Source:</td><td>biosemiotics, 3(2), 225-244</td></tr><tr><td>Year:</td><td>2010</td></tr></table>"	https://doi.org/https://doi.org/10.1007/s12304-010-9089-6	-0.2047	-0.1014	5	331	730	60	4.2162	2010	60	4.2162
20	kalevi kull (2010)	"<table><tr><td>Authors:</td><td>kalevi kull</td></tr><tr><td>Title:</td><td>ecosystems are made of semiosic bonds: consortia, umwelten, biophony and ecological codes</td></tr><tr><td>Source:</td><td>biosemiotics, 3(3), 347-357</td></tr><tr><td>Year:</td><td>2010</td></tr></table>"	https://doi.org/https://doi.org/10.1007/s12304-010-9081-1	0.1858	0.0359	7	165	239	59	4.1459	2010	59	4.1459
21	sławomir wacewicz (2014)	"<table><tr><td>Authors:</td><td>sławomir wacewicz; przemysław żywiczyński</td></tr><tr><td>Title:</td><td>language evolution: why hockett’s design features are a non-starter</td></tr><tr><td>Source:</td><td>biosemiotics, 8(1), 29-46</td></tr><tr><td>Year:</td><td>2014</td></tr></table>"	https://doi.org/https://doi.org/10.1007/s12304-014-9203-2	0.2584	-0.683	6	199	338	51	4.0861	2014	51	4.0861
22	jesper hoffmeyer (2015b)	"<table><tr><td>Authors:</td><td>jesper hoffmeyer</td></tr><tr><td>Title:</td><td>introduction: semiotic scaffolding</td></tr><tr><td>Source:</td><td>biosemiotics, 8(2), 153-158</td></tr><tr><td>Year:</td><td>2015</td></tr></table>"	https://doi.org/https://doi.org/10.1007/s12304-015-9236-1	-0.8376	-0.097	2	110	141	48	1.2743	2015	48	1.2743
23	kalevi kull (2015)	"<table><tr><td>Authors:</td><td>kalevi kull</td></tr><tr><td>Title:</td><td>evolution, choice, and scaffolding: semiosis is changing its own building</td></tr><tr><td>Source:</td><td>biosemiotics, 8(2), 223-234</td></tr><tr><td>Year:</td><td>2015</td></tr></table>"	https://doi.org/https://doi.org/10.1007/s12304-015-9243-2	0.263	-0.0142	1	154	238	45	1.1947	2015	45	1.1947
24	morten tønnessen (2015)	"<table><tr><td>Authors:</td><td>morten tønnessen</td></tr><tr><td>Title:</td><td>the biosemiotic glossary project: agent, agency</td></tr><tr><td>Source:</td><td>biosemiotics, 8(1), 125-143</td></tr><tr><td>Year:</td><td>2015</td></tr></table>"	https://doi.org/https://doi.org/10.1007/s12304-015-9229-0	-0.5803	0.0621	2	301	669	43	1.1416	2015	43	1.1416
25	almo farina (2021a)	"<table><tr><td>Authors:</td><td>almo farina; alice eldridge; peng li</td></tr><tr><td>Title:</td><td>ecoacoustics and multispecies semiosis: naming, semantics, semiotic characteristics, and competencies</td></tr><tr><td>Source:</td><td>biosemiotics, 14(1), 141-165</td></tr><tr><td>Year:</td><td>2021</td></tr></table>"	https://doi.org/https://doi.org/10.1007/s12304-021-09402-6	1.1336	-0.4796	8	167	392	33	5.9618	2021	33	5.9618
26	arran gare (2023)	"<table><tr><td>Authors:</td><td>arran gare</td></tr><tr><td>Title:</td><td>the philosophy of anti-dumping as the affirmation of life</td></tr><tr><td>Source:</td><td>biosemiotics, 17(1), 27-47</td></tr><tr><td>Year:</td><td>2023</td></tr></table>"	https://doi.org/https://doi.org/10.1007/s12304-023-09537-8	0.9045	0.2325	1	50	58	12	4.65	2023	12	4.65
27	susan petrilli (2024)	"<table><tr><td>Authors:</td><td>susan petrilli; augusto ponzio</td></tr><tr><td>Title:</td><td>biosemiotics, global semiotics and semioethics</td></tr><tr><td>Source:</td><td>biosemiotics</td></tr><tr><td>Year:</td><td>2024</td></tr></table>"	https://doi.org/https://doi.org/10.1007/s12304-024-09590-x	1.0109	0.3528	1	125	164	5	6.2903	2024	5	6.2903
28	kalevi kull (2008)	"<table><tr><td>Authors:</td><td>kalevi kull; claus emmeche; donald favareau</td></tr><tr><td>Title:</td><td>biosemiotic questions</td></tr><tr><td>Source:</td><td>biosemiotics, 1(1), 41-55</td></tr><tr><td>Year:</td><td>2008</td></tr></table>"	https://doi.org/https://doi.org/10.1007/s12304-008-9008-2	-0.3286	-0.0311	2	286	729	51	3.1264	2008	51	3.1264
29	marcello barbieri (2012b)	"<table><tr><td>Authors:</td><td>marcello barbieri</td></tr><tr><td>Title:</td><td>codepoiesis – the deep logic of life</td></tr><tr><td>Source:</td><td>biosemiotics, 5(3), 297-299</td></tr><tr><td>Year:</td><td>2012</td></tr></table>"	https://doi.org/https://doi.org/10.1007/s12304-012-9162-4	-1.5714	-0.066	2	56	132	42	2.4362	2012	42	2.4362
30	almo farina (2011)	"<table><tr><td>Authors:</td><td>almo farina</td></tr><tr><td>Title:</td><td>a biosemiotic perspective of the resource criterion: toward a general theory of resources</td></tr><tr><td>Source:</td><td>biosemiotics, 5(1), 17-32</td></tr><tr><td>Year:</td><td>2011</td></tr></table>"	https://doi.org/https://doi.org/10.1007/s12304-011-9119-z	0.5155	-0.3569	8	241	426	41	4.5197	2011	41	4.5197
31	donald favareau (2017a)	"<table><tr><td>Authors:</td><td>donald favareau; kalevi kull; gerald ostdiek; timo maran; louise westling; paul cobley; frederik stjernfelt; myrdene anderson; morten tønnessen; wendy wheeler</td></tr><tr><td>Title:</td><td>how can the study of the humanities inform the study of biosemiotics?</td></tr><tr><td>Source:</td><td>biosemiotics, 10(1), 9-31</td></tr><tr><td>Year:</td><td>2017</td></tr></table>"	https://doi.org/https://doi.org/10.1007/s12304-017-9287-6	0.3355	0.1312	1	230	387	39	3.6644	2017	39	3.6644
32	almo farina (2014)	"<table><tr><td>Authors:</td><td>almo farina; nadia pieretti</td></tr><tr><td>Title:</td><td>acoustic codes in action in a soundscape context</td></tr><tr><td>Source:</td><td>biosemiotics, 7(2), 321-328</td></tr><tr><td>Year:</td><td>2014</td></tr></table>"	https://doi.org/https://doi.org/10.1007/s12304-014-9213-0	0.9964	-0.5201	8	134	225	35	2.8042	2014	35	2.8042
33	john deely (2015)	"<table><tr><td>Authors:</td><td>john deely</td></tr><tr><td>Title:</td><td>building a scaffold: semiosis in nature and culture</td></tr><tr><td>Source:</td><td>biosemiotics, 8(2), 341-360</td></tr><tr><td>Year:</td><td>2015</td></tr></table>"	https://doi.org/https://doi.org/10.1007/s12304-015-9237-0	-0.3722	-0.365	4	249	467	34	0.9027	2015	34	0.9027
34	ilya a. surov (2022a)	"<table><tr><td>Authors:</td><td>ilya a. surov</td></tr><tr><td>Title:</td><td>natural code of subjective experience</td></tr><tr><td>Source:</td><td>biosemiotics, 15(1), 109-139</td></tr><tr><td>Year:</td><td>2022</td></tr></table>"	https://doi.org/https://doi.org/10.1007/s12304-022-09487-7	0.0789	0.4073	5	221	317	18	3.5397	2022	18	3.5397
35	angelo delliponti (2023)	"<table><tr><td>Authors:</td><td>angelo delliponti; renato raia; giulia sanguedolce; adam gutowski; michael pleyer; marta sibierska; marek placiński; przemysław żywiczyński; sławomir wacewicz</td></tr><tr><td>Title:</td><td>experimental semiotics: a systematic categorization of experimental studies on the bootstrapping of communication systems</td></tr><tr><td>Source:</td><td>biosemiotics, 16(2), 291-310</td></tr><tr><td>Year:</td><td>2023</td></tr></table>"	https://doi.org/https://doi.org/10.1007/s12304-023-09534-x	0.5387	-0.7047	6	16	17	10	3.875	2023	10	3.875
36	sergio torres–martínez (2024)	"<table><tr><td>Authors:</td><td>sergio torres–martínez</td></tr><tr><td>Title:</td><td>embodied human language models vs. large language models, or why artificial intelligence cannot explain the modal be able to</td></tr><tr><td>Source:</td><td>biosemiotics, 17(1), 185-209</td></tr><tr><td>Year:</td><td>2024</td></tr></table>"	https://doi.org/https://doi.org/10.1007/s12304-024-09553-2	-0.0015	0.4417	3	139	169	4	5.0323	2024	4	5.0323
37	marcello barbieri (2008a)	"<table><tr><td>Authors:</td><td>marcello barbieri</td></tr><tr><td>Title:</td><td>three types of semiosis</td></tr><tr><td>Source:</td><td>biosemiotics, 2(1), 19-30</td></tr><tr><td>Year:</td><td>2008</td></tr></table>"	https://doi.org/https://doi.org/10.1007/s12304-008-9038-9	-0.9571	-0.1492	2	166	356	44	2.6973	2008	44	2.6973
38	h. h. pattee (2008)	"<table><tr><td>Authors:</td><td>h. h. pattee</td></tr><tr><td>Title:</td><td>physical and functional conditions for symbols, codes, and languages</td></tr><tr><td>Source:</td><td>biosemiotics, 1(2), 147-168</td></tr><tr><td>Year:</td><td>2008</td></tr></table>"	https://doi.org/https://doi.org/10.1007/s12304-008-9012-6	-0.8433	0.2399	5	158	277	43	2.636	2008	43	2.636
39	timo maran (2010a)	"<table><tr><td>Authors:</td><td>timo maran; karel kleisner</td></tr><tr><td>Title:</td><td>towards an evolutionary biosemiotics: semiotic selection and semiotic co-option</td></tr><tr><td>Source:</td><td>biosemiotics, 3(2), 189-200</td></tr><tr><td>Year:</td><td>2010</td></tr></table>"	https://doi.org/https://doi.org/10.1007/s12304-010-9087-8	0.0363	-0.2883	6	320	626	38	2.6703	2010	38	2.6703
40	marcello barbieri (2010a)	"<table><tr><td>Authors:</td><td>marcello barbieri</td></tr><tr><td>Title:</td><td>on the origin of language</td></tr><tr><td>Source:</td><td>biosemiotics, 3(2), 201-223</td></tr><tr><td>Year:</td><td>2010</td></tr></table>"	https://doi.org/https://doi.org/10.1007/s12304-010-9088-7	-0.5349	-0.2436	2	216	577	37	2.6	2010	37	2.6
41	dominique lestel (2011)	"<table><tr><td>Authors:</td><td>dominique lestel</td></tr><tr><td>Title:</td><td>what capabilities for the animal?</td></tr><tr><td>Source:</td><td>biosemiotics, 4(1), 83-102</td></tr><tr><td>Year:</td><td>2011</td></tr></table>"	https://doi.org/https://doi.org/10.1007/s12304-010-9109-6	-0.1409	-0.0182	5	125	155	37	4.0787	2011	37	4.0787
42	h. h. pattee (2012)	"<table><tr><td>Authors:</td><td>h. h. pattee</td></tr><tr><td>Title:</td><td>epistemic, evolutionary, and physical conditions for biological information</td></tr><tr><td>Source:</td><td>biosemiotics, 6(1), 9-31</td></tr><tr><td>Year:</td><td>2012</td></tr></table>"	https://doi.org/https://doi.org/10.1007/s12304-012-9150-8	-0.7178	-0.1908	5	240	416	35	2.0302	2012	35	2.0302
43	joseph j. vitti (2013)	"<table><tr><td>Authors:</td><td>joseph j. vitti</td></tr><tr><td>Title:</td><td>cephalopod cognition in an evolutionary context: implications for ethology</td></tr><tr><td>Source:</td><td>biosemiotics, 6(3), 393-401</td></tr><tr><td>Year:</td><td>2013</td></tr></table>"	https://doi.org/https://doi.org/10.1007/s12304-013-9175-7	-0.0122	-0.9865	4	105	106	35	4.3299	2013	35	4.3299
44	morten tønnessen (2016)	"<table><tr><td>Authors:</td><td>morten tønnessen; riin magnus; carlo brentari</td></tr><tr><td>Title:</td><td>the biosemiotic glossary project: umwelt</td></tr><tr><td>Source:</td><td>biosemiotics, 9(1), 129-149</td></tr><tr><td>Year:</td><td>2016</td></tr></table>"	https://doi.org/https://doi.org/10.1007/s12304-016-9255-6	0.4445	-0.0931	1	291	624	30	2.8302	2016	30	2.8302
45	thomas osborne (2016)	"<table><tr><td>Authors:</td><td>thomas osborne</td></tr><tr><td>Title:</td><td>vitalism as pathos</td></tr><tr><td>Source:</td><td>biosemiotics, 9(2), 185-205</td></tr><tr><td>Year:</td><td>2016</td></tr></table>"	https://doi.org/https://doi.org/10.1007/s12304-016-9254-7	-0.0639	-0.6066	4	148	185	29	2.7358	2016	29	2.7358
46	ahti‐veikko pietarinen (2021)	"<table><tr><td>Authors:</td><td>ahti‐veikko pietarinen; majid davoody beni</td></tr><tr><td>Title:</td><td>active inference and abduction</td></tr><tr><td>Source:</td><td>biosemiotics, 14(2), 499-517</td></tr><tr><td>Year:</td><td>2021</td></tr></table>"	https://doi.org/https://doi.org/10.1007/s12304-021-09432-0	-0.1185	-0.4997	4	137	161	23	4.1552	2021	23	4.1552
47	anand venkatraman (2025)	"<table><tr><td>Authors:</td><td>anand venkatraman; anand viswanathan; sishir rao</td></tr><tr><td>Title:</td><td>un-binding the umwelt: the differential contributions of the five classical senses can be understood through hindu tantra</td></tr><tr><td>Source:</td><td>biosemiotics</td></tr><tr><td>Year:</td><td>2025</td></tr></table>"	https://doi.org/https://doi.org/10.1007/s12304-024-09592-9	0.1545	0.7376	3	85	103	0	0	2025	0	0
48	piotr walkowiak (2025)	"<table><tr><td>Authors:</td><td>piotr walkowiak</td></tr><tr><td>Title:</td><td>lofts as shared spaces: examining socio-spatial interactions among humans, king pigeons, and other species</td></tr><tr><td>Source:</td><td>biosemiotics</td></tr><tr><td>Year:</td><td>2025</td></tr></table>"	https://doi.org/https://doi.org/10.1007/s12304-025-09596-z	1.1583	-0.0939	1	11	11	0	0	2025	0	0
49	claudio julio rodríguez higuera (2025)	<table><tr><td>Authors:</td><td>claudio julio rodríguez higuera</td></tr><tr><td>Title:</td><td>the metaethics of meaning-making: jonathan birch’s the edge of sentience</td></tr><tr><td>Source:</td><td>biosemiotics</td></tr><tr><td>Year:</td><td>2025</td></tr></table>	https://doi.org/https://doi.org/10.1007/s12304-025-09595-0	0.4573	0.7154	3	26	28	0	0	2025	0	0
50	simone bernardi della rosa (2025)	"<table><tr><td>Authors:</td><td>simone bernardi della rosa; nicola zengiaro</td></tr><tr><td>Title:</td><td>the biosemiotic glossary project: habit</td></tr><tr><td>Source:</td><td>biosemiotics</td></tr><tr><td>Year:</td><td>2025</td></tr></table>"	https://doi.org/https://doi.org/10.1007/s12304-025-09594-1	0.4063	0.3744	1	234	361	0	0	2025	0	0
51	marcus vinícius borges oliveira (2025)	"<table><tr><td>Authors:</td><td>marcus vinícius borges oliveira</td></tr><tr><td>Title:</td><td>semioethics, ideology and new humanism</td></tr><tr><td>Source:</td><td>biosemiotics</td></tr><tr><td>Year:</td><td>2025</td></tr></table>"	https://doi.org/https://doi.org/10.1007/s12304-025-09603-3	1.0051	0.6751	1	4	5	0	0	2025	0	0
52	jana švorcová (2025)	<table><tr><td>Authors:</td><td>jana švorcová</td></tr><tr><td>Title:</td><td>biosemiotics as an ongoing endeavour</td></tr><tr><td>Source:</td><td>biosemiotics</td></tr><tr><td>Year:</td><td>2025</td></tr></table>	https://doi.org/https://doi.org/10.1007/s12304-025-09604-2	-0.0338	0.526	3	29	39	0	0	2025	0	0
53	nicola zengiaro (2025a)	"<table><tr><td>Authors:</td><td>nicola zengiaro; tatiana j. jaramillo</td></tr><tr><td>Title:</td><td>mythology and zoosemiotics: exploring snake narratives in greek, aztec, and amazonian cultures</td></tr><tr><td>Source:</td><td>biosemiotics</td></tr><tr><td>Year:</td><td>2025</td></tr></table>"	https://doi.org/https://doi.org/10.1007/s12304-025-09598-x	0.7486	0.1147	1	64	71	0	0	2025	0	0
54	amelia lewis (2025)	<table><tr><td>Authors:</td><td>amelia lewis</td></tr><tr><td>Title:</td><td>a response to burghardt (2024): why heterophenomenology could improve animal welfare</td></tr><tr><td>Source:</td><td>biosemiotics</td></tr><tr><td>Year:</td><td>2025</td></tr></table>	https://doi.org/https://doi.org/10.1007/s12304-025-09601-5	0.8576	0.3046	1	6	9	0	0	2025	0	0
55	luccas vaz dantas dos santos (2025)	<table><tr><td>Authors:</td><td>luccas vaz dantas dos santos</td></tr><tr><td>Title:</td><td>perception and cognition: a metaconceptual approach</td></tr><tr><td>Source:</td><td>biosemiotics</td></tr><tr><td>Year:</td><td>2025</td></tr></table>	https://doi.org/https://doi.org/10.1007/s12304-025-09602-4	0.078	0.665	3	210	332	0	0	2025	0	0
56	brian khumalo (2025)	"<table><tr><td>Authors:</td><td>brian khumalo; shankar aswani</td></tr><tr><td>Title:</td><td>semio-materialism: a quest for a science of culture</td></tr><tr><td>Source:</td><td>biosemiotics</td></tr><tr><td>Year:</td><td>2025</td></tr></table>"	https://doi.org/https://doi.org/10.1007/s12304-025-09600-6	0.3953	0.4588	3	60	63	0	0	2025	0	0
57	arash ghazvineh (2025)	<table><tr><td>Authors:</td><td>arash ghazvineh</td></tr><tr><td>Title:</td><td>interactive signs and digital umwelts: rethinking meaning in the age of platfospheres</td></tr><tr><td>Source:</td><td>biosemiotics</td></tr><tr><td>Year:</td><td>2025</td></tr></table>	https://doi.org/https://doi.org/10.1007/s12304-025-09607-z	0.5383	0.305	1	208	351	0	0	2025	0	0
58	yulia nikitenko (2025)	<table><tr><td>Authors:</td><td>yulia nikitenko</td></tr><tr><td>Title:</td><td>semioethics’ quest for responsible semiosis and some relevant intuitions of religious philosophy</td></tr><tr><td>Source:</td><td>biosemiotics</td></tr><tr><td>Year:</td><td>2025</td></tr></table>	https://doi.org/https://doi.org/10.1007/s12304-025-09605-1	0.9957	0.6786	1	6	9	0	0	2025	0	0
59	keith moser (2025)	<table><tr><td>Authors:</td><td>keith moser</td></tr><tr><td>Title:</td><td>launching a transdisciplinary call for semioethical virtue ethics in the anthropocene/capitalocene</td></tr><tr><td>Source:</td><td>biosemiotics</td></tr><tr><td>Year:</td><td>2025</td></tr></table>	https://doi.org/https://doi.org/10.1007/s12304-025-09608-y	1.2009	-0.1059	1	8	8	0	0	2025	0	0
60	alin olteanu (2025)	"<table><tr><td>Authors:</td><td>alin olteanu; fabio de leonardis</td></tr><tr><td>Title:</td><td>semioethic horizons: humanism of alterity and semiotics of technology</td></tr><tr><td>Source:</td><td>biosemiotics</td></tr><tr><td>Year:</td><td>2025</td></tr></table>"	https://doi.org/https://doi.org/10.1007/s12304-025-09606-0	0.8521	0.5293	1	93	131	0	0	2025	0	0
61	alessandra anastasi (2025)	<table><tr><td>Authors:</td><td>alessandra anastasi</td></tr><tr><td>Title:</td><td>perfect liars: the evolutionary role of deception as a cognitive and communicative strategy across species</td></tr><tr><td>Source:</td><td>biosemiotics</td></tr><tr><td>Year:</td><td>2025</td></tr></table>	https://doi.org/https://doi.org/10.1007/s12304-025-09610-4	0.5781	-0.4329	6	104	120	0	0	2025	0	0
62	federico comollo (2025)	<table><tr><td>Authors:</td><td>federico comollo</td></tr><tr><td>Title:</td><td>ethics of plants: interconnections between biosemiotics and critical plant studies</td></tr><tr><td>Source:</td><td>biosemiotics</td></tr><tr><td>Year:</td><td>2025</td></tr></table>	https://doi.org/https://doi.org/10.1007/s12304-025-09611-3	0.4528	0.4811	1	117	143	0	0	2025	0	0
63	nicola zengiaro (2025b)	<table><tr><td>Authors:</td><td>nicola zengiaro</td></tr><tr><td>Title:</td><td>physiophilia and semioethics: a revised perspective on semiotic response-ability</td></tr><tr><td>Source:</td><td>biosemiotics</td></tr><tr><td>Year:</td><td>2025</td></tr></table>	https://doi.org/https://doi.org/10.1007/s12304-025-09614-0	0.9272	0.6324	1	24	30	0	0	2025	0	0
64	andrea mubi brighenti (2025)	<table><tr><td>Authors:</td><td>andrea mubi brighenti</td></tr><tr><td>Title:</td><td>something critical occurs at a fractional dimension between two and three... a proposal for knitting together semiophysics and biosemiotics</td></tr><tr><td>Source:</td><td>biosemiotics</td></tr><tr><td>Year:</td><td>2025</td></tr></table>	https://doi.org/https://doi.org/10.1007/s12304-025-09613-1	0.4383	0.2942	1	45	48	0	0	2025	0	0
65	sigmund ongstad (2025)	<table><tr><td>Authors:</td><td>sigmund ongstad</td></tr><tr><td>Title:</td><td>act in animal utterances and life-genres as ‘communicational’: a challenge for ethological and biosemiotic pragmatics</td></tr><tr><td>Source:</td><td>biosemiotics</td></tr><tr><td>Year:</td><td>2025</td></tr></table>	https://doi.org/https://doi.org/10.1007/s12304-025-09615-z	0.3607	0.2263	1	84	131	0	0	2025	0	0
66	valerio marconi (2025)	<table><tr><td>Authors:</td><td>valerio marconi</td></tr><tr><td>Title:</td><td>linguistic umwelten: the polysemiotic species</td></tr><tr><td>Source:</td><td>biosemiotics</td></tr><tr><td>Year:</td><td>2025</td></tr></table>	https://doi.org/https://doi.org/10.1007/s12304-025-09617-x	0.6217	0.3211	1	111	145	0	0	2025	0	0
67	frank nuessel (2025)	<table><tr><td>Authors:</td><td>frank nuessel</td></tr><tr><td>Title:</td><td>the role of semioethics in biosemiotics</td></tr><tr><td>Source:</td><td>biosemiotics</td></tr><tr><td>Year:</td><td>2025</td></tr></table>	https://doi.org/https://doi.org/10.1007/s12304-025-09616-y	0.8711	0.5296	1	59	71	0	0	2025	0	0
68	guenther witzany (2008)	"<table><tr><td>Authors:</td><td>guenther witzany</td></tr><tr><td>Title:</td><td>the viral origins of telomeres and telomerases and their important role in eukaryogenesis and genome maintenance</td></tr><tr><td>Source:</td><td>biosemiotics, 1(2), 191-206</td></tr><tr><td>Year:</td><td>2008</td></tr></table>"	https://doi.org/https://doi.org/10.1007/s12304-008-9018-0	-2.5677	0.0651	2	11	37	39	2.3908	2008	39	2.3908
69	karel kleisner (2008)	"<table><tr><td>Authors:</td><td>karel kleisner</td></tr><tr><td>Title:</td><td>the semantic morphology of adolf portmann: a starting point for the biosemiotics of organic form?</td></tr><tr><td>Source:</td><td>biosemiotics, 1(2), 207-219</td></tr><tr><td>Year:</td><td>2008</td></tr></table>"	https://doi.org/https://doi.org/10.1007/s12304-008-9014-4	-0.678	-0.2262	2	155	302	37	2.2682	2008	37	2.2682
70	stanley n. salthe (2008a)	"<table><tr><td>Authors:</td><td>stanley n. salthe</td></tr><tr><td>Title:</td><td>the system of interpretance, naturalizing meaning as finality</td></tr><tr><td>Source:</td><td>biosemiotics, 1(3), 285-294</td></tr><tr><td>Year:</td><td>2008</td></tr></table>"	https://doi.org/https://doi.org/10.1007/s12304-008-9023-3	-0.9973	-0.2733	10	113	145	36	2.2069	2008	36	2.2069
71	almo farina (2008)	"<table><tr><td>Authors:</td><td>almo farina</td></tr><tr><td>Title:</td><td>the landscape as a semiotic interface between organisms and resources</td></tr><tr><td>Source:</td><td>biosemiotics, 1(1), 75-83</td></tr><tr><td>Year:</td><td>2008</td></tr></table>"	https://doi.org/https://doi.org/10.1007/s12304-008-9006-4	0.1433	-0.4406	8	256	545	36	2.2069	2008	36	2.2069
72	gérard battail (2012)	"<table><tr><td>Authors:</td><td>gérard battail</td></tr><tr><td>Title:</td><td>biology needs information theory</td></tr><tr><td>Source:</td><td>biosemiotics, 6(1), 77-103</td></tr><tr><td>Year:</td><td>2012</td></tr></table>"	https://doi.org/https://doi.org/10.1007/s12304-012-9152-6	-1.1697	0.1557	2	142	278	28	1.6241	2012	28	1.6241
73	stefan kühn (2014)	"<table><tr><td>Authors:</td><td>stefan kühn; jan‐hendrik s. hofmeyr</td></tr><tr><td>Title:</td><td>is the “histone code” an organic code?</td></tr><tr><td>Source:</td><td>biosemiotics, 7(2), 203-222</td></tr><tr><td>Year:</td><td>2014</td></tr></table>"	https://doi.org/https://doi.org/10.1007/s12304-014-9211-2	-1.3465	0.2265	2	97	186	27	2.1632	2014	27	2.1632
74	morten tønnessen (2018)	"<table><tr><td>Authors:</td><td>morten tønnessen; timo maran; alexei a. sharov</td></tr><tr><td>Title:</td><td>phenomenology and biosemiotics</td></tr><tr><td>Source:</td><td>biosemiotics, 11(3), 323-330</td></tr><tr><td>Year:</td><td>2018</td></tr></table>"	https://doi.org/https://doi.org/10.1007/s12304-018-9345-8	0.2423	-0.3478	4	237	357	27	3.5526	2018	27	3.5526
75	paul cobley (2015)	"<table><tr><td>Authors:</td><td>paul cobley; frederik stjernfelt</td></tr><tr><td>Title:</td><td>scaffolding development and the human condition</td></tr><tr><td>Source:</td><td>biosemiotics, 8(2), 291-304</td></tr><tr><td>Year:</td><td>2015</td></tr></table>"	https://doi.org/https://doi.org/10.1007/s12304-015-9238-z	-0.2079	-0.0612	2	152	224	26	0.6903	2015	26	0.6903
76	donald favareau (2015)	"<table><tr><td>Authors:</td><td>donald favareau</td></tr><tr><td>Title:</td><td>symbols are grounded not in things, but in scaffolded relations and their semiotic constraints (or how the referential generality of symbol scaffolding grows minds)</td></tr><tr><td>Source:</td><td>biosemiotics, 8(2), 235-255</td></tr><tr><td>Year:</td><td>2015</td></tr></table>"	https://doi.org/https://doi.org/10.1007/s12304-015-9234-3	-0.2672	-0.207	5	317	683	25	0.6637	2015	25	0.6637
77	alexei a. sharov (2016a)	"<table><tr><td>Authors:</td><td>alexei a. sharov</td></tr><tr><td>Title:</td><td>evolution of natural agents: preservation, advance, and emergence of functional information</td></tr><tr><td>Source:</td><td>biosemiotics, 9(1), 103-120</td></tr><tr><td>Year:</td><td>2016</td></tr></table>"	https://doi.org/https://doi.org/10.1007/s12304-015-9250-3	-0.7185	0.0108	2	247	593	24	2.2642	2016	24	2.2642
78	alexei a. sharov (2016b)	"<table><tr><td>Authors:</td><td>alexei a. sharov</td></tr><tr><td>Title:</td><td>evolutionary biosemiotics and multilevel construction networks</td></tr><tr><td>Source:</td><td>biosemiotics, 9(3), 399-416</td></tr><tr><td>Year:</td><td>2016</td></tr></table>"	https://doi.org/https://doi.org/10.1007/s12304-016-9269-0	-0.5221	0.0233	2	345	877	24	2.2642	2016	24	2.2642
79	filip jaroš (2019)	"<table><tr><td>Authors:</td><td>filip jaroš; timo maran</td></tr><tr><td>Title:</td><td>humans on top, humans among the other animals: narratives of anthropological difference</td></tr><tr><td>Source:</td><td>biosemiotics, 12(3), 381-403</td></tr><tr><td>Year:</td><td>2019</td></tr></table>"	https://doi.org/https://doi.org/10.1007/s12304-019-09364-w	0.7606	-0.1961	1	124	218	24	4.1013	2019	24	4.1013
80	kalevi kull (2020)	"<table><tr><td>Authors:</td><td>kalevi kull</td></tr><tr><td>Title:</td><td>semiotic fitting and the nativeness of community</td></tr><tr><td>Source:</td><td>biosemiotics, 13(1), 9-19</td></tr><tr><td>Year:</td><td>2020</td></tr></table>"	https://doi.org/https://doi.org/10.1007/s12304-020-09375-y	0.3244	0.3631	3	139	183	24	2.9159	2020	24	2.9159
81	carolina sánchez de jaegher (2024)	"<table><tr><td>Authors:</td><td>carolina sánchez de jaegher</td></tr><tr><td>Title:</td><td>atacama desert’s solastalgia: color and water for dumping</td></tr><tr><td>Source:</td><td>biosemiotics, 17(1), 67-92</td></tr><tr><td>Year:</td><td>2024</td></tr></table>"	https://doi.org/https://doi.org/10.1007/s12304-023-09551-w	0.9573	0.3311	1	37	49	3	3.7742	2024	3	3.7742
82	federico comollo (2024)	"<table><tr><td>Authors:</td><td>federico comollo</td></tr><tr><td>Title:</td><td>a foray into the worlds of plants and fungi</td></tr><tr><td>Source:</td><td>biosemiotics, 17(2), 469-485</td></tr><tr><td>Year:</td><td>2024</td></tr></table>"	https://doi.org/https://doi.org/10.1007/s12304-024-09563-0	0.6669	0.4272	1	61	83	3	3.7742	2024	3	3.7742
83	jesper hoffmeyer (2008)	"<table><tr><td>Authors:</td><td>jesper hoffmeyer</td></tr><tr><td>Title:</td><td>the semiotic body</td></tr><tr><td>Source:</td><td>biosemiotics, 1(2), 169-190</td></tr><tr><td>Year:</td><td>2008</td></tr></table>"	https://doi.org/https://doi.org/10.1007/s12304-008-9015-3	-0.4363	-0.1747	4	214	393	33	2.023	2008	33	2.023
84	charbel niño el-hani (2009)	"<table><tr><td>Authors:</td><td>charbel niño el-hani; joão queiroz; frederik stjernfelt</td></tr><tr><td>Title:</td><td>firefly femmes fatales: a case study in the semiotics of deception</td></tr><tr><td>Source:</td><td>biosemiotics, 3(1), 33-55</td></tr><tr><td>Year:</td><td>2009</td></tr></table>"	https://doi.org/https://doi.org/10.1007/s12304-009-9048-2	0.0921	-0.3269	10	130	204	32	1.9952	2009	32	1.9952
85	marcello barbieri (2011)	"<table><tr><td>Authors:</td><td>marcello barbieri</td></tr><tr><td>Title:</td><td>origin and evolution of the brain</td></tr><tr><td>Source:</td><td>biosemiotics, 4(3), 369-399</td></tr><tr><td>Year:</td><td>2011</td></tr></table>"	https://doi.org/https://doi.org/10.1007/s12304-011-9125-1	-0.648	-0.2778	2	225	593	28	3.0866	2011	28	3.0866
86	marcello barbieri (2012c)	"<table><tr><td>Authors:</td><td>marcello barbieri</td></tr><tr><td>Title:</td><td>the paradigms of biology</td></tr><tr><td>Source:</td><td>biosemiotics, 6(1), 33-59</td></tr><tr><td>Year:</td><td>2012</td></tr></table>"	https://doi.org/https://doi.org/10.1007/s12304-012-9149-1	-1.3452	0.0492	2	162	418	27	1.5661	2012	27	1.5661
87	karel kleisner (2015)	"<table><tr><td>Authors:</td><td>karel kleisner</td></tr><tr><td>Title:</td><td>semantic organs: the concept and its theoretical ramifications</td></tr><tr><td>Source:</td><td>biosemiotics, 8(3), 367-379</td></tr><tr><td>Year:</td><td>2015</td></tr></table>"	https://doi.org/https://doi.org/10.1007/s12304-015-9246-z	0.3562	-0.2414	6	215	373	24	0.6372	2015	24	0.6372
88	søren brier (2012a)	"<table><tr><td>Authors:</td><td>søren brier; cliff joslyn</td></tr><tr><td>Title:</td><td>what does it take to produce interpretation? informational, peircean and code-semiotic views on biosemiotics</td></tr><tr><td>Source:</td><td>biosemiotics, 6(1), 143-159</td></tr><tr><td>Year:</td><td>2012</td></tr></table>"	https://doi.org/https://doi.org/10.1007/s12304-012-9153-5	-0.4009	-0.4295	4	215	390	24	1.3921	2012	24	1.3921
89	kalevi kull (2016)	"<table><tr><td>Authors:</td><td>kalevi kull</td></tr><tr><td>Title:</td><td>the biosemiotic concept of the species</td></tr><tr><td>Source:</td><td>biosemiotics, 9(1), 61-71</td></tr><tr><td>Year:</td><td>2016</td></tr></table>"	https://doi.org/https://doi.org/10.1007/s12304-016-9259-2	-0.0044	-0.1001	6	45	52	23	2.1698	2016	23	2.1698
90	claudio julio rodríguez higuera (2017)	"<table><tr><td>Authors:</td><td>claudio julio rodríguez higuera; kalevi kull</td></tr><tr><td>Title:</td><td>the biosemiotic glossary project: the semiotic threshold</td></tr><tr><td>Source:</td><td>biosemiotics, 10(1), 109-126</td></tr><tr><td>Year:</td><td>2017</td></tr></table>"	https://doi.org/https://doi.org/10.1007/s12304-017-9289-4	0.3115	-0.1882	8	234	524	23	2.1611	2017	23	2.1611
91	anton sukhoverkhov (2014)	"<table><tr><td>Authors:</td><td>anton sukhoverkhov; carol a. fowler</td></tr><tr><td>Title:</td><td>why language evolution needs memory: systems and ecological approaches</td></tr><tr><td>Source:</td><td>biosemiotics, 8(1), 47-65</td></tr><tr><td>Year:</td><td>2014</td></tr></table>"	https://doi.org/https://doi.org/10.1007/s12304-014-9202-3	-0.202	-0.4122	6	261	503	22	1.7626	2014	22	1.7626
92	alexei a. sharov (2015a)	"<table><tr><td>Authors:</td><td>alexei a. sharov; timo maran; morten tønnessen</td></tr><tr><td>Title:</td><td>towards synthesis of biology and semiotics</td></tr><tr><td>Source:</td><td>biosemiotics, 8(1), 1-7</td></tr><tr><td>Year:</td><td>2015</td></tr></table>"	https://doi.org/https://doi.org/10.1007/s12304-015-9239-y	-0.313	0.0415	5	124	165	22	0.5841	2015	22	0.5841
93	jaime f. cárdenas‐garcía (2019)	"<table><tr><td>Authors:</td><td>jaime f. cárdenas‐garcía; tim ireland</td></tr><tr><td>Title:</td><td>the fundamental problem of the science of information</td></tr><tr><td>Source:</td><td>biosemiotics, 12(2), 213-244</td></tr><tr><td>Year:</td><td>2019</td></tr></table>"	https://doi.org/https://doi.org/10.1007/s12304-019-09350-2	-0.5711	-0.4146	7	303	694	21	3.5886	2019	21	3.5886
94	timo maran (2023)	"<table><tr><td>Authors:</td><td>timo maran</td></tr><tr><td>Title:</td><td>umwelt collapse: the loss of umwelt-ecosystem integration</td></tr><tr><td>Source:</td><td>biosemiotics, 16(3), 479-487</td></tr><tr><td>Year:</td><td>2023</td></tr></table>"	https://doi.org/https://doi.org/10.1007/s12304-023-09545-8	1.0482	0.0934	1	69	86	7	2.7125	2023	7	2.7125
95	marcello barbieri (2008b)	"<table><tr><td>Authors:</td><td>marcello barbieri</td></tr><tr><td>Title:</td><td>what is biosemiotics?</td></tr><tr><td>Source:</td><td>biosemiotics, 1(1), 1-3</td></tr><tr><td>Year:</td><td>2008</td></tr></table>"	https://doi.org/https://doi.org/10.1007/s12304-008-9009-1	0.3108	0.1556	2	69	120	30	1.8391	2008	30	1.8391
96	renata sõukand (2010)	"<table><tr><td>Authors:</td><td>renata sõukand; raivo kalle</td></tr><tr><td>Title:</td><td>plant as object within herbal landscape: different kinds of perception</td></tr><tr><td>Source:</td><td>biosemiotics, 3(3), 299-313</td></tr><tr><td>Year:</td><td>2010</td></tr></table>"	https://doi.org/https://doi.org/10.1007/s12304-010-9078-9	1.0126	-0.452	8	11	18	26	1.827	2010	26	1.827
97	anton markoš (2010a)	"<table><tr><td>Authors:</td><td>anton markoš; dan faltýnek</td></tr><tr><td>Title:</td><td>language metaphors of life</td></tr><tr><td>Source:</td><td>biosemiotics, 4(2), 171-200</td></tr><tr><td>Year:</td><td>2010</td></tr></table>"	https://doi.org/https://doi.org/10.1007/s12304-010-9097-6	-0.4758	-0.1213	2	164	320	26	1.827	2010	26	1.827
98	gérard battail (2009a)	"<table><tr><td>Authors:</td><td>gérard battail</td></tr><tr><td>Title:</td><td>living versus inanimate: the information border</td></tr><tr><td>Source:</td><td>biosemiotics, 2(3), 321-341</td></tr><tr><td>Year:</td><td>2009</td></tr></table>"	https://doi.org/https://doi.org/10.1007/s12304-009-9059-z	-1.3279	0.0264	2	141	252	25	1.5588	2009	25	1.5588
99	gérard battail (2009b)	"<table><tr><td>Authors:</td><td>gérard battail</td></tr><tr><td>Title:</td><td>applying semiotics and information theory to biology: a critical comparison</td></tr><tr><td>Source:</td><td>biosemiotics, 2(3), 303-320</td></tr><tr><td>Year:</td><td>2009</td></tr></table>"	https://doi.org/https://doi.org/10.1007/s12304-009-9062-4	-1.3472	0.0614	2	111	190	25	1.5588	2009	25	1.5588
100	peter r. wills (2013)	"<table><tr><td>Authors:</td><td>peter r. wills</td></tr><tr><td>Title:</td><td>genetic information, physical interpreters and thermodynamics; the material-informatic basis of biosemiosis</td></tr><tr><td>Source:</td><td>biosemiotics, 7(1), 141-165</td></tr><tr><td>Year:</td><td>2013</td></tr></table>"	https://doi.org/https://doi.org/10.1007/s12304-013-9196-2	-0.8794	-0.076	2	224	458	22	2.7216	2013	22	2.7216
101	ramsey affifi (2013a)	"<table><tr><td>Authors:</td><td>ramsey affifi</td></tr><tr><td>Title:</td><td>learning plants: semiosis between the parts and the whole</td></tr><tr><td>Source:</td><td>biosemiotics, 6(3), 547-559</td></tr><tr><td>Year:</td><td>2013</td></tr></table>"	https://doi.org/https://doi.org/10.1007/s12304-013-9164-x	-0.081	0.1733	7	211	421	21	2.5979	2013	21	2.5979
102	mark reybrouck (2013)	"<table><tr><td>Authors:</td><td>mark reybrouck</td></tr><tr><td>Title:</td><td>from sound to music: an evolutionary approach to musical semantics</td></tr><tr><td>Source:</td><td>biosemiotics, 6(3), 585-606</td></tr><tr><td>Year:</td><td>2013</td></tr></table>"	https://doi.org/https://doi.org/10.1007/s12304-013-9192-6	-0.2147	-0.8032	4	141	188	20	2.4742	2013	20	2.4742
103	markus lindholm (2015)	"<table><tr><td>Authors:</td><td>markus lindholm</td></tr><tr><td>Title:</td><td>dna dispose, but subjects decide. learning and the extended synthesis</td></tr><tr><td>Source:</td><td>biosemiotics, 8(3), 443-461</td></tr><tr><td>Year:</td><td>2015</td></tr></table>"	https://doi.org/https://doi.org/10.1007/s12304-015-9242-3	0.016	0.0146	3	226	374	20	0.531	2015	20	0.531
104	manuel heras-escribano (2018)	"<table><tr><td>Authors:</td><td>manuel heras-escribano; paulo de jesus</td></tr><tr><td>Title:</td><td>biosemiotics, the extended synthesis, and ecological information: making sense of the organism-environment relation at the cognitive level</td></tr><tr><td>Source:</td><td>biosemiotics, 11(2), 245-262</td></tr><tr><td>Year:</td><td>2018</td></tr></table>"	https://doi.org/https://doi.org/10.1007/s12304-018-9322-2	-0.0622	0.0486	8	245	442	19	2.5	2018	19	2.5
105	yogi hale hendlin (2018)	"<table><tr><td>Authors:</td><td>yogi hale hendlin</td></tr><tr><td>Title:</td><td>i am a fake loop: the effects of advertising-based artificial selection</td></tr><tr><td>Source:</td><td>biosemiotics, 12(1), 131-156</td></tr><tr><td>Year:</td><td>2018</td></tr></table>"	https://doi.org/https://doi.org/10.1007/s12304-018-9341-z	0.4304	0.1975	1	173	279	19	2.5	2018	19	2.5
106	david monacchi (2019)	"<table><tr><td>Authors:</td><td>david monacchi; almo farina</td></tr><tr><td>Title:</td><td>a multiscale approach to investigate the biosemiotic complexity of two acoustic communities in primary forests with high ecosystem integrity recorded with 3d sound technologies</td></tr><tr><td>Source:</td><td>biosemiotics, 12(2), 329-347</td></tr><tr><td>Year:</td><td>2019</td></tr></table>"	https://doi.org/https://doi.org/10.1007/s12304-019-09361-z	1.6669	-0.6653	8	28	94	19	3.2468	2019	19	3.2468
107	timo maran (2021)	"<table><tr><td>Authors:</td><td>timo maran</td></tr><tr><td>Title:</td><td>the ecosemiosphere is a grounded semiosphere. a lotmanian conceptualization of cultural-ecological systems</td></tr><tr><td>Source:</td><td>biosemiotics, 14(2), 519-530</td></tr><tr><td>Year:</td><td>2021</td></tr></table>"	https://doi.org/https://doi.org/10.1007/s12304-021-09428-w	1.107	-0.1379	1	138	232	16	2.8906	2021	16	2.8906
108	alin olteanu (2021)	"<table><tr><td>Authors:</td><td>alin olteanu</td></tr><tr><td>Title:</td><td>multimodal modeling: bridging biosemiotics and social semiotics</td></tr><tr><td>Source:</td><td>biosemiotics, 14(3), 783-805</td></tr><tr><td>Year:</td><td>2021</td></tr></table>"	https://doi.org/https://doi.org/10.1007/s12304-021-09463-7	0.472	0.0636	1	202	395	16	2.8906	2021	16	2.8906
109	riin magnus (2023)	"<table><tr><td>Authors:</td><td>riin magnus; nelly mäekivi</td></tr><tr><td>Title:</td><td>ecosemiotic analysis of species reintroduction: the case of european mink (mustela lutreola) in estonia</td></tr><tr><td>Source:</td><td>biosemiotics, 16(2), 239-258</td></tr><tr><td>Year:</td><td>2023</td></tr></table>"	https://doi.org/https://doi.org/10.1007/s12304-023-09530-1	1.0484	-0.1193	1	109	150	6	2.325	2023	6	2.325
110	rainer feistel (2023)	"<table><tr><td>Authors:</td><td>rainer feistel</td></tr><tr><td>Title:</td><td>on the evolution of symbols and prediction models</td></tr><tr><td>Source:</td><td>biosemiotics, 16(2), 311-371</td></tr><tr><td>Year:</td><td>2023</td></tr></table>"	https://doi.org/https://doi.org/10.1007/s12304-023-09528-9	-0.6004	0.5382	5	126	160	6	2.325	2023	6	2.325
111	alexei a. sharov (2009)	"<table><tr><td>Authors:</td><td>alexei a. sharov</td></tr><tr><td>Title:</td><td>role of utility and inference in the evolution of functional information</td></tr><tr><td>Source:</td><td>biosemiotics, 2(1), 101-115</td></tr><tr><td>Year:</td><td>2009</td></tr></table>"	https://doi.org/https://doi.org/10.1007/s12304-008-9032-2	-0.0338	-0.0862	5	166	236	21	1.3094	2009	21	1.3094
112	marcello barbieri (2014)	"<table><tr><td>Authors:</td><td>marcello barbieri</td></tr><tr><td>Title:</td><td>introduction to code biology</td></tr><tr><td>Source:</td><td>biosemiotics, 7(2), 167-179</td></tr><tr><td>Year:</td><td>2014</td></tr></table>"	https://doi.org/https://doi.org/10.1007/s12304-014-9212-1	-1.3247	-0.147	2	130	339	18	1.4421	2014	18	1.4421
113	james cole (2014)	"<table><tr><td>Authors:</td><td>james cole</td></tr><tr><td>Title:</td><td>hominin language development: a new method of archaeological assessment</td></tr><tr><td>Source:</td><td>biosemiotics, 8(1), 67-90</td></tr><tr><td>Year:</td><td>2014</td></tr></table>"	https://doi.org/https://doi.org/10.1007/s12304-014-9198-8	-0.1927	-0.7405	4	155	229	18	1.4421	2014	18	1.4421
114	argyris arnellos (2012)	"<table><tr><td>Authors:</td><td>argyris arnellos; luis emilio bruni; charbel niño el-hani; john collier</td></tr><tr><td>Title:</td><td>anticipatory functions, digital-analog forms and biosemiotics: integrating the tools to model information and normativity in autonomous biological agents</td></tr><tr><td>Source:</td><td>biosemiotics, 5(3), 331-367</td></tr><tr><td>Year:</td><td>2012</td></tr></table>"	https://doi.org/https://doi.org/10.1007/s12304-012-9146-4	-0.7252	-0.1049	7	263	674	18	1.0441	2012	18	1.0441
115	otávio bueno (2013)	"<table><tr><td>Authors:</td><td>otávio bueno</td></tr><tr><td>Title:</td><td>perception and conception: shaping human minds</td></tr><tr><td>Source:</td><td>biosemiotics, 6(3), 323-336</td></tr><tr><td>Year:</td><td>2013</td></tr></table>"	https://doi.org/https://doi.org/10.1007/s12304-013-9170-z	-0.0467	-0.2015	9	32	34	18	2.2268	2013	18	2.2268
116	wendy wheeler (2014a)	"<table><tr><td>Authors:</td><td>wendy wheeler</td></tr><tr><td>Title:</td><td>a connoisseur of magical coincidences: chance, creativity and poiesis from a biosemiotic perspective</td></tr><tr><td>Source:</td><td>biosemiotics, 7(3), 389-404</td></tr><tr><td>Year:</td><td>2014</td></tr></table>"	https://doi.org/https://doi.org/10.1007/s12304-014-9218-8	-0.0086	-0.2004	7	153	251	17	1.362	2014	17	1.362
117	almo farina (2013)	"<table><tr><td>Authors:</td><td>almo farina; nadia pieretti</td></tr><tr><td>Title:</td><td>from umwelt to soundtope: an epistemological essay on cognitive ecology</td></tr><tr><td>Source:</td><td>biosemiotics, 7(1), 1-10</td></tr><tr><td>Year:</td><td>2013</td></tr></table>"	https://doi.org/https://doi.org/10.1007/s12304-013-9191-7	0.2673	-0.3987	8	278	643	17	2.1031	2013	17	2.1031
118	ramsey affifi (2013b)	"<table><tr><td>Authors:</td><td>ramsey affifi</td></tr><tr><td>Title:</td><td>biological pedagogy as concern for semiotic growth</td></tr><tr><td>Source:</td><td>biosemiotics, 7(1), 73-88</td></tr><tr><td>Year:</td><td>2013</td></tr></table>"	https://doi.org/https://doi.org/10.1007/s12304-013-9178-4	0.1928	-0.0941	4	223	339	17	2.1031	2013	17	2.1031
119	alexei a. sharov (2016c)	"<table><tr><td>Authors:</td><td>alexei a. sharov; timo maran; morten tønnessen</td></tr><tr><td>Title:</td><td>comprehending the semiosis of evolution</td></tr><tr><td>Source:</td><td>biosemiotics, 9(1), 1-6</td></tr><tr><td>Year:</td><td>2016</td></tr></table>"	https://doi.org/https://doi.org/10.1007/s12304-016-9262-7	-0.0878	0.2018	6	146	197	17	1.6038	2016	17	1.6038
120	timo maran (2017a)	"<table><tr><td>Authors:</td><td>timo maran</td></tr><tr><td>Title:</td><td>on the diversity of environmental signs: a typological approach</td></tr><tr><td>Source:</td><td>biosemiotics, 10(3), 355-368</td></tr><tr><td>Year:</td><td>2017</td></tr></table>"	https://doi.org/https://doi.org/10.1007/s12304-017-9308-5	0.7419	-0.463	8	222	383	17	1.5973	2017	17	1.5973
121	almo farina (2018)	"<table><tr><td>Authors:</td><td>almo farina</td></tr><tr><td>Title:</td><td>rural sanctuary: an ecosemiotic agency to preserve human cultural heritage and biodiversity</td></tr><tr><td>Source:</td><td>biosemiotics, 11(1), 139-158</td></tr><tr><td>Year:</td><td>2018</td></tr></table>"	https://doi.org/https://doi.org/10.1007/s12304-018-9319-x	1.0974	-0.4479	8	141	269	17	2.2368	2018	17	2.2368
122	jeffrey v. peterson (2018)	"<table><tr><td>Authors:</td><td>jeffrey v. peterson; ann marie thornburg; marc kissel; christopher ball; agustín fuentes</td></tr><tr><td>Title:</td><td>semiotic mechanisms underlying niche construction</td></tr><tr><td>Source:</td><td>biosemiotics, 11(2), 181-198</td></tr><tr><td>Year:</td><td>2018</td></tr></table>"	https://doi.org/https://doi.org/10.1007/s12304-018-9323-1	0.1865	-0.0858	4	209	307	17	2.2368	2018	17	2.2368
123	jesper hoffmeyer (2015c)	"<table><tr><td>Authors:</td><td>jesper hoffmeyer</td></tr><tr><td>Title:</td><td>semiotic scaffolding of multicellularity</td></tr><tr><td>Source:</td><td>biosemiotics, 8(2), 159-171</td></tr><tr><td>Year:</td><td>2015</td></tr></table>"	https://doi.org/https://doi.org/10.1007/s12304-015-9231-6	-0.4631	0.1141	5	135	194	16	0.4248	2015	16	0.4248
124	amelia lewis (2020a)	"<table><tr><td>Authors:</td><td>amelia lewis</td></tr><tr><td>Title:</td><td>total umwelten create shared meaning the emergent properties of animal groups as a result of social signalling</td></tr><tr><td>Source:</td><td>biosemiotics, 13(3), 431-441</td></tr><tr><td>Year:</td><td>2020</td></tr></table>"	https://doi.org/https://doi.org/10.1007/s12304-020-09395-8	0.1872	0.1294	1	93	116	16	1.9439	2020	16	1.9439
125	sigmund ongstad (2022a)	"<table><tr><td>Authors:</td><td>sigmund ongstad</td></tr><tr><td>Title:</td><td>perceptions of context. epistemological and methodological implications for meta-studying zoo-communication</td></tr><tr><td>Source:</td><td>biosemiotics, 15(3), 497-518</td></tr><tr><td>Year:</td><td>2022</td></tr></table>"	https://doi.org/https://doi.org/10.1007/s12304-022-09504-9	0.3575	0.241	1	85	139	10	1.9665	2022	10	1.9665
126	nicola zengiaro (2024)	"<table><tr><td>Authors:</td><td>nicola zengiaro</td></tr><tr><td>Title:</td><td>vibrant worlds: an artistic interpretation of material intelligence in the spider’s umwelt</td></tr><tr><td>Source:</td><td>biosemiotics, 17(2), 671-691</td></tr><tr><td>Year:</td><td>2024</td></tr></table>"	https://doi.org/https://doi.org/10.1007/s12304-024-09580-z	0.8561	0.2333	1	139	170	2	2.5161	2024	2	2.5161
127	valeria burgio (2024a)	"<table><tr><td>Authors:</td><td>valeria burgio; roberta raffaetà</td></tr><tr><td>Title:</td><td>organizing microbial diversity and interspecies relations through diagrams: trees, maps, and the visual semiotics of the living</td></tr><tr><td>Source:</td><td>biosemiotics</td></tr><tr><td>Year:</td><td>2024</td></tr></table>"	https://doi.org/https://doi.org/10.1007/s12304-024-09586-7	0.1164	0.3664	1	95	105	2	2.5161	2024	2	2.5161
128	almo farina (2010)	"<table><tr><td>Authors:</td><td>almo farina; brian m. napoletano</td></tr><tr><td>Title:</td><td>rethinking the landscape: new theoretical perspectives for a powerful agency</td></tr><tr><td>Source:</td><td>biosemiotics, 3(2), 177-187</td></tr><tr><td>Year:</td><td>2010</td></tr></table>"	https://doi.org/https://doi.org/10.1007/s12304-010-9086-9	0.9503	-0.5107	8	137	236	18	1.2649	2010	18	1.2649
129	anton markoš (2009)	"<table><tr><td>Authors:</td><td>anton markoš; jana švorcová</td></tr><tr><td>Title:</td><td>recorded versus organic memory: interaction of two worlds as demonstrated by the chromatin dynamics</td></tr><tr><td>Source:</td><td>biosemiotics, 2(2), 131-149</td></tr><tr><td>Year:</td><td>2009</td></tr></table>"	https://doi.org/https://doi.org/10.1007/s12304-009-9045-5	-0.8603	-0.3841	2	192	328	18	1.1223	2009	18	1.1223
130	bernhard h. f. weber (2009a)	"<table><tr><td>Authors:</td><td>bernhard h. f. weber</td></tr><tr><td>Title:</td><td>on the emergence of living systems</td></tr><tr><td>Source:</td><td>biosemiotics, 2(3), 343-359</td></tr><tr><td>Year:</td><td>2009</td></tr></table>"	https://doi.org/https://doi.org/10.1007/s12304-009-9060-6	-0.6196	-0.0111	5	254	415	18	1.1223	2009	18	1.1223
131	morten tønnessen (2010a)	"<table><tr><td>Authors:</td><td>morten tønnessen</td></tr><tr><td>Title:</td><td>steps to a semiotics of being</td></tr><tr><td>Source:</td><td>biosemiotics, 3(3), 375-392</td></tr><tr><td>Year:</td><td>2010</td></tr></table>"	https://doi.org/https://doi.org/10.1007/s12304-010-9074-0	0.462	-0.096	1	203	315	17	1.1946	2010	17	1.1946
132	liz stillwaggon swan (2010)	"<table><tr><td>Authors:</td><td>liz stillwaggon swan; louis j. goldberg</td></tr><tr><td>Title:</td><td>how is meaning grounded in the organism?</td></tr><tr><td>Source:</td><td>biosemiotics, 3(2), 131-146</td></tr><tr><td>Year:</td><td>2010</td></tr></table>"	https://doi.org/https://doi.org/10.1007/s12304-010-9072-2	-0.8875	-0.0487	9	87	112	17	1.1946	2010	17	1.1946
133	rachele malavasi (2013)	"<table><tr><td>Authors:</td><td>rachele malavasi; kalevi kull; almo farina</td></tr><tr><td>Title:</td><td>the acoustic codes: how animal sign processes create sound-topes and consortia via conflict avoidance</td></tr><tr><td>Source:</td><td>biosemiotics, 7(1), 89-95</td></tr><tr><td>Year:</td><td>2013</td></tr></table>"	https://doi.org/https://doi.org/10.1007/s12304-013-9177-5	1.2224	-0.3503	8	78	143	15	1.8557	2013	15	1.8557
134	jaime f. cárdenas‐garcía (2017)	"<table><tr><td>Authors:</td><td>jaime f. cárdenas‐garcía; tim ireland</td></tr><tr><td>Title:</td><td>human distributed cognition from an organism-in-its-environment perspective</td></tr><tr><td>Source:</td><td>biosemiotics, 10(2), 265-278</td></tr><tr><td>Year:</td><td>2017</td></tr></table>"	https://doi.org/https://doi.org/10.1007/s12304-017-9293-8	-0.4457	-0.1648	7	128	198	15	1.4094	2017	15	1.4094
135	enrique font (2018)	"<table><tr><td>Authors:</td><td>enrique font</td></tr><tr><td>Title:</td><td>mimicry, camouflage and perceptual exploitation: the evolution of deception in nature</td></tr><tr><td>Source:</td><td>biosemiotics, 12(1), 7-24</td></tr><tr><td>Year:</td><td>2018</td></tr></table>"	https://doi.org/https://doi.org/10.1007/s12304-018-9339-6	0.8114	-0.4193	6	39	94	15	1.9737	2018	15	1.9737
136	josé manuel ureña gómez-moreno (2019)	"<table><tr><td>Authors:</td><td>josé manuel ureña gómez-moreno</td></tr><tr><td>Title:</td><td>the ‘mimic’ or ‘mimetic’ octopus? a cognitive-semiotic study of mimicry and deception in thaumoctopus mimicus</td></tr><tr><td>Source:</td><td>biosemiotics, 12(3), 441-467</td></tr><tr><td>Year:</td><td>2019</td></tr></table>"	https://doi.org/https://doi.org/10.1007/s12304-019-09362-y	0.5945	-0.466	6	224	343	15	2.5633	2019	15	2.5633
137	ines adornetti (2015)	"<table><tr><td>Authors:</td><td>ines adornetti</td></tr><tr><td>Title:</td><td>the phylogenetic foundations of discourse coherence: a pragmatic account of the evolution of language</td></tr><tr><td>Source:</td><td>biosemiotics, 8(3), 421-441</td></tr><tr><td>Year:</td><td>2015</td></tr></table>"	https://doi.org/https://doi.org/10.1007/s12304-015-9230-7	0.4054	-1.3503	6	135	193	14	0.3717	2015	14	0.3717
138	j. augustus bacigalupi (2022)	"<table><tr><td>Authors:</td><td>j. augustus bacigalupi</td></tr><tr><td>Title:</td><td>semiogenesis: a dynamic system approach to agency and structure</td></tr><tr><td>Source:</td><td>biosemiotics, 15(2), 261-284</td></tr><tr><td>Year:</td><td>2022</td></tr></table>"	https://doi.org/https://doi.org/10.1007/s12304-022-09494-8	0.3687	0.7784	3	43	52	9	1.7699	2022	9	1.7699
139	cary campbell (2022)	"<table><tr><td>Authors:</td><td>cary campbell</td></tr><tr><td>Title:</td><td>embracing the learning turn: the ecological context of learning</td></tr><tr><td>Source:</td><td>biosemiotics, 15(3), 469-481</td></tr><tr><td>Year:</td><td>2022</td></tr></table>"	https://doi.org/https://doi.org/10.1007/s12304-022-09507-6	0.3191	0.6173	3	194	293	9	1.7699	2022	9	1.7699
140	alf hornborg (2023)	"<table><tr><td>Authors:</td><td>alf hornborg</td></tr><tr><td>Title:</td><td>signs of life and death: the semiotic self-destruction of the biosphere</td></tr><tr><td>Source:</td><td>biosemiotics, 17(1), 11-26</td></tr><tr><td>Year:</td><td>2023</td></tr></table>"	https://doi.org/https://doi.org/10.1007/s12304-023-09536-9	0.7936	-0.012	1	111	136	5	1.9375	2023	5	1.9375
141	prisca augustyn (2008)	"<table><tr><td>Authors:</td><td>prisca augustyn</td></tr><tr><td>Title:</td><td>uexküll, peirce, and other affinities between biosemiotics and biolinguistics</td></tr><tr><td>Source:</td><td>biosemiotics, 2(1), 1-17</td></tr><tr><td>Year:</td><td>2008</td></tr></table>"	https://doi.org/https://doi.org/10.1007/s12304-008-9028-y	-0.0207	-0.176	1	212	401	19	1.1648	2008	19	1.1648
142	andreas weber (2010)	"<table><tr><td>Authors:</td><td>andreas weber</td></tr><tr><td>Title:</td><td>the book of desire: toward a biological poetics</td></tr><tr><td>Source:</td><td>biosemiotics, 4(2), 149-170</td></tr><tr><td>Year:</td><td>2010</td></tr></table>"	https://doi.org/https://doi.org/10.1007/s12304-010-9100-2	-0.0117	-0.3933	4	170	228	16	1.1243	2010	16	1.1243
143	yoshimi kawade (2009)	"<table><tr><td>Authors:</td><td>yoshimi kawade</td></tr><tr><td>Title:</td><td>on the nature of the subjectivity of living things</td></tr><tr><td>Source:</td><td>biosemiotics, 2(2), 205-220</td></tr><tr><td>Year:</td><td>2009</td></tr></table>"	https://doi.org/https://doi.org/10.1007/s12304-009-9041-9	-0.5944	-0.5331	4	212	321	16	0.9976	2009	16	0.9976
144	stanley n. salthe (2010)	"<table><tr><td>Authors:</td><td>stanley n. salthe</td></tr><tr><td>Title:</td><td>what is semiotics?</td></tr><tr><td>Source:</td><td>biosemiotics, 3(2), 245-251</td></tr><tr><td>Year:</td><td>2010</td></tr></table>"	https://doi.org/https://doi.org/10.1007/s12304-010-9090-0	0.9169	-0.9759	6	9	9	15	1.0541	2010	15	1.0541
145	karel kleisner (2010)	"<table><tr><td>Authors:</td><td>karel kleisner</td></tr><tr><td>Title:</td><td>perceive, co-opt, modify, and live! organism as a centre of experience</td></tr><tr><td>Source:</td><td>biosemiotics, 4(2), 223-241</td></tr><tr><td>Year:</td><td>2010</td></tr></table>"	https://doi.org/https://doi.org/10.1007/s12304-010-9093-x	-0.2626	-0.1988	6	100	135	15	1.0541	2010	15	1.0541
146	jonathan beever (2011)	"<table><tr><td>Authors:</td><td>jonathan beever</td></tr><tr><td>Title:</td><td>meaning matters: the biosemiotic basis of bioethics</td></tr><tr><td>Source:</td><td>biosemiotics, 5(2), 181-191</td></tr><tr><td>Year:</td><td>2011</td></tr></table>"	https://doi.org/https://doi.org/10.1007/s12304-011-9133-1	0.0144	0.1695	5	140	209	15	1.6535	2011	15	1.6535
147	kathryn staiano-ross (2011)	"<table><tr><td>Authors:</td><td>kathryn staiano-ross</td></tr><tr><td>Title:</td><td>the symptom</td></tr><tr><td>Source:</td><td>biosemiotics, 5(1), 33-45</td></tr><tr><td>Year:</td><td>2011</td></tr></table>"	https://doi.org/https://doi.org/10.1007/s12304-011-9112-6	0.4419	0.1374	1	119	148	15	1.6535	2011	15	1.6535
148	jaime f. cárdenas‐garcía (2013)	"<table><tr><td>Authors:</td><td>jaime f. cárdenas‐garcía</td></tr><tr><td>Title:</td><td>distributed cognition: an ectoderm-centric perspective</td></tr><tr><td>Source:</td><td>biosemiotics, 6(3), 337-350</td></tr><tr><td>Year:</td><td>2013</td></tr></table>"	https://doi.org/https://doi.org/10.1007/s12304-013-9166-8	-0.1461	-0.9357	4	118	133	14	1.732	2013	14	1.732
149	jindřich brejcha (2015)	"<table><tr><td>Authors:</td><td>jindřich brejcha; karel kleisner</td></tr><tr><td>Title:</td><td>turtles are not just walking stones: conspicuous coloration and sexual selection in freshwater turtles</td></tr><tr><td>Source:</td><td>biosemiotics, 9(2), 247-266</td></tr><tr><td>Year:</td><td>2015</td></tr></table>"	https://doi.org/https://doi.org/10.1007/s12304-015-9249-9	0.4436	-0.4106	6	196	315	13	0.3451	2015	13	0.3451
150	abhinav gautam (2013)	"<table><tr><td>Authors:</td><td>abhinav gautam; subhash kak</td></tr><tr><td>Title:</td><td>symbols, meaning, and origins of mind</td></tr><tr><td>Source:</td><td>biosemiotics, 6(3), 301-310</td></tr><tr><td>Year:</td><td>2013</td></tr></table>"	https://doi.org/https://doi.org/10.1007/s12304-013-9169-5	-0.5617	-0.1808	9	128	161	13	1.6082	2013	13	1.6082
151	dennis görlich (2013a)	"<table><tr><td>Authors:</td><td>dennis görlich; gabi escuela; gerd gruenert; peter dittrich; bashar ibrahim</td></tr><tr><td>Title:</td><td>molecular codes through complex formation in a model of the human inner kinetochore</td></tr><tr><td>Source:</td><td>biosemiotics, 7(2), 223-247</td></tr><tr><td>Year:</td><td>2013</td></tr></table>"	https://doi.org/https://doi.org/10.1007/s12304-013-9193-5	-0.8044	-0.2785	2	226	338	13	1.6082	2013	13	1.6082
152	maria isabel aldinhas ferreira (2013a)	"<table><tr><td>Authors:</td><td>maria isabel aldinhas ferreira; miguel caldas</td></tr><tr><td>Title:</td><td>the concept of umwelt overlap and its application to cooperative action in multi-agent systems</td></tr><tr><td>Source:</td><td>biosemiotics, 6(3), 497-514</td></tr><tr><td>Year:</td><td>2013</td></tr></table>"	https://doi.org/https://doi.org/10.1007/s12304-013-9185-5	0.524	-0.6706	11	63	80	13	1.6082	2013	13	1.6082
153	alexei a. sharov (2015b)	"<table><tr><td>Authors:</td><td>alexei a. sharov; timo maran; morten tønnessen</td></tr><tr><td>Title:</td><td>organisms reshape sign relations</td></tr><tr><td>Source:</td><td>biosemiotics, 8(3), 361-365</td></tr><tr><td>Year:</td><td>2015</td></tr></table>"	https://doi.org/https://doi.org/10.1007/s12304-015-9251-2	0.8178	-0.105	1	110	142	13	0.3451	2015	13	0.3451
154	sigmund ongstad (2019)	"<table><tr><td>Authors:</td><td>sigmund ongstad</td></tr><tr><td>Title:</td><td>a conceptual framework for studying evolutionary origins of life-genres</td></tr><tr><td>Source:</td><td>biosemiotics, 12(2), 245-266</td></tr><tr><td>Year:</td><td>2019</td></tr></table>"	https://doi.org/https://doi.org/10.1007/s12304-019-09358-8	0.151	-0.4947	6	213	347	13	2.2215	2019	13	2.2215
155	naoki nomura (2019)	"<table><tr><td>Authors:</td><td>naoki nomura; koichiro matsuno; tomoaki muranaka; jun tomita</td></tr><tr><td>Title:</td><td>how does time flow in living systems? retrocausal scaffolding and e-series time</td></tr><tr><td>Source:</td><td>biosemiotics, 12(2), 267-287</td></tr><tr><td>Year:</td><td>2019</td></tr></table>"	https://doi.org/https://doi.org/10.1007/s12304-019-09363-x	-0.208	0.2191	7	114	202	13	2.2215	2019	13	2.2215
156	franco giorgi (2015)	"<table><tr><td>Authors:</td><td>franco giorgi; luis emilio bruni</td></tr><tr><td>Title:</td><td>developmental scaffolding</td></tr><tr><td>Source:</td><td>biosemiotics, 8(2), 173-189</td></tr><tr><td>Year:</td><td>2015</td></tr></table>"	https://doi.org/https://doi.org/10.1007/s12304-015-9235-2	-0.6083	-0.3793	4	210	359	13	0.3451	2015	13	0.3451
157	claus emmeche (2014)	"<table><tr><td>Authors:</td><td>claus emmeche</td></tr><tr><td>Title:</td><td>semiotic scaffolding of the social self in reflexivity and friendship</td></tr><tr><td>Source:</td><td>biosemiotics, 8(2), 275-289</td></tr><tr><td>Year:</td><td>2014</td></tr></table>"	https://doi.org/https://doi.org/10.1007/s12304-014-9221-0	-0.3133	-0.5595	4	207	291	12	0.9614	2014	12	0.9614
158	j. h. van hateren (2015)	"<table><tr><td>Authors:</td><td>j. h. van hateren</td></tr><tr><td>Title:</td><td>the natural emergence of (bio)semiosic phenomena</td></tr><tr><td>Source:</td><td>biosemiotics, 8(3), 403-419</td></tr><tr><td>Year:</td><td>2015</td></tr></table>"	https://doi.org/https://doi.org/10.1007/s12304-015-9241-4	-0.2911	0.1263	3	272	455	12	0.3186	2015	12	0.3186
159	sigmund ongstad (2021)	"<table><tr><td>Authors:</td><td>sigmund ongstad</td></tr><tr><td>Title:</td><td>can animals refer? meta-positioning studies of animal semantics</td></tr><tr><td>Source:</td><td>biosemiotics, 14(2), 433-457</td></tr><tr><td>Year:</td><td>2021</td></tr></table>"	https://doi.org/https://doi.org/10.1007/s12304-021-09401-7	0.1864	-0.2272	6	141	268	11	1.9873	2021	11	1.9873
160	juan carlos mendoza-collazos (2022)	"<table><tr><td>Authors:</td><td>juan carlos mendoza-collazos; jordan zlatev</td></tr><tr><td>Title:</td><td>a cognitive-semiotic approach to agency: assessing ideas from cognitive science and neuroscience</td></tr><tr><td>Source:</td><td>biosemiotics, 15(1), 141-170</td></tr><tr><td>Year:</td><td>2022</td></tr></table>"	https://doi.org/https://doi.org/10.1007/s12304-022-09473-z	0.4062	-0.1418	6	158	221	8	1.5732	2022	8	1.5732
161	kristina šekrst (2022)	"<table><tr><td>Authors:</td><td>kristina šekrst</td></tr><tr><td>Title:</td><td>everybody lies: deception levels in various domains of life</td></tr><tr><td>Source:</td><td>biosemiotics, 15(2), 309-324</td></tr><tr><td>Year:</td><td>2022</td></tr></table>"	https://doi.org/https://doi.org/10.1007/s12304-022-09485-9	0.9485	-0.3004	6	32	48	8	1.5732	2022	8	1.5732
162	alin olteanu (2022a)	"<table><tr><td>Authors:</td><td>alin olteanu</td></tr><tr><td>Title:</td><td>learning as becoming conscious: a note on jablonka and ginsburg’s notion of learning</td></tr><tr><td>Source:</td><td>biosemiotics, 15(3), 457-467</td></tr><tr><td>Year:</td><td>2022</td></tr></table>"	https://doi.org/https://doi.org/10.1007/s12304-022-09510-x	0.5562	0.6201	1	150	246	8	1.5732	2022	8	1.5732
163	morten tønnessen (2022)	"<table><tr><td>Authors:</td><td>morten tønnessen</td></tr><tr><td>Title:</td><td>the evolutionary origin(s) of the umwelt</td></tr><tr><td>Source:</td><td>biosemiotics, 15(3), 451-455</td></tr><tr><td>Year:</td><td>2022</td></tr></table>"	https://doi.org/https://doi.org/10.1007/s12304-022-09506-7	0.6456	0.5846	1	86	108	8	1.5732	2022	8	1.5732
164	kalevi kull (2022b)	"<table><tr><td>Authors:</td><td>kalevi kull; donald favareau</td></tr><tr><td>Title:</td><td>there is umwelt before consciousness, and learning transverses both</td></tr><tr><td>Source:</td><td>biosemiotics, 15(3), 491-495</td></tr><tr><td>Year:</td><td>2022</td></tr></table>"	https://doi.org/https://doi.org/10.1007/s12304-022-09513-8	0.2364	0.5594	3	249	408	8	1.5732	2022	8	1.5732
165	luis emilio bruni (2008)	"<table><tr><td>Authors:</td><td>luis emilio bruni</td></tr><tr><td>Title:</td><td>hierarchical categorical perception in sensing and cognitive processes</td></tr><tr><td>Source:</td><td>biosemiotics, 1(1), 113-130</td></tr><tr><td>Year:</td><td>2008</td></tr></table>"	https://doi.org/https://doi.org/10.1007/s12304-008-9001-9	-0.8259	-0.1049	2	210	449	16	0.9808	2008	16	0.9808
166	liz stillwaggon swan (2009)	"<table><tr><td>Authors:</td><td>liz stillwaggon swan; louis j. goldberg</td></tr><tr><td>Title:</td><td>biosymbols: symbols in life and mind</td></tr><tr><td>Source:</td><td>biosemiotics, 3(1), 17-31</td></tr><tr><td>Year:</td><td>2009</td></tr></table>"	https://doi.org/https://doi.org/10.1007/s12304-009-9066-0	-0.5398	-0.1718	9	54	63	15	0.9353	2009	15	0.9353
167	louis j. goldberg (2010)	"<table><tr><td>Authors:</td><td>louis j. goldberg; liz stillwaggon swan</td></tr><tr><td>Title:</td><td>a biosemiotic analysis of braille</td></tr><tr><td>Source:</td><td>biosemiotics, 4(1), 25-38</td></tr><tr><td>Year:</td><td>2010</td></tr></table>"	https://doi.org/https://doi.org/10.1007/s12304-010-9092-y	-0.5513	-0.2816	9	68	89	14	0.9838	2010	14	0.9838
169	timo maran (2010b)	"<table><tr><td>Authors:</td><td>timo maran</td></tr><tr><td>Title:</td><td>why was thomas a. sebeok not a cognitive ethologist? from “animal mind” to “semiotic self”</td></tr><tr><td>Source:</td><td>biosemiotics, 3(3), 315-329</td></tr><tr><td>Year:</td><td>2010</td></tr></table>"	https://doi.org/https://doi.org/10.1007/s12304-010-9079-8	0.3752	-0.1738	1	81	117	14	0.9838	2010	14	0.9838
170	koichiro matsuno (2010)	"<table><tr><td>Authors:</td><td>koichiro matsuno</td></tr><tr><td>Title:</td><td>framework of space and time from the proto-semiotic perspective</td></tr><tr><td>Source:</td><td>biosemiotics, 4(1), 103-118</td></tr><tr><td>Year:</td><td>2010</td></tr></table>"	https://doi.org/https://doi.org/10.1007/s12304-010-9110-0	-0.8462	0.0963	5	115	133	13	0.9135	2010	13	0.9135
171	kati lindström (2010a)	"<table><tr><td>Authors:</td><td>kati lindström</td></tr><tr><td>Title:</td><td>autocommunication and perceptual markers in landscape: japanese examples</td></tr><tr><td>Source:</td><td>biosemiotics, 3(3), 359-373</td></tr><tr><td>Year:</td><td>2010</td></tr></table>"	https://doi.org/https://doi.org/10.1007/s12304-010-9082-0	0.9156	-0.4463	8	39	58	13	0.9135	2010	13	0.9135
172	victor p. shcherbakov (2011)	"<table><tr><td>Authors:</td><td>victor p. shcherbakov</td></tr><tr><td>Title:</td><td>stasis is an inevitable consequence of every successful evolution</td></tr><tr><td>Source:</td><td>biosemiotics, 5(2), 227-245</td></tr><tr><td>Year:</td><td>2011</td></tr></table>"	https://doi.org/https://doi.org/10.1007/s12304-011-9122-4	-0.6314	-0.3999	4	176	244	13	1.4331	2011	13	1.4331
173	sara cannizzaro (2012)	"<table><tr><td>Authors:</td><td>sara cannizzaro</td></tr><tr><td>Title:</td><td>where did information go? reflections on the logical status of information in a cybernetic and semiotic perspective</td></tr><tr><td>Source:</td><td>biosemiotics, 6(1), 105-123</td></tr><tr><td>Year:</td><td>2012</td></tr></table>"	https://doi.org/https://doi.org/10.1007/s12304-012-9154-4	0.1565	-0.2167	8	210	393	12	0.6961	2012	12	0.6961
174	dennis p. waters (2011)	"<table><tr><td>Authors:</td><td>dennis p. waters</td></tr><tr><td>Title:</td><td>von neumann’s theory of self-reproducing automata: a useful framework for biosemiotics?</td></tr><tr><td>Source:</td><td>biosemiotics, 5(1), 5-15</td></tr><tr><td>Year:</td><td>2011</td></tr></table>"	https://doi.org/https://doi.org/10.1007/s12304-011-9127-z	-1.0622	0.1065	2	105	175	12	1.3228	2011	12	1.3228
175	nelly mäekivi (2018)	"<table><tr><td>Authors:</td><td>nelly mäekivi</td></tr><tr><td>Title:</td><td>freedom in captivity: managing zoo animals according to the ‘five freedoms’</td></tr><tr><td>Source:</td><td>biosemiotics, 11(1), 7-25</td></tr><tr><td>Year:</td><td>2018</td></tr></table>"	https://doi.org/https://doi.org/10.1007/s12304-018-9311-5	0.8786	-0.2646	1	43	62	12	1.5789	2018	12	1.5789
176	naoki nomura (2018)	"<table><tr><td>Authors:</td><td>naoki nomura; tomoaki muranaka; jun tomita; koichiro matsuno</td></tr><tr><td>Title:</td><td>time from semiosis: e-series time for living systems</td></tr><tr><td>Source:</td><td>biosemiotics, 11(1), 65-83</td></tr><tr><td>Year:</td><td>2018</td></tr></table>"	https://doi.org/https://doi.org/10.1007/s12304-018-9316-0	-0.2263	0.1352	7	198	294	12	1.5789	2018	12	1.5789
177	jonathan beever (2013a)	"<table><tr><td>Authors:</td><td>jonathan beever; morten tønnessen</td></tr><tr><td>Title:</td><td>“darwin und die englische moral”: the moral consequences of uexküll’s umwelt theory</td></tr><tr><td>Source:</td><td>biosemiotics, 6(3), 437-447</td></tr><tr><td>Year:</td><td>2013</td></tr></table>"	https://doi.org/https://doi.org/10.1007/s12304-013-9180-x	0.5012	-0.0634	11	186	259	11	1.3608	2013	11	1.3608
178	anton markoš (2015)	"<table><tr><td>Authors:</td><td>anton markoš</td></tr><tr><td>Title:</td><td>the birth and life of species–cultures</td></tr><tr><td>Source:</td><td>biosemiotics, 9(1), 73-84</td></tr><tr><td>Year:</td><td>2015</td></tr></table>"	https://doi.org/https://doi.org/10.1007/s12304-015-9252-1	-0.7356	0.1147	2	149	262	11	0.292	2015	11	0.292
179	j. scott turner (2016)	"<table><tr><td>Authors:</td><td>j. scott turner</td></tr><tr><td>Title:</td><td>semiotics of a superorganism</td></tr><tr><td>Source:</td><td>biosemiotics, 9(1), 85-102</td></tr><tr><td>Year:</td><td>2016</td></tr></table>"	https://doi.org/https://doi.org/10.1007/s12304-016-9256-5	0.2327	-0.2185	11	58	77	11	1.0377	2016	11	1.0377
180	timo maran (2020)	"<table><tr><td>Authors:</td><td>timo maran</td></tr><tr><td>Title:</td><td>ecological repertoire analysis: a method of interaction-based semiotic study for multispecies environments</td></tr><tr><td>Source:</td><td>biosemiotics, 13(1), 63-75</td></tr><tr><td>Year:</td><td>2020</td></tr></table>"	https://doi.org/https://doi.org/10.1007/s12304-020-09378-9	1.0969	-0.3197	8	132	233	11	1.3364	2020	11	1.3364
181	mark pharoah (2020)	"<table><tr><td>Authors:</td><td>mark pharoah</td></tr><tr><td>Title:</td><td>causation and information: where is biological meaning to be found?</td></tr><tr><td>Source:</td><td>biosemiotics, 13(3), 309-326</td></tr><tr><td>Year:</td><td>2020</td></tr></table>"	https://doi.org/https://doi.org/10.1007/s12304-020-09397-6	-0.4456	0.006	7	167	349	11	1.3364	2020	11	1.3364
182	filip jaroš (2016)	"<table><tr><td>Authors:</td><td>filip jaroš</td></tr><tr><td>Title:</td><td>cats and human societies: a world of interspecific interaction and interpretation</td></tr><tr><td>Source:</td><td>biosemiotics, 9(2), 287-306</td></tr><tr><td>Year:</td><td>2016</td></tr></table>"	https://doi.org/https://doi.org/10.1007/s12304-016-9253-8	1.0219	-0.1518	1	41	77	10	0.9434	2016	10	0.9434
183	scott f. gilbert (2016)	"<table><tr><td>Authors:</td><td>scott f. gilbert</td></tr><tr><td>Title:</td><td>ecological developmental biology: interpreting developmental signs</td></tr><tr><td>Source:</td><td>biosemiotics, 9(1), 51-60</td></tr><tr><td>Year:</td><td>2016</td></tr></table>"	https://doi.org/https://doi.org/10.1007/s12304-016-9257-4	-0.6297	0.2517	5	50	64	10	0.9434	2016	10	0.9434
184	claudio julio rodríguez higuera (2016)	"<table><tr><td>Authors:</td><td>claudio julio rodríguez higuera</td></tr><tr><td>Title:</td><td>just how emergent is the emergence of semiosis?</td></tr><tr><td>Source:</td><td>biosemiotics, 9(2), 155-167</td></tr><tr><td>Year:</td><td>2016</td></tr></table>"	https://doi.org/https://doi.org/10.1007/s12304-016-9265-4	0.3087	-0.286	4	239	458	10	0.9434	2016	10	0.9434
185	almo farina (2021b)	"<table><tr><td>Authors:</td><td>almo farina; philip james</td></tr><tr><td>Title:</td><td>vivoscapes: an ecosemiotic contribution to the ecological theory</td></tr><tr><td>Source:</td><td>biosemiotics, 14(2), 419-431</td></tr><tr><td>Year:</td><td>2021</td></tr></table>"	https://doi.org/https://doi.org/10.1007/s12304-021-09406-2	1.0326	-0.4187	8	125	218	10	1.8066	2021	10	1.8066
186	farouk y. seif (2022)	"<table><tr><td>Authors:</td><td>farouk y. seif</td></tr><tr><td>Title:</td><td>de-sign agency as the envoy of intentionality: trajectories toward cultural sensitivity and environmental sensibility</td></tr><tr><td>Source:</td><td>biosemiotics, 15(2), 285-307</td></tr><tr><td>Year:</td><td>2022</td></tr></table>"	https://doi.org/https://doi.org/10.1007/s12304-022-09491-x	-0.3429	0.2771	5	193	272	7	1.3766	2022	7	1.3766
187	federico bellentani (2022)	"<table><tr><td>Authors:</td><td>federico bellentani; daria arkhipova</td></tr><tr><td>Title:</td><td>the built environment in social media: towards a biosemiotic approach</td></tr><tr><td>Source:</td><td>biosemiotics, 15(2), 193-213</td></tr><tr><td>Year:</td><td>2022</td></tr></table>"	https://doi.org/https://doi.org/10.1007/s12304-022-09497-5	0.7789	0.1375	1	94	126	7	1.3766	2022	7	1.3766
188	jana švorcová (2023)	"<table><tr><td>Authors:</td><td>jana švorcová; anton markoš</td></tr><tr><td>Title:</td><td>closures as a precondition of life, agency, and semiosis</td></tr><tr><td>Source:</td><td>biosemiotics, 16(1), 45-59</td></tr><tr><td>Year:</td><td>2023</td></tr></table>"	https://doi.org/https://doi.org/10.1007/s12304-023-09520-3	-0.2251	0.2452	6	102	127	4	1.55	2023	4	1.55
189	anne sophie meincke (2023)	"<table><tr><td>Authors:</td><td>anne sophie meincke</td></tr><tr><td>Title:</td><td>the metaphysics of living consciousness: metabolism, agency and purposiveness</td></tr><tr><td>Source:</td><td>biosemiotics, 16(2), 281-290</td></tr><tr><td>Year:</td><td>2023</td></tr></table>"	https://doi.org/https://doi.org/10.1007/s12304-023-09531-0	0.177	0.8384	3	87	112	4	1.55	2023	4	1.55
190	sergio torres–martínez (2023)	"<table><tr><td>Authors:</td><td>sergio torres–martínez</td></tr><tr><td>Title:</td><td>an integrated bayesian-heuristic semiotic model for understanding human and sars-cov-2 representational structures</td></tr><tr><td>Source:</td><td>biosemiotics, 16(3), 415-439</td></tr><tr><td>Year:</td><td>2023</td></tr></table>"	https://doi.org/https://doi.org/10.1007/s12304-023-09546-7	0.4821	0.3847	1	153	208	4	1.55	2023	4	1.55
191	riin magnus (2008)	"<table><tr><td>Authors:</td><td>riin magnus</td></tr><tr><td>Title:</td><td>biosemiotics within and without biological holism: a semio-historical analysis</td></tr><tr><td>Source:</td><td>biosemiotics, 1(3), 379-396</td></tr><tr><td>Year:</td><td>2008</td></tr></table>"	https://doi.org/https://doi.org/10.1007/s12304-008-9021-5	0.2379	-0.2729	11	197	290	14	0.8582	2008	14	0.8582
192	yair neuman (2008)	"<table><tr><td>Authors:</td><td>yair neuman; ophir nave</td></tr><tr><td>Title:</td><td>on the semio-mathematical nature of codes</td></tr><tr><td>Source:</td><td>biosemiotics, 1(1), 99-111</td></tr><tr><td>Year:</td><td>2008</td></tr></table>"	https://doi.org/https://doi.org/10.1007/s12304-008-9004-6	-1.2099	-0.0867	2	146	252	14	0.8582	2008	14	0.8582
193	koichiro matsuno (2008)	"<table><tr><td>Authors:</td><td>koichiro matsuno</td></tr><tr><td>Title:</td><td>molecular semiotics toward the emergence of life</td></tr><tr><td>Source:</td><td>biosemiotics, 1(1), 131-144</td></tr><tr><td>Year:</td><td>2008</td></tr></table>"	https://doi.org/https://doi.org/10.1007/s12304-008-9002-8	-1.2152	0.4271	5	6	13	13	0.7969	2008	13	0.7969
194	timo maran (2010c)	"<table><tr><td>Authors:</td><td>timo maran</td></tr><tr><td>Title:</td><td>becoming a sign: the mimic’s activity in biological mimicry</td></tr><tr><td>Source:</td><td>biosemiotics, 4(2), 243-257</td></tr><tr><td>Year:</td><td>2010</td></tr></table>"	https://doi.org/https://doi.org/10.1007/s12304-010-9095-8	0.6932	-0.5693	6	117	189	12	0.8432	2010	12	0.8432
195	maria isabel aldinhas ferreira (2010)	"<table><tr><td>Authors:</td><td>maria isabel aldinhas ferreira</td></tr><tr><td>Title:</td><td>on meaning: a biosemiotic approach</td></tr><tr><td>Source:</td><td>biosemiotics, 3(1), 107-130</td></tr><tr><td>Year:</td><td>2010</td></tr></table>"	https://doi.org/https://doi.org/10.1007/s12304-009-9068-y	-0.1287	-0.8433	4	52	76	12	0.8432	2010	12	0.8432
196	morten tønnessen (2010b)	"<table><tr><td>Authors:</td><td>morten tønnessen</td></tr><tr><td>Title:</td><td>wolf land</td></tr><tr><td>Source:</td><td>biosemiotics, 3(3), 289-297</td></tr><tr><td>Year:</td><td>2010</td></tr></table>"	https://doi.org/https://doi.org/10.1007/s12304-010-9077-x	-1.0565	0.3952	2	4	4	12	0.8432	2010	12	0.8432
197	marcello barbieri (2012d)	"<table><tr><td>Authors:</td><td>marcello barbieri</td></tr><tr><td>Title:</td><td>what is information?</td></tr><tr><td>Source:</td><td>biosemiotics, 5(2), 147-152</td></tr><tr><td>Year:</td><td>2012</td></tr></table>"	https://doi.org/https://doi.org/10.1007/s12304-012-9142-8	-1.3759	0.1625	2	83	159	11	0.6381	2012	11	0.6381
198	joão queiroz (2012)	"<table><tr><td>Authors:</td><td>joão queiroz</td></tr><tr><td>Title:</td><td>dicent symbols in non-human semiotic processes</td></tr><tr><td>Source:</td><td>biosemiotics, 5(3), 319-329</td></tr><tr><td>Year:</td><td>2012</td></tr></table>"	https://doi.org/https://doi.org/10.1007/s12304-011-9138-9	-0.2113	-0.6544	10	173	246	11	0.6381	2012	11	0.6381
199	victoria n. alexander (2012)	"<table><tr><td>Authors:</td><td>victoria n. alexander</td></tr><tr><td>Title:</td><td>creativity: self-referential mistaking, not negating</td></tr><tr><td>Source:</td><td>biosemiotics, 6(2), 253-272</td></tr><tr><td>Year:</td><td>2012</td></tr></table>"	https://doi.org/https://doi.org/10.1007/s12304-012-9158-0	-0.42	0.0639	5	194	386	11	0.6381	2012	11	0.6381
200	prakash mondal (2011)	"<table><tr><td>Authors:</td><td>prakash mondal</td></tr><tr><td>Title:</td><td>can internalism and externalism be reconciled in a biological epistemology of language?</td></tr><tr><td>Source:</td><td>biosemiotics, 5(1), 61-82</td></tr><tr><td>Year:</td><td>2011</td></tr></table>"	https://doi.org/https://doi.org/10.1007/s12304-011-9120-6	-0.0684	-0.5122	6	74	140	11	1.2126	2011	11	1.2126
201	о. v. dobrovolska (2018)	"<table><tr><td>Authors:</td><td>о. v. dobrovolska</td></tr><tr><td>Title:</td><td>interrelationship between fractal ornament and multilevel selection theory</td></tr><tr><td>Source:</td><td>biosemiotics, 11(2), 287-305</td></tr><tr><td>Year:</td><td>2018</td></tr></table>"	https://doi.org/https://doi.org/10.1007/s12304-018-9327-x	-0.0586	0.375	3	124	179	11	1.4474	2018	11	1.4474
202	jesper hoffmeyer (2018)	"<table><tr><td>Authors:</td><td>jesper hoffmeyer</td></tr><tr><td>Title:</td><td>knowledge is never just there</td></tr><tr><td>Source:</td><td>biosemiotics, 11(1), 1-5</td></tr><tr><td>Year:</td><td>2018</td></tr></table>"	https://doi.org/https://doi.org/10.1007/s12304-018-9320-4	-0.601	-0.1476	9	34	38	11	1.4474	2018	11	1.4474
203	karel kleisner (2018)	"<table><tr><td>Authors:</td><td>karel kleisner; s. adil sarıbay</td></tr><tr><td>Title:</td><td>the dual nature of mimicry: organismal form and beholder’s eye</td></tr><tr><td>Source:</td><td>biosemiotics, 12(1), 79-98</td></tr><tr><td>Year:</td><td>2018</td></tr></table>"	https://doi.org/https://doi.org/10.1007/s12304-018-9333-z	0.5067	-0.0767	6	59	123	11	1.4474	2018	11	1.4474
204	tim ireland (2015)	"<table><tr><td>Authors:</td><td>tim ireland</td></tr><tr><td>Title:</td><td>the spatiality of being</td></tr><tr><td>Source:</td><td>biosemiotics, 8(3), 381-401</td></tr><tr><td>Year:</td><td>2015</td></tr></table>"	https://doi.org/https://doi.org/10.1007/s12304-014-9227-7	-0.2958	-0.2389	4	195	284	10	0.2655	2015	10	0.2655
205	marcello barbieri (2012e)	"<table><tr><td>Authors:</td><td>marcello barbieri</td></tr><tr><td>Title:</td><td>organic semiosis and peircean semiosis</td></tr><tr><td>Source:</td><td>biosemiotics, 6(2), 273-289</td></tr><tr><td>Year:</td><td>2012</td></tr></table>"	https://doi.org/https://doi.org/10.1007/s12304-012-9161-5	-1.0104	-0.1367	2	182	410	10	0.58	2012	10	0.58
206	koichiro matsuno (2012)	"<table><tr><td>Authors:</td><td>koichiro matsuno</td></tr><tr><td>Title:</td><td>toward accommodating biosemiotics with experimental sciences</td></tr><tr><td>Source:</td><td>biosemiotics, 6(1), 125-141</td></tr><tr><td>Year:</td><td>2012</td></tr></table>"	https://doi.org/https://doi.org/10.1007/s12304-012-9156-2	-1.0625	0.3518	5	110	130	10	0.58	2012	10	0.58
207	stanley n. salthe (2014)	"<table><tr><td>Authors:</td><td>stanley n. salthe</td></tr><tr><td>Title:</td><td>creating the umwelt: from chance to choice</td></tr><tr><td>Source:</td><td>biosemiotics, 7(3), 351-359</td></tr><tr><td>Year:</td><td>2014</td></tr></table>"	https://doi.org/https://doi.org/10.1007/s12304-014-9204-1	-0.893	-0.3134	10	95	131	10	0.8012	2014	10	0.8012
208	riin magnus (2015)	"<table><tr><td>Authors:</td><td>riin magnus</td></tr><tr><td>Title:</td><td>the semiotic challenges of guide dog teams: the experiences of german, estonian and swedish guide dog users</td></tr><tr><td>Source:</td><td>biosemiotics, 9(2), 267-285</td></tr><tr><td>Year:</td><td>2015</td></tr></table>"	https://doi.org/https://doi.org/10.1007/s12304-015-9233-4	0.5669	-0.1819	1	60	88	10	0.2655	2015	10	0.2655
209	timo maran (2014)	"<table><tr><td>Authors:</td><td>timo maran</td></tr><tr><td>Title:</td><td>scaffolding and mimicry: a semiotic view of the evolutionary dynamics of mimicry systems</td></tr><tr><td>Source:</td><td>biosemiotics, 8(2), 211-222</td></tr><tr><td>Year:</td><td>2014</td></tr></table>"	https://doi.org/https://doi.org/10.1007/s12304-014-9223-y	0.1897	-0.342	6	222	376	10	0.8012	2014	10	0.8012
210	victoria n. alexander (2017)	"<table><tr><td>Authors:</td><td>victoria n. alexander; valerie grimes</td></tr><tr><td>Title:</td><td>fluid biosemiotic mechanisms underlie subconscious habits</td></tr><tr><td>Source:</td><td>biosemiotics, 10(3), 337-353</td></tr><tr><td>Year:</td><td>2017</td></tr></table>"	https://doi.org/https://doi.org/10.1007/s12304-017-9298-3	-0.4225	0.3683	5	131	182	10	0.9396	2017	10	0.9396
211	mariana vitti rodrigues (2017)	"<table><tr><td>Authors:</td><td>mariana vitti rodrigues; claus emmeche</td></tr><tr><td>Title:</td><td>abduction: can non-human animals make discoveries?</td></tr><tr><td>Source:</td><td>biosemiotics, 10(2), 295-313</td></tr><tr><td>Year:</td><td>2017</td></tr></table>"	https://doi.org/https://doi.org/10.1007/s12304-017-9300-0	-0.0433	-0.1784	7	192	286	10	0.9396	2017	10	0.9396
212	donald favareau (2017b)	"<table><tr><td>Authors:</td><td>donald favareau; arran gare</td></tr><tr><td>Title:</td><td>the biosemiotic glossary project: intentionality</td></tr><tr><td>Source:</td><td>biosemiotics, 10(3), 413-459</td></tr><tr><td>Year:</td><td>2017</td></tr></table>"	https://doi.org/https://doi.org/10.1007/s12304-017-9309-4	0.5812	0.0392	1	235	498	10	0.9396	2017	10	0.9396
213	ľudmila lacková (2018)	"<table><tr><td>Authors:</td><td>ľudmila lacková</td></tr><tr><td>Title:</td><td>a biosemiotic encyclopedia: an encyclopedic model for evolution</td></tr><tr><td>Source:</td><td>biosemiotics, 11(2), 307-322</td></tr><tr><td>Year:</td><td>2018</td></tr></table>"	https://doi.org/https://doi.org/10.1007/s12304-018-9325-z	-0.3263	0.344	3	62	81	10	1.3158	2018	10	1.3158
214	filip jaroš (2018)	"<table><tr><td>Authors:</td><td>filip jaroš</td></tr><tr><td>Title:</td><td>cat cultures and threefold modelling of human-animal interactions: on the example of estonian cat shelters</td></tr><tr><td>Source:</td><td>biosemiotics, 11(3), 365-386</td></tr><tr><td>Year:</td><td>2018</td></tr></table>"	https://doi.org/https://doi.org/10.1007/s12304-018-9332-0	1.009	-0.1116	1	48	77	10	1.3158	2018	10	1.3158
215	koichiro matsuno (2020)	"<table><tr><td>Authors:</td><td>koichiro matsuno</td></tr><tr><td>Title:</td><td>making the onset of semiosis comprehensible with use of quantum physics</td></tr><tr><td>Source:</td><td>biosemiotics, 13(2), 271-283</td></tr><tr><td>Year:</td><td>2020</td></tr></table>"	https://doi.org/https://doi.org/10.1007/s12304-020-09377-w	-0.7839	0.391	5	77	93	10	1.215	2020	10	1.215
216	matthew chrulew (2020)	"<table><tr><td>Authors:</td><td>matthew chrulew</td></tr><tr><td>Title:</td><td>reconstructing the worlds of wildlife: uexküll, hediger, and beyond</td></tr><tr><td>Source:</td><td>biosemiotics, 13(1), 137-149</td></tr><tr><td>Year:</td><td>2020</td></tr></table>"	https://doi.org/https://doi.org/10.1007/s12304-020-09376-x	0.8123	-0.0079	1	114	155	10	1.215	2020	10	1.215
217	nelly mäekivi (2020)	"<table><tr><td>Authors:</td><td>nelly mäekivi; riin magnus</td></tr><tr><td>Title:</td><td>hybrid natures — ecosemiotic and zoosemiotic perspectives</td></tr><tr><td>Source:</td><td>biosemiotics, 13(1), 1-7</td></tr><tr><td>Year:</td><td>2020</td></tr></table>"	https://doi.org/https://doi.org/10.1007/s12304-020-09382-z	0.736	-0.4902	1	10	12	10	1.215	2020	10	1.215
218	alin olteanu (2020)	"<table><tr><td>Authors:</td><td>alin olteanu; cary campbell; sebastian feil</td></tr><tr><td>Title:</td><td>naturalizing models: new perspectives in a peircean key</td></tr><tr><td>Source:</td><td>biosemiotics, 13(2), 179-197</td></tr><tr><td>Year:</td><td>2020</td></tr></table>"	https://doi.org/https://doi.org/10.1007/s12304-020-09385-w	0.1778	0.2001	3	309	646	10	1.215	2020	10	1.215
219	jordi gómez (2015)	"<table><tr><td>Authors:</td><td>jordi gómez; ascensión ariza‐mateos; isabel cacho</td></tr><tr><td>Title:</td><td>virus is a signal for the host cell</td></tr><tr><td>Source:</td><td>biosemiotics, 8(3), 483-491</td></tr><tr><td>Year:</td><td>2015</td></tr></table>"	https://doi.org/https://doi.org/10.1007/s12304-015-9245-0	-1.4317	0.1901	2	61	74	9	0.2389	2015	9	0.2389
220	lucie čadková (2014)	"<table><tr><td>Authors:</td><td>lucie čadková</td></tr><tr><td>Title:</td><td>do they speak language?</td></tr><tr><td>Source:</td><td>biosemiotics, 8(1), 9-27</td></tr><tr><td>Year:</td><td>2014</td></tr></table>"	https://doi.org/https://doi.org/10.1007/s12304-014-9225-9	0.4816	-0.4233	6	169	288	9	0.7211	2014	9	0.7211
221	p crittenden (2015)	"<table><tr><td>Authors:</td><td>p crittenden; andrea landini</td></tr><tr><td>Title:</td><td>attachment relationships as semiotic scaffolding systems</td></tr><tr><td>Source:</td><td>biosemiotics, 8(2), 257-273</td></tr><tr><td>Year:</td><td>2015</td></tr></table>"	https://doi.org/https://doi.org/10.1007/s12304-014-9224-x	-0.5157	-0.3053	4	161	211	9	0.2389	2015	9	0.2389
222	timo maran (2015)	"<table><tr><td>Authors:</td><td>timo maran</td></tr><tr><td>Title:</td><td>emergence of the “howling foxes”: a semiotic analysis of initial interpretations of the golden jackal (canis aureus) in estonia</td></tr><tr><td>Source:</td><td>biosemiotics, 8(3), 463-482</td></tr><tr><td>Year:</td><td>2015</td></tr></table>"	https://doi.org/https://doi.org/10.1007/s12304-015-9244-1	0.6922	-0.3653	1	257	445	9	0.2389	2015	9	0.2389
223	lenka ovčáčková (2024)	"<table><tr><td>Authors:</td><td>lenka ovčáčková; jana švorcová</td></tr><tr><td>Title:</td><td>metaphysics of the organic whole: ehrenfels, uexküll, and merleau-ponty</td></tr><tr><td>Source:</td><td>biosemiotics, 17(2), 341-360</td></tr><tr><td>Year:</td><td>2024</td></tr></table>"	https://doi.org/https://doi.org/10.1007/s12304-024-09562-1	0.4108	0.0911	1	73	80	1	1.2581	2024	1	1.2581
224	robert prinz (2024a)	"<table><tr><td>Authors:</td><td>robert prinz</td></tr><tr><td>Title:</td><td>how agents use biological codes and artifacts to interpret their innenwelt and make sense of their mitwelt</td></tr><tr><td>Source:</td><td>biosemiotics, 17(2), 647-654</td></tr><tr><td>Year:</td><td>2024</td></tr></table>"	https://doi.org/https://doi.org/10.1007/s12304-024-09566-x	-0.4985	0.5674	2	125	158	1	1.2581	2024	1	1.2581
225	tiago rama (2024)	"<table><tr><td>Authors:</td><td>tiago rama</td></tr><tr><td>Title:</td><td>the explanatory role of umwelt in evolutionary theory: introducing von baer’s reflections on teleological development</td></tr><tr><td>Source:</td><td>biosemiotics, 17(2), 361-386</td></tr><tr><td>Year:</td><td>2024</td></tr></table>"	https://doi.org/https://doi.org/10.1007/s12304-024-09569-8	0.0187	0.6049	5	100	132	1	1.2581	2024	1	1.2581
226	andrew mark creighton (2024)	"<table><tr><td>Authors:</td><td>andrew mark creighton</td></tr><tr><td>Title:</td><td>the ecosemiotics of human-wolf relations in a northern tourist economy: a case study</td></tr><tr><td>Source:</td><td>biosemiotics, 17(2), 627-646</td></tr><tr><td>Year:</td><td>2024</td></tr></table>"	https://doi.org/https://doi.org/10.1007/s12304-024-09568-9	0.96	-0.1976	1	90	116	1	1.2581	2024	1	1.2581
227	alin olteanu (2024)	"<table><tr><td>Authors:</td><td>alin olteanu; sigmund ongstad</td></tr><tr><td>Title:</td><td>utterance-genre-lifeworld and sign-habit-umwelt compared as phenomenologies. integrating socio- and biosemiotic concepts?</td></tr><tr><td>Source:</td><td>biosemiotics, 17(2), 523-546</td></tr><tr><td>Year:</td><td>2024</td></tr></table>"	https://doi.org/https://doi.org/10.1007/s12304-024-09561-2	0.527	0.4373	1	206	384	1	1.2581	2024	1	1.2581
228	john pickering (2024)	"<table><tr><td>Authors:</td><td>john pickering</td></tr><tr><td>Title:</td><td>umwelt theory, biosemiotics and damage limitation</td></tr><tr><td>Source:</td><td>biosemiotics, 17(2), 507-522</td></tr><tr><td>Year:</td><td>2024</td></tr></table>"	https://doi.org/https://doi.org/10.1007/s12304-024-09577-8	0.4178	0.3622	3	32	35	1	1.2581	2024	1	1.2581
229	siiri tarrikas (2024)	"<table><tr><td>Authors:</td><td>siiri tarrikas</td></tr><tr><td>Title:</td><td>animal attention in the context of zoosemiotics</td></tr><tr><td>Source:</td><td>biosemiotics, 17(2), 487-506</td></tr><tr><td>Year:</td><td>2024</td></tr></table>"	https://doi.org/https://doi.org/10.1007/s12304-024-09579-6	0.8114	-0.0492	8	87	103	1	1.2581	2024	1	1.2581
230	jordan zlatev (2024)	"<table><tr><td>Authors:</td><td>jordan zlatev; alexandra mouratidou</td></tr><tr><td>Title:</td><td>extending the life world: phenomenological triangulation along two planes</td></tr><tr><td>Source:</td><td>biosemiotics, 17(2), 407-429</td></tr><tr><td>Year:</td><td>2024</td></tr></table>"	https://doi.org/https://doi.org/10.1007/s12304-024-09576-9	0.1712	0.183	7	84	109	1	1.2581	2024	1	1.2581
231	carlo brentari (2024)	"<table><tr><td>Authors:</td><td>carlo brentari; morten tønnessen</td></tr><tr><td>Title:</td><td>introduction to the special issue ‘umwelt theory and phenomenology’</td></tr><tr><td>Source:</td><td>biosemiotics, 17(2), 265-272</td></tr><tr><td>Year:</td><td>2024</td></tr></table>"	https://doi.org/https://doi.org/10.1007/s12304-024-09583-w	0.5585	0.2828	1	57	67	1	1.2581	2024	1	1.2581
232	gordon m. burghardt (2024)	"<table><tr><td>Authors:</td><td>gordon m. burghardt</td></tr><tr><td>Title:</td><td>jakob von uexküll, heterophenomenology, and behavior systems i: core ethology and merleau-ponty</td></tr><tr><td>Source:</td><td>biosemiotics, 17(2), 387-406</td></tr><tr><td>Year:</td><td>2024</td></tr></table>"	https://doi.org/https://doi.org/10.1007/s12304-024-09575-w	0.6567	0.3474	1	99	129	1	1.2581	2024	1	1.2581
233	susanne kass (2024)	"<table><tr><td>Authors:</td><td>susanne kass</td></tr><tr><td>Title:</td><td>technology and interspecies musical practice</td></tr><tr><td>Source:</td><td>biosemiotics, 17(2), 565-585</td></tr><tr><td>Year:</td><td>2024</td></tr></table>"	https://doi.org/https://doi.org/10.1007/s12304-024-09584-9	0.8308	0.3991	1	57	71	1	1.2581	2024	1	1.2581
234	sigmund ongstad (2024)	"<table><tr><td>Authors:</td><td>sigmund ongstad</td></tr><tr><td>Title:</td><td>aesthetics or communication?: social semiotic traits of structured forms in studies of “animal beauty”</td></tr><tr><td>Source:</td><td>biosemiotics, 17(3), 769-792</td></tr><tr><td>Year:</td><td>2024</td></tr></table>"	https://doi.org/https://doi.org/10.1007/s12304-024-09587-6	0.3936	0.4332	1	104	137	1	1.2581	2024	1	1.2581
235	grégory katz (2008)	"<table><tr><td>Authors:</td><td>grégory katz</td></tr><tr><td>Title:</td><td>the hypothesis of a genetic protolanguage: an epistemological investigation</td></tr><tr><td>Source:</td><td>biosemiotics, 1(1), 57-73</td></tr><tr><td>Year:</td><td>2008</td></tr></table>"	https://doi.org/https://doi.org/10.1007/s12304-008-9005-5	-0.5665	-0.5009	2	211	382	12	0.7356	2008	12	0.7356
236	joachim de beule (2010)	"<table><tr><td>Authors:</td><td>joachim de beule; eivind hovig; mikael benson</td></tr><tr><td>Title:</td><td>introducing dynamics into the field of biosemiotics</td></tr><tr><td>Source:</td><td>biosemiotics, 4(1), 5-24</td></tr><tr><td>Year:</td><td>2010</td></tr></table>"	https://doi.org/https://doi.org/10.1007/s12304-010-9101-1	-1.0061	0.1043	2	74	92	10	0.7027	2010	10	0.7027
237	peter harries‐jones (2009)	"<table><tr><td>Authors:</td><td>peter harries‐jones</td></tr><tr><td>Title:</td><td>honeybees, communicative order, and the collapse of ecosystems</td></tr><tr><td>Source:</td><td>biosemiotics, 2(2), 193-204</td></tr><tr><td>Year:</td><td>2009</td></tr></table>"	https://doi.org/https://doi.org/10.1007/s12304-009-9044-6	-0.2882	-0.2283	7	150	231	10	0.6235	2009	10	0.6235
238	gérard battail (2010)	"<table><tr><td>Authors:</td><td>gérard battail</td></tr><tr><td>Title:</td><td>an answer to schrödinger’s what is life?</td></tr><tr><td>Source:</td><td>biosemiotics, 4(1), 55-67</td></tr><tr><td>Year:</td><td>2010</td></tr></table>"	https://doi.org/https://doi.org/10.1007/s12304-010-9102-0	-1.325	0.1047	2	130	215	10	0.7027	2010	10	0.7027
239	irene machado (2011)	"<table><tr><td>Authors:</td><td>irene machado; viní­cius romanini</td></tr><tr><td>Title:</td><td>semiotics of communication: from semiosis of nature to culture</td></tr><tr><td>Source:</td><td>biosemiotics, 5(1), 47-60</td></tr><tr><td>Year:</td><td>2011</td></tr></table>"	https://doi.org/https://doi.org/10.1007/s12304-011-9117-1	0.6293	-0.6174	8	33	40	9	0.9921	2011	9	0.9921
240	ramsey affifi (2017)	"<table><tr><td>Authors:</td><td>ramsey affifi</td></tr><tr><td>Title:</td><td>genetic engineering and human mental ecology: interlocking effects and educational considerations</td></tr><tr><td>Source:</td><td>biosemiotics, 10(1), 75-98</td></tr><tr><td>Year:</td><td>2017</td></tr></table>"	https://doi.org/https://doi.org/10.1007/s12304-017-9286-7	-0.2946	0.062	7	93	161	9	0.8456	2017	9	0.8456
241	alexei a. sharov (2017)	"<table><tr><td>Authors:</td><td>alexei a. sharov</td></tr><tr><td>Title:</td><td>composite agency: semiotics of modularity and guiding interactions</td></tr><tr><td>Source:</td><td>biosemiotics, 10(2), 157-178</td></tr><tr><td>Year:</td><td>2017</td></tr></table>"	https://doi.org/https://doi.org/10.1007/s12304-017-9301-z	-0.5111	-0.1674	7	342	932	9	0.8456	2017	9	0.8456
242	james a. coffman (2014)	"<table><tr><td>Authors:</td><td>james a. coffman</td></tr><tr><td>Title:</td><td>on the meaning of chance in biology</td></tr><tr><td>Source:</td><td>biosemiotics, 7(3), 377-388</td></tr><tr><td>Year:</td><td>2014</td></tr></table>"	https://doi.org/https://doi.org/10.1007/s12304-014-9206-z	-0.7879	0.3053	5	93	147	8	0.6409	2014	8	0.6409
243	nelly mäekivi (2016)	"<table><tr><td>Authors:</td><td>nelly mäekivi</td></tr><tr><td>Title:</td><td>modelling ex situ animal behaviour and communication</td></tr><tr><td>Source:</td><td>biosemiotics, 9(2), 207-226</td></tr><tr><td>Year:</td><td>2016</td></tr></table>"	https://doi.org/https://doi.org/10.1007/s12304-016-9264-5	0.5056	-0.7331	4	153	175	8	0.7547	2016	8	0.7547
244	sergio rodríguez (2016)	"<table><tr><td>Authors:</td><td>sergio rodríguez</td></tr><tr><td>Title:</td><td>recurrences and human agential meaning grounding: laying a path in walking</td></tr><tr><td>Source:</td><td>biosemiotics, 9(2), 169-184</td></tr><tr><td>Year:</td><td>2016</td></tr></table>"	https://doi.org/https://doi.org/10.1007/s12304-016-9267-2	0.1239	-0.3522	4	192	273	8	0.7547	2016	8	0.7547
245	denis noble (2021b)	"<table><tr><td>Authors:</td><td>denis noble</td></tr><tr><td>Title:</td><td>what future for evolutionary biology? response to commentaries on “the illusions of the modern synthesis”</td></tr><tr><td>Source:</td><td>biosemiotics, 14(3), 683-695</td></tr><tr><td>Year:</td><td>2021</td></tr></table>"	https://doi.org/https://doi.org/10.1007/s12304-021-09448-6	0.2022	0.8571	3	88	145	8	1.4453	2021	8	1.4453
246	richard l. summers (2022)	"<table><tr><td>Authors:</td><td>richard l. summers</td></tr><tr><td>Title:</td><td>lyapunov stability as a metric for meaning in biological systems</td></tr><tr><td>Source:</td><td>biosemiotics, 16(1), 153-166</td></tr><tr><td>Year:</td><td>2022</td></tr></table>"	https://doi.org/https://doi.org/10.1007/s12304-022-09508-5	-0.6119	0.0058	8	113	129	6	1.1799	2022	6	1.1799
247	louis n. irwin (2022)	"<table><tr><td>Authors:</td><td>louis n. irwin</td></tr><tr><td>Title:</td><td>how minimal can consciousness be?</td></tr><tr><td>Source:</td><td>biosemiotics, 16(1), 21-26</td></tr><tr><td>Year:</td><td>2022</td></tr></table>"	https://doi.org/https://doi.org/10.1007/s12304-022-09518-3	0.2737	0.9763	3	56	79	6	1.1799	2022	6	1.1799
248	donald favareau (2008)	"<table><tr><td>Authors:</td><td>donald favareau</td></tr><tr><td>Title:</td><td>the biosemiotic turn</td></tr><tr><td>Source:</td><td>biosemiotics, 1(1), 5-23</td></tr><tr><td>Year:</td><td>2008</td></tr></table>"	https://doi.org/https://doi.org/10.1007/s12304-008-9010-8	-0.4769	-0.3476	4	244	473	10	0.613	2008	10	0.613
249	eliseo fernández (2008)	"<table><tr><td>Authors:</td><td>eliseo fernández</td></tr><tr><td>Title:</td><td>signs and instruments: the convergence of aristotelian and kantian intuitions in biosemiotics</td></tr><tr><td>Source:</td><td>biosemiotics, 1(3), 347-359</td></tr><tr><td>Year:</td><td>2008</td></tr></table>"	https://doi.org/https://doi.org/10.1007/s12304-008-9011-7	-0.8344	-0.0669	2	182	323	10	0.613	2008	10	0.613
250	susan petrilli (2008)	"<table><tr><td>Authors:</td><td>susan petrilli; augusto ponzio</td></tr><tr><td>Title:</td><td>a tribute to thomas a. sebeok</td></tr><tr><td>Source:</td><td>biosemiotics, 1(1), 25-39</td></tr><tr><td>Year:</td><td>2008</td></tr></table>"	https://doi.org/https://doi.org/10.1007/s12304-008-9007-3	0.2558	-0.4814	11	266	544	10	0.613	2008	10	0.613
251	morris h. baslow (2010)	"<table><tr><td>Authors:</td><td>morris h. baslow</td></tr><tr><td>Title:</td><td>biosemiosis and the cellular basis of mind</td></tr><tr><td>Source:</td><td>biosemiotics, 4(1), 39-53</td></tr><tr><td>Year:</td><td>2010</td></tr></table>"	https://doi.org/https://doi.org/10.1007/s12304-010-9106-9	-0.3459	-0.6368	4	132	139	9	0.6324	2010	9	0.6324
252	stefan artmann (2009)	"<table><tr><td>Authors:</td><td>stefan artmann</td></tr><tr><td>Title:</td><td>basic semiosis as code-based control</td></tr><tr><td>Source:</td><td>biosemiotics, 2(1), 31-38</td></tr><tr><td>Year:</td><td>2009</td></tr></table>"	https://doi.org/https://doi.org/10.1007/s12304-008-9037-x	-1.1376	-0.0128	2	94	169	9	0.5612	2009	9	0.5612
253	franco giorgi (2010)	"<table><tr><td>Authors:</td><td>franco giorgi; luis emilio bruni; roberto maggio</td></tr><tr><td>Title:</td><td>receptor oligomerization as a process modulating cellular semiotics</td></tr><tr><td>Source:</td><td>biosemiotics, 3(2), 157-176</td></tr><tr><td>Year:</td><td>2010</td></tr></table>"	https://doi.org/https://doi.org/10.1007/s12304-010-9085-x	-0.7822	0.2065	2	156	245	9	0.6324	2010	9	0.6324
254	ane faugstad aarø (2010)	"<table><tr><td>Authors:</td><td>ane faugstad aarø</td></tr><tr><td>Title:</td><td>merleau-ponty’s concept of nature and the ontology of flesh</td></tr><tr><td>Source:</td><td>biosemiotics, 3(3), 331-345</td></tr><tr><td>Year:</td><td>2010</td></tr></table>"	https://doi.org/https://doi.org/10.1007/s12304-010-9080-2	-0.1351	-1.0052	4	114	125	9	0.6324	2010	9	0.6324
255	wendy wheeler (2010)	"<table><tr><td>Authors:</td><td>wendy wheeler</td></tr><tr><td>Title:</td><td>delectable creatures and the fundamental reality of metaphor: biosemiotics and animal mind</td></tr><tr><td>Source:</td><td>biosemiotics, 3(3), 277-287</td></tr><tr><td>Year:</td><td>2010</td></tr></table>"	https://doi.org/https://doi.org/10.1007/s12304-010-9076-y	0.0499	-0.4215	7	174	289	8	0.5622	2010	8	0.5622
256	eliseo fernández (2010)	"<table><tr><td>Authors:</td><td>eliseo fernández</td></tr><tr><td>Title:</td><td>taking the relational turn: biosemiotics and some new trends in biology</td></tr><tr><td>Source:</td><td>biosemiotics, 3(2), 147-156</td></tr><tr><td>Year:</td><td>2010</td></tr></table>"	https://doi.org/https://doi.org/10.1007/s12304-010-9084-y	-0.5285	-0.5924	10	71	80	8	0.5622	2010	8	0.5622
257	attila grandpierre (2013)	"<table><tr><td>Authors:</td><td>attila grandpierre</td></tr><tr><td>Title:</td><td>the origin of cellular life and biosemiotics</td></tr><tr><td>Source:</td><td>biosemiotics, 6(3), 421-435</td></tr><tr><td>Year:</td><td>2013</td></tr></table>"	https://doi.org/https://doi.org/10.1007/s12304-013-9173-9	-0.2159	0.2205	9	79	102	8	0.9897	2013	8	0.9897
258	francisco javier sánchez‐garcía (2017)	"<table><tr><td>Authors:</td><td>francisco javier sánchez‐garcía; vilmar machado; josé galián; diego gallego</td></tr><tr><td>Title:</td><td>application of the eco-field and general theory of resources to bark beetles: beyond the niche construction theory</td></tr><tr><td>Source:</td><td>biosemiotics, 10(1), 57-73</td></tr><tr><td>Year:</td><td>2017</td></tr></table>"	https://doi.org/https://doi.org/10.1007/s12304-016-9283-2	0.9895	-0.2481	8	110	200	8	0.7517	2017	8	0.7517
259	tommi vehkavaara (2017)	"<table><tr><td>Authors:</td><td>tommi vehkavaara; alexei a. sharov</td></tr><tr><td>Title:</td><td>constructive aspects of biosemiotics</td></tr><tr><td>Source:</td><td>biosemiotics, 10(2), 145-156</td></tr><tr><td>Year:</td><td>2017</td></tr></table>"	https://doi.org/https://doi.org/10.1007/s12304-017-9304-9	-0.0345	-0.3958	4	235	389	8	0.7517	2017	8	0.7517
260	jaime f. cárdenas‐garcía (2018)	"<table><tr><td>Authors:</td><td>jaime f. cárdenas‐garcía; diego romero castro; bruno mesa</td></tr><tr><td>Title:</td><td>object discernment by “a difference which makes a difference”</td></tr><tr><td>Source:</td><td>biosemiotics, 11(1), 27-40</td></tr><tr><td>Year:</td><td>2018</td></tr></table>"	https://doi.org/https://doi.org/10.1007/s12304-018-9315-1	-0.2868	0.0368	7	133	174	8	1.0526	2018	8	1.0526
261	morten tønnessen (2020)	"<table><tr><td>Authors:</td><td>morten tønnessen</td></tr><tr><td>Title:</td><td>current human ecology in the amazon and beyond: a multi-scale ecosemiotic approach</td></tr><tr><td>Source:</td><td>biosemiotics, 13(1), 89-113</td></tr><tr><td>Year:</td><td>2020</td></tr></table>"	https://doi.org/https://doi.org/10.1007/s12304-020-09379-8	0.5796	0.0086	1	140	168	8	0.972	2020	8	0.972
262	jason mario dydynski (2020)	"<table><tr><td>Authors:</td><td>jason mario dydynski</td></tr><tr><td>Title:</td><td>modeling cuteness: moving towards a biosemiotic model for understanding the perception of cuteness and kindchenschema</td></tr><tr><td>Source:</td><td>biosemiotics, 13(2), 223-240</td></tr><tr><td>Year:</td><td>2020</td></tr></table>"	https://doi.org/https://doi.org/10.1007/s12304-020-09386-9	0.4979	-0.5807	4	190	249	8	0.972	2020	8	0.972
263	filip jaroš (2020)	"<table><tr><td>Authors:</td><td>filip jaroš; matěj pudil</td></tr><tr><td>Title:</td><td>cognitive systems of human and non-human animals: at the crossroads of phenomenology, ethology and biosemiotics</td></tr><tr><td>Source:</td><td>biosemiotics, 13(2), 155-177</td></tr><tr><td>Year:</td><td>2020</td></tr></table>"	https://doi.org/https://doi.org/10.1007/s12304-020-09387-8	0.6314	-0.2881	1	250	482	8	0.972	2020	8	0.972
264	predrag slijepčević (2020)	"<table><tr><td>Authors:</td><td>predrag slijepčević</td></tr><tr><td>Title:</td><td>natural intelligence and anthropic reasoning</td></tr><tr><td>Source:</td><td>biosemiotics, 13(2), 285-307</td></tr><tr><td>Year:</td><td>2020</td></tr></table>"	https://doi.org/https://doi.org/10.1007/s12304-020-09388-7	-0.42	0.1011	2	222	383	8	0.972	2020	8	0.972
265	arran gare (2020)	"<table><tr><td>Authors:</td><td>arran gare</td></tr><tr><td>Title:</td><td>semiosis and information: meeting the challenge of information science to post-reductionist biosemiotics</td></tr><tr><td>Source:</td><td>biosemiotics, 13(3), 327-346</td></tr><tr><td>Year:</td><td>2020</td></tr></table>"	https://doi.org/https://doi.org/10.1007/s12304-020-09393-w	-0.597	0.3435	5	223	442	8	0.972	2020	8	0.972
266	maria isabel aldinhas ferreira (2013b)	"<table><tr><td>Authors:</td><td>maria isabel aldinhas ferreira</td></tr><tr><td>Title:</td><td>typical cyclical behavioural patterns: the case of routines, rituals and celebrations</td></tr><tr><td>Source:</td><td>biosemiotics, 7(1), 63-72</td></tr><tr><td>Year:</td><td>2013</td></tr></table>"	https://doi.org/https://doi.org/10.1007/s12304-013-9186-4	0.3499	-0.5964	11	113	147	7	0.866	2013	7	0.866
267	josé manuel ureña gómez-moreno (2014)	"<table><tr><td>Authors:</td><td>josé manuel ureña gómez-moreno</td></tr><tr><td>Title:</td><td>the role of image schemas and superior psychic faculties in zoosemiosis</td></tr><tr><td>Source:</td><td>biosemiotics, 7(3), 405-427</td></tr><tr><td>Year:</td><td>2014</td></tr></table>"	https://doi.org/https://doi.org/10.1007/s12304-014-9200-5	-0.0284	-0.1316	1	174	239	7	0.5608	2014	7	0.5608
268	clara costa oliveira (2013)	"<table><tr><td>Authors:</td><td>clara costa oliveira</td></tr><tr><td>Title:</td><td>what bateson had in mind about ‘mind’?</td></tr><tr><td>Source:</td><td>biosemiotics, 6(3), 515-536</td></tr><tr><td>Year:</td><td>2013</td></tr></table>"	https://doi.org/https://doi.org/10.1007/s12304-013-9190-8	-0.3186	-0.4317	7	64	100	7	0.866	2013	7	0.866
269	eliseo fernández (2015)	"<table><tr><td>Authors:</td><td>eliseo fernández</td></tr><tr><td>Title:</td><td>evolution of signs, organisms and artifacts as phases of concrete generalization</td></tr><tr><td>Source:</td><td>biosemiotics, 8(1), 91-102</td></tr><tr><td>Year:</td><td>2015</td></tr></table>"	https://doi.org/https://doi.org/10.1007/s12304-014-9226-8	-0.2434	0.3478	3	37	45	7	0.1858	2015	7	0.1858
270	mikkel willum johansen (2015)	"<table><tr><td>Authors:</td><td>mikkel willum johansen; morten misfeldt</td></tr><tr><td>Title:</td><td>semiotic scaffolding in mathematics</td></tr><tr><td>Source:</td><td>biosemiotics, 8(2), 325-340</td></tr><tr><td>Year:</td><td>2015</td></tr></table>"	https://doi.org/https://doi.org/10.1007/s12304-014-9228-6	-0.5211	-0.5767	4	185	263	7	0.1858	2015	7	0.1858
271	gennaro auletta (2016)	"<table><tr><td>Authors:</td><td>gennaro auletta</td></tr><tr><td>Title:</td><td>from peirce’s semiotics to information-sign-symbol</td></tr><tr><td>Source:</td><td>biosemiotics, 9(3), 451-466</td></tr><tr><td>Year:</td><td>2016</td></tr></table>"	https://doi.org/https://doi.org/10.1007/s12304-016-9275-2	-0.9704	0.0152	2	144	282	7	0.6604	2016	7	0.6604
272	luis emilio bruni (2016)	"<table><tr><td>Authors:</td><td>luis emilio bruni; franco giorgi</td></tr><tr><td>Title:</td><td>multi-level semiosis: a paradigm of emergent innovation</td></tr><tr><td>Source:</td><td>biosemiotics, 9(3), 307-318</td></tr><tr><td>Year:</td><td>2016</td></tr></table>"	https://doi.org/https://doi.org/10.1007/s12304-016-9279-y	-0.5286	-0.2429	7	73	84	7	0.6604	2016	7	0.6604
273	pauline delahaye (2023)	"<table><tr><td>Authors:</td><td>pauline delahaye</td></tr><tr><td>Title:</td><td>a methodology for the study of interspecific cohabitation issues in the city</td></tr><tr><td>Source:</td><td>biosemiotics, 16(1), 143-152</td></tr><tr><td>Year:</td><td>2023</td></tr></table>"	https://doi.org/https://doi.org/10.1007/s12304-023-09526-x	1.3514	-0.1724	1	32	39	3	1.1625	2023	3	1.1625
274	matthew slayton (2023)	"<table><tr><td>Authors:</td><td>matthew slayton; yogi hale hendlin</td></tr><tr><td>Title:</td><td>the musical turn in biosemiotics</td></tr><tr><td>Source:</td><td>biosemiotics, 16(2), 221-237</td></tr><tr><td>Year:</td><td>2023</td></tr></table>"	https://doi.org/https://doi.org/10.1007/s12304-023-09532-z	0.2072	0.1913	1	160	196	3	1.1625	2023	3	1.1625
275	prisca augustyn (2023)	"<table><tr><td>Authors:</td><td>prisca augustyn</td></tr><tr><td>Title:</td><td>can the ‘master narrative’ of growth be replaced by new stories of shrinking and degrowth? a biosemiotic perspective on the ‘stories we live by’</td></tr><tr><td>Source:</td><td>biosemiotics, 17(1), 93-110</td></tr><tr><td>Year:</td><td>2023</td></tr></table>"	https://doi.org/https://doi.org/10.1007/s12304-023-09538-7	0.9538	0.2598	1	10	11	3	1.1625	2023	3	1.1625
276	gérard battail (2008)	"<table><tr><td>Authors:</td><td>gérard battail</td></tr><tr><td>Title:</td><td>genomic error-correcting codes in the living world</td></tr><tr><td>Source:</td><td>biosemiotics, 1(2), 221-238</td></tr><tr><td>Year:</td><td>2008</td></tr></table>"	https://doi.org/https://doi.org/10.1007/s12304-008-9019-z	-1.4355	-0.0236	2	105	175	9	0.5517	2008	9	0.5517
277	walter riofrío (2008)	"<table><tr><td>Authors:</td><td>walter riofrío</td></tr><tr><td>Title:</td><td>understanding the emergence of cellular organization</td></tr><tr><td>Source:</td><td>biosemiotics, 1(3), 361-377</td></tr><tr><td>Year:</td><td>2008</td></tr></table>"	https://doi.org/https://doi.org/10.1007/s12304-008-9027-z	-0.6895	-0.0001	5	267	487	9	0.5517	2008	9	0.5517
278	arno l. goudsmit (2008)	"<table><tr><td>Authors:</td><td>arno l. goudsmit</td></tr><tr><td>Title:</td><td>sense and self-referentiality in living beings</td></tr><tr><td>Source:</td><td>biosemiotics, 2(1), 39-46</td></tr><tr><td>Year:</td><td>2008</td></tr></table>"	https://doi.org/https://doi.org/10.1007/s12304-008-9035-z	-0.4887	-0.4919	10	75	100	8	0.4904	2008	8	0.4904
279	han-liang chang (2009)	"<table><tr><td>Authors:</td><td>han-liang chang</td></tr><tr><td>Title:</td><td>semioticians make strange bedfellows! or, once again: “is language a primary modelling system?”</td></tr><tr><td>Source:</td><td>biosemiotics, 2(2), 169-179</td></tr><tr><td>Year:</td><td>2009</td></tr></table>"	https://doi.org/https://doi.org/10.1007/s12304-009-9046-4	-0.1643	-0.0855	10	87	110	8	0.4988	2009	8	0.4988
280	anton markoš (2012)	"<table><tr><td>Authors:</td><td>anton markoš; fatima cvrčková</td></tr><tr><td>Title:</td><td>the meaning(s) of information, code … and meaning</td></tr><tr><td>Source:</td><td>biosemiotics, 6(1), 61-75</td></tr><tr><td>Year:</td><td>2012</td></tr></table>"	https://doi.org/https://doi.org/10.1007/s12304-012-9155-3	-0.9405	0.1167	2	155	289	7	0.406	2012	7	0.406
281	franco giorgi (2011)	"<table><tr><td>Authors:</td><td>franco giorgi; roberto maggio; luis emilio bruni</td></tr><tr><td>Title:</td><td>are olfactory receptors really olfactive?</td></tr><tr><td>Source:</td><td>biosemiotics, 4(3), 331-347</td></tr><tr><td>Year:</td><td>2011</td></tr></table>"	https://doi.org/https://doi.org/10.1007/s12304-011-9113-5	-0.2779	-0.0591	5	166	243	7	0.7717	2011	7	0.7717
282	guenther witzany (2011)	"<table><tr><td>Authors:</td><td>guenther witzany</td></tr><tr><td>Title:</td><td>natural genome editing from a biocommunicative perspective</td></tr><tr><td>Source:</td><td>biosemiotics, 4(3), 349-368</td></tr><tr><td>Year:</td><td>2011</td></tr></table>"	https://doi.org/https://doi.org/10.1007/s12304-011-9111-7	-1.6052	-0.0104	2	246	462	7	0.7717	2011	7	0.7717
283	davide weible (2011)	"<table><tr><td>Authors:</td><td>davide weible</td></tr><tr><td>Title:</td><td>ritualization and exaptation: towards a theory of hierarchical contextuality?</td></tr><tr><td>Source:</td><td>biosemiotics, 5(2), 211-226</td></tr><tr><td>Year:</td><td>2011</td></tr></table>"	https://doi.org/https://doi.org/10.1007/s12304-011-9131-3	0.0725	0.1028	6	97	130	7	0.7717	2011	7	0.7717
284	gerald ostdiek (2010)	"<table><tr><td>Authors:</td><td>gerald ostdiek</td></tr><tr><td>Title:</td><td>cast in plastic: semiotic plasticity and the pragmatic reading of darwin</td></tr><tr><td>Source:</td><td>biosemiotics, 4(1), 69-82</td></tr><tr><td>Year:</td><td>2010</td></tr></table>"	https://doi.org/https://doi.org/10.1007/s12304-010-9108-7	-0.578	-0.7427	10	47	55	7	0.4919	2010	7	0.4919
285	kati lindström (2010b)	"<table><tr><td>Authors:</td><td>kati lindström; morten tønnessen</td></tr><tr><td>Title:</td><td>introduction to the special issue semiotics of perception being in the world of the living—semiotic perspectives</td></tr><tr><td>Source:</td><td>biosemiotics, 3(3), 257-261</td></tr><tr><td>Year:</td><td>2010</td></tr></table>"	https://doi.org/https://doi.org/10.1007/s12304-010-9073-1	0.6534	-0.3385	11	124	163	7	0.4919	2010	7	0.4919
286	joachim de beule (2011)	"<table><tr><td>Authors:</td><td>joachim de beule</td></tr><tr><td>Title:</td><td>von neumann’s legacy for a scientific biosemiotics</td></tr><tr><td>Source:</td><td>biosemiotics, 5(1), 1-4</td></tr><tr><td>Year:</td><td>2011</td></tr></table>"	https://doi.org/https://doi.org/10.1007/s12304-011-9132-2	-0.5064	-0.4496	8	54	78	7	0.7717	2011	7	0.7717
287	thierry bardini (2017)	"<table><tr><td>Authors:</td><td>thierry bardini</td></tr><tr><td>Title:</td><td>relational ontology, simondon, and the hope for a third culture inside biosemiotics</td></tr><tr><td>Source:</td><td>biosemiotics, 10(1), 131-137</td></tr><tr><td>Year:</td><td>2017</td></tr></table>"	https://doi.org/https://doi.org/10.1007/s12304-017-9285-8	-0.54	0.7333	5	40	43	7	0.6577	2017	7	0.6577
288	filip jaroš (2017)	"<table><tr><td>Authors:</td><td>filip jaroš</td></tr><tr><td>Title:</td><td>the three semiotic lives of domestic cats: a case study on animal social cognition</td></tr><tr><td>Source:</td><td>biosemiotics, 10(2), 279-293</td></tr><tr><td>Year:</td><td>2017</td></tr></table>"	https://doi.org/https://doi.org/10.1007/s12304-017-9295-6	0.5293	-0.4591	1	169	267	7	0.6577	2017	7	0.6577
289	sergio rubin (2017)	"<table><tr><td>Authors:</td><td>sergio rubin</td></tr><tr><td>Title:</td><td>from the cellular standpoint: is dna sequence genetic ‘information’?</td></tr><tr><td>Source:</td><td>biosemiotics, 10(2), 247-264</td></tr><tr><td>Year:</td><td>2017</td></tr></table>"	https://doi.org/https://doi.org/10.1007/s12304-017-9303-x	-0.3359	-0.4904	7	248	469	7	0.6577	2017	7	0.6577
290	krystyna bielecka (2017)	"<table><tr><td>Authors:</td><td>krystyna bielecka; mira marcinów</td></tr><tr><td>Title:</td><td>mental misrepresentation in non-human psychopathology</td></tr><tr><td>Source:</td><td>biosemiotics, 10(2), 195-210</td></tr><tr><td>Year:</td><td>2017</td></tr></table>"	https://doi.org/https://doi.org/10.1007/s12304-017-9299-2	-0.3367	0.2947	5	100	119	7	0.6577	2017	7	0.6577
291	mirko cerrone (2018)	"<table><tr><td>Authors:</td><td>mirko cerrone</td></tr><tr><td>Title:</td><td>umwelt and ape language experiments: on the role of iconicity in the human-ape pidgin language</td></tr><tr><td>Source:</td><td>biosemiotics, 11(1), 41-63</td></tr><tr><td>Year:</td><td>2018</td></tr></table>"	https://doi.org/https://doi.org/10.1007/s12304-018-9312-4	0.4191	-0.3728	1	270	446	7	0.9211	2018	7	0.9211
292	carlo brentari (2018)	"<table><tr><td>Authors:</td><td>carlo brentari</td></tr><tr><td>Title:</td><td>from the hiatus model to the diffuse discontinuities: a turning point in human-animal studies</td></tr><tr><td>Source:</td><td>biosemiotics, 11(3), 331-345</td></tr><tr><td>Year:</td><td>2018</td></tr></table>"	https://doi.org/https://doi.org/10.1007/s12304-018-9329-8	0.4451	-0.2166	1	263	417	7	0.9211	2018	7	0.9211
293	dan faltýnek (2019)	"<table><tr><td>Authors:</td><td>dan faltýnek; vladimír matlach; ľudmila lacková</td></tr><tr><td>Title:</td><td>bases are not letters: on the analogy between the genetic code and natural language by sequence analysis</td></tr><tr><td>Source:</td><td>biosemiotics, 12(2), 289-304</td></tr><tr><td>Year:</td><td>2019</td></tr></table>"	https://doi.org/https://doi.org/10.1007/s12304-019-09353-z	-0.7598	0.2424	2	153	284	7	1.1962	2019	7	1.1962
294	dan faltýnek (2020)	"<table><tr><td>Authors:</td><td>dan faltýnek; ľudmila lacková</td></tr><tr><td>Title:</td><td>in the case of protosemiosis: indexicality vs. iconicity of proteins</td></tr><tr><td>Source:</td><td>biosemiotics, 14(1), 209-226</td></tr><tr><td>Year:</td><td>2020</td></tr></table>"	https://doi.org/https://doi.org/10.1007/s12304-020-09396-7	-0.4372	-0.0751	2	225	490	7	0.8505	2020	7	0.8505
295	joachim schult (2020)	"<table><tr><td>Authors:</td><td>joachim schult; onno a. preik; stefan kirschner</td></tr><tr><td>Title:</td><td>the importance of biosemiotics for morphology</td></tr><tr><td>Source:</td><td>biosemiotics, 14(1), 167-179</td></tr><tr><td>Year:</td><td>2020</td></tr></table>"	https://doi.org/https://doi.org/10.1007/s12304-020-09399-4	-0.1184	-0.3762	6	229	392	7	0.8505	2020	7	0.8505
296	eva jablonka (2021)	"<table><tr><td>Authors:</td><td>eva jablonka</td></tr><tr><td>Title:</td><td>signs of consciousness?</td></tr><tr><td>Source:</td><td>biosemiotics, 14(1), 25-29</td></tr><tr><td>Year:</td><td>2021</td></tr></table>"	https://doi.org/https://doi.org/10.1007/s12304-021-09419-x	0.2798	0.9139	3	56	76	7	1.2646	2021	7	1.2646
297	alexei a. sharov (2021)	"<table><tr><td>Authors:</td><td>alexei a. sharov</td></tr><tr><td>Title:</td><td>towards a biosemiotic theory of evolution</td></tr><tr><td>Source:</td><td>biosemiotics, 14(1), 101-105</td></tr><tr><td>Year:</td><td>2021</td></tr></table>"	https://doi.org/https://doi.org/10.1007/s12304-021-09414-2	-0.2751	0.6009	3	224	343	7	1.2646	2021	7	1.2646
298	oscar s. miyamoto gómez (2021)	"<table><tr><td>Authors:</td><td>oscar s. miyamoto gómez</td></tr><tr><td>Title:</td><td>four epistemological gaps in alloanimal episodic memory studies</td></tr><tr><td>Source:</td><td>biosemiotics, 14(3), 839-857</td></tr><tr><td>Year:</td><td>2021</td></tr></table>"	https://doi.org/https://doi.org/10.1007/s12304-021-09437-9	0.5462	0.1285	1	174	243	7	1.2646	2021	7	1.2646
299	lesley lancaster (2013)	"<table><tr><td>Authors:</td><td>lesley lancaster</td></tr><tr><td>Title:</td><td>the emergence of symbolic principles: the distribution of mind in early sign making</td></tr><tr><td>Source:</td><td>biosemiotics, 7(1), 29-47</td></tr><tr><td>Year:</td><td>2013</td></tr></table>"	https://doi.org/https://doi.org/10.1007/s12304-013-9195-3	-0.0877	-0.3904	9	54	77	6	0.7423	2013	6	0.7423
300	anton markoš (2016)	"<table><tr><td>Authors:</td><td>anton markoš; pranab k. das</td></tr><tr><td>Title:</td><td>levels or domains of life?</td></tr><tr><td>Source:</td><td>biosemiotics, 9(3), 319-330</td></tr><tr><td>Year:</td><td>2016</td></tr></table>"	https://doi.org/https://doi.org/10.1007/s12304-016-9271-6	-0.3658	0.0394	2	204	319	6	0.566	2016	6	0.566
301	vefa karatay (2016a)	"<table><tr><td>Authors:</td><td>vefa karatay; yağmur denizhan; mehmet ozansoy</td></tr><tr><td>Title:</td><td>semiosis as individuation: integration of multiple orders of magnitude</td></tr><tr><td>Source:</td><td>biosemiotics, 9(3), 417-433</td></tr><tr><td>Year:</td><td>2016</td></tr></table>"	https://doi.org/https://doi.org/10.1007/s12304-016-9273-4	-0.1397	-0.5667	4	43	52	6	0.566	2016	6	0.566
302	ramsey affifi (2016)	"<table><tr><td>Authors:</td><td>ramsey affifi</td></tr><tr><td>Title:</td><td>the semiosis of “side effects” in genetic interventions</td></tr><tr><td>Source:</td><td>biosemiotics, 9(3), 345-364</td></tr><tr><td>Year:</td><td>2016</td></tr></table>"	https://doi.org/https://doi.org/10.1007/s12304-016-9274-3	-0.1853	0.2732	3	222	489	6	0.566	2016	6	0.566
303	filip grygar (2016)	"<table><tr><td>Authors:</td><td>filip grygar</td></tr><tr><td>Title:</td><td>bohr’s complementarity framework in biosemiotics</td></tr><tr><td>Source:</td><td>biosemiotics, 10(1), 33-55</td></tr><tr><td>Year:</td><td>2016</td></tr></table>"	https://doi.org/https://doi.org/10.1007/s12304-016-9281-4	-0.7115	0.1054	2	231	422	6	0.566	2016	6	0.566
304	tim ireland (2022a)	"<table><tr><td>Authors:</td><td>tim ireland</td></tr><tr><td>Title:</td><td>beauty: synthesis of intellect and senses commentary on the biosemiotic fundamentals of aesthetics</td></tr><tr><td>Source:</td><td>biosemiotics, 15(1), 47-55</td></tr><tr><td>Year:</td><td>2022</td></tr></table>"	https://doi.org/https://doi.org/10.1007/s12304-022-09488-6	0.9372	0.4326	1	11	11	5	0.9833	2022	5	0.9833
305	alexei a. sharov (2022)	"<table><tr><td>Authors:</td><td>alexei a. sharov</td></tr><tr><td>Title:</td><td>consciousness and learning from the biosemiotic perspective</td></tr><tr><td>Source:</td><td>biosemiotics, 15(3), 483-490</td></tr><tr><td>Year:</td><td>2022</td></tr></table>"	https://doi.org/https://doi.org/10.1007/s12304-022-09511-w	0.2753	0.7291	3	186	280	5	0.9833	2022	5	0.9833
306	victoria n. alexander (2009)	"<table><tr><td>Authors:</td><td>victoria n. alexander</td></tr><tr><td>Title:</td><td>the poetics of purpose</td></tr><tr><td>Source:</td><td>biosemiotics, 2(1), 77-100</td></tr><tr><td>Year:</td><td>2009</td></tr></table>"	https://doi.org/https://doi.org/10.1007/s12304-008-9031-3	-0.6246	0.0066	10	145	253	7	0.4365	2009	7	0.4365
307	jonathan hope (2009)	"<table><tr><td>Authors:</td><td>jonathan hope; pierre-louis patoine</td></tr><tr><td>Title:</td><td>“does a glass of white wine taste like a glass of domain sigalas santorini asirtiko athiri 2005?” a biosemiotic approach to wine-tasting</td></tr><tr><td>Source:</td><td>biosemiotics, 2(1), 65-76</td></tr><tr><td>Year:</td><td>2009</td></tr></table>"	https://doi.org/https://doi.org/10.1007/s12304-008-9033-1	0.552	-0.2737	11	35	37	7	0.4365	2009	7	0.4365
308	gérard battail (2009c)	<table><tr><td>Authors:</td><td>gérard battail</td></tr><tr><td>Title:</td><td>applying semiotics and information theory to biology: a critical comparison</td></tr><tr><td>Source:</td><td>biosemiotics</td></tr><tr><td>Year:</td><td>2009</td></tr></table>	https://doi.org/https://doi.org/10.1007/s12304-008-9034-0	-1.433	-0.0342	2	96	150	7	0.4365	2009	7	0.4365
309	séan ó nualláin (2010)	"<table><tr><td>Authors:</td><td>séan ó nualláin</td></tr><tr><td>Title:</td><td>ask not what you can do for yourself: cartesian chaos, neural dynamics, and immunological cognition</td></tr><tr><td>Source:</td><td>biosemiotics, 3(1), 79-92</td></tr><tr><td>Year:</td><td>2010</td></tr></table>"	https://doi.org/https://doi.org/10.1007/s12304-009-9070-4	-0.2133	-0.5442	4	128	159	6	0.4216	2010	6	0.4216
310	anton sukhoverkhov (2011)	"<table><tr><td>Authors:</td><td>anton sukhoverkhov</td></tr><tr><td>Title:</td><td>natural signs and the origin of language</td></tr><tr><td>Source:</td><td>biosemiotics, 5(2), 153-159</td></tr><tr><td>Year:</td><td>2011</td></tr></table>"	https://doi.org/https://doi.org/10.1007/s12304-011-9123-3	0.4487	-0.674	6	23	39	6	0.6614	2011	6	0.6614
311	anton markoš (2010b)	"<table><tr><td>Authors:</td><td>anton markoš</td></tr><tr><td>Title:</td><td>hermeneutics by the living</td></tr><tr><td>Source:</td><td>biosemiotics, 4(2), 119-125</td></tr><tr><td>Year:</td><td>2010</td></tr></table>"	https://doi.org/https://doi.org/10.1007/s12304-010-9096-7	-0.4223	-0.221	6	29	44	6	0.4216	2010	6	0.4216
312	maria isabel aldinhas ferreira (2012)	"<table><tr><td>Authors:</td><td>maria isabel aldinhas ferreira; miguel caldas</td></tr><tr><td>Title:</td><td>modelling artificial cognition in biosemiotic terms</td></tr><tr><td>Source:</td><td>biosemiotics, 6(2), 245-252</td></tr><tr><td>Year:</td><td>2012</td></tr></table>"	https://doi.org/https://doi.org/10.1007/s12304-012-9159-z	0.4377	-0.7189	11	65	90	6	0.348	2012	6	0.348
314	karel kleisner (2017)	"<table><tr><td>Authors:</td><td>karel kleisner; petr tureček</td></tr><tr><td>Title:</td><td>cultural and biological evolution: what is the difference?</td></tr><tr><td>Source:</td><td>biosemiotics, 10(1), 127-130</td></tr><tr><td>Year:</td><td>2017</td></tr></table>"	https://doi.org/https://doi.org/10.1007/s12304-017-9284-9	-0.6745	0.1431	2	65	66	6	0.5638	2017	6	0.5638
315	ján toman (2018)	"<table><tr><td>Authors:</td><td>ján toman; jaroslav flegr</td></tr><tr><td>Title:</td><td>macroevolutionary freezing and the janusian nature of evolvability: is the evolution (of profound biological novelty) going to end?</td></tr><tr><td>Source:</td><td>biosemiotics, 11(2), 263-285</td></tr><tr><td>Year:</td><td>2018</td></tr></table>"	https://doi.org/https://doi.org/10.1007/s12304-018-9326-y	-0.1389	0.1909	3	148	276	6	0.7895	2018	6	0.7895
316	andrew m. winters (2018)	"<table><tr><td>Authors:</td><td>andrew m. winters</td></tr><tr><td>Title:</td><td>introduction: a structural and historical approach to understanding advancements in evolutionary theory</td></tr><tr><td>Source:</td><td>biosemiotics, 11(2), 167-180</td></tr><tr><td>Year:</td><td>2018</td></tr></table>"	https://doi.org/https://doi.org/10.1007/s12304-018-9330-2	-0.0585	0.2883	3	132	175	6	0.7895	2018	6	0.7895
317	göran sonesson (2018)	"<table><tr><td>Authors:</td><td>göran sonesson</td></tr><tr><td>Title:</td><td>on mimicry, signs and other meaning-making acts. further studies in iconicity</td></tr><tr><td>Source:</td><td>biosemiotics, 12(1), 99-114</td></tr><tr><td>Year:</td><td>2018</td></tr></table>"	https://doi.org/https://doi.org/10.1007/s12304-018-9340-0	0.4195	-0.2598	6	122	171	6	0.7895	2018	6	0.7895
318	claudio julio rodríguez higuera (2019)	"<table><tr><td>Authors:</td><td>claudio julio rodríguez higuera</td></tr><tr><td>Title:</td><td>some challenges to the evolutionary status of semiosis</td></tr><tr><td>Source:</td><td>biosemiotics, 12(3), 405-421</td></tr><tr><td>Year:</td><td>2019</td></tr></table>"	https://doi.org/https://doi.org/10.1007/s12304-019-09366-8	0.061	-0.0692	4	259	438	6	1.0253	2019	6	1.0253
319	donald favareau (2021)	"<table><tr><td>Authors:</td><td>donald favareau</td></tr><tr><td>Title:</td><td>facing up to the hard problem of biosemiotics</td></tr><tr><td>Source:</td><td>biosemiotics, 14(3), 603-615</td></tr><tr><td>Year:</td><td>2021</td></tr></table>"	https://doi.org/https://doi.org/10.1007/s12304-021-09461-9	-0.4218	0.4391	5	172	222	6	1.084	2021	6	1.084
320	david carrera-casado (2021)	"<table><tr><td>Authors:</td><td>david carrera-casado; ramon ferrer‐i‐cancho</td></tr><tr><td>Title:</td><td>the advent and fall of a vocabulary learning bias from communicative efficiency</td></tr><tr><td>Source:</td><td>biosemiotics, 14(2), 345-375</td></tr><tr><td>Year:</td><td>2021</td></tr></table>"	https://doi.org/https://doi.org/10.1007/s12304-021-09452-w	-0.1473	0.4732	3	72	81	6	1.084	2021	6	1.084
321	riin magnus (2014)	"<table><tr><td>Authors:</td><td>riin magnus</td></tr><tr><td>Title:</td><td>the function, formation and development of signs in the guide dog team’s work</td></tr><tr><td>Source:</td><td>biosemiotics, 7(3), 447-463</td></tr><tr><td>Year:</td><td>2014</td></tr></table>"	https://doi.org/https://doi.org/10.1007/s12304-014-9199-7	0.3655	-0.3833	7	77	89	5	0.4006	2014	5	0.4006
322	stephen j. cowley (2008)	"<table><tr><td>Authors:</td><td>stephen j. cowley</td></tr><tr><td>Title:</td><td>meaning in nature: organic manufacture?</td></tr><tr><td>Source:</td><td>biosemiotics, 1(1), 85-98</td></tr><tr><td>Year:</td><td>2008</td></tr></table>"	https://doi.org/https://doi.org/10.1007/s12304-008-9003-7	-0.2782	-0.4732	4	226	364	6	0.3678	2008	6	0.3678
323	fernando castro-chávez (2011)	"<table><tr><td>Authors:</td><td>fernando castro-chávez</td></tr><tr><td>Title:</td><td>the rules of variation expanded, implications for the research on compatible genomics</td></tr><tr><td>Source:</td><td>biosemiotics, 5(1), 121-145</td></tr><tr><td>Year:</td><td>2011</td></tr></table>"	https://doi.org/https://doi.org/10.1007/s12304-011-9118-0	-0.9126	0.3332	2	36	40	5	0.5512	2011	5	0.5512
324	shahram rafieian (2011)	"<table><tr><td>Authors:</td><td>shahram rafieian</td></tr><tr><td>Title:</td><td>a biosemiotic approach to the problem of structure and agency</td></tr><tr><td>Source:</td><td>biosemiotics, 5(1), 83-93</td></tr><tr><td>Year:</td><td>2011</td></tr></table>"	https://doi.org/https://doi.org/10.1007/s12304-011-9121-5	0.8448	-0.9153	6	17	23	5	0.5512	2011	5	0.5512
326	dario martinelli (2010)	"<table><tr><td>Authors:</td><td>dario martinelli</td></tr><tr><td>Title:</td><td>let’s get physical!—on the zoosemiotics of corporeality</td></tr><tr><td>Source:</td><td>biosemiotics, 4(2), 259-279</td></tr><tr><td>Year:</td><td>2010</td></tr></table>"	https://doi.org/https://doi.org/10.1007/s12304-010-9098-5	0.2752	-0.1223	1	25	25	5	0.3514	2010	5	0.3514
327	maria isabel aldinhas ferreira (2011)	"<table><tr><td>Authors:</td><td>maria isabel aldinhas ferreira</td></tr><tr><td>Title:</td><td>interactive bodies: the semiosis of architectural forms</td></tr><tr><td>Source:</td><td>biosemiotics, 5(2), 269-289</td></tr><tr><td>Year:</td><td>2011</td></tr></table>"	https://doi.org/https://doi.org/10.1007/s12304-011-9126-0	0.1349	-0.5519	11	133	172	5	0.5512	2011	5	0.5512
328	paul cobley (2017)	"<table><tr><td>Authors:</td><td>paul cobley; donald favareau; kalevi kull</td></tr><tr><td>Title:</td><td>john deely, from the point of view of biosemiotics</td></tr><tr><td>Source:</td><td>biosemiotics, 10(1), 1-4</td></tr><tr><td>Year:</td><td>2017</td></tr></table>"	https://doi.org/https://doi.org/10.1007/s12304-017-9291-x	-0.3152	0.4498	5	52	85	5	0.4698	2017	5	0.4698
329	peter harries‐jones (2017)	"<table><tr><td>Authors:</td><td>peter harries‐jones</td></tr><tr><td>Title:</td><td>‘steps’ to agency: gregory bateson, perception, and biosemantics</td></tr><tr><td>Source:</td><td>biosemiotics, 10(2), 211-228</td></tr><tr><td>Year:</td><td>2017</td></tr></table>"	https://doi.org/https://doi.org/10.1007/s12304-017-9302-y	-0.0856	-0.0975	7	89	137	5	0.4698	2017	5	0.4698
330	gabriel francescoli (2017)	"<table><tr><td>Authors:</td><td>gabriel francescoli</td></tr><tr><td>Title:</td><td>a semiotic interpretation of the innate releasing mechanism concept and other ethological triadic relations</td></tr><tr><td>Source:</td><td>biosemiotics, 10(3), 461-468</td></tr><tr><td>Year:</td><td>2017</td></tr></table>"	https://doi.org/https://doi.org/10.1007/s12304-017-9306-7	0.0949	-0.5052	4	193	277	5	0.4698	2017	5	0.4698
331	terrence w. deacon (2016)	"<table><tr><td>Authors:</td><td>terrence w. deacon</td></tr><tr><td>Title:</td><td>reconsidering darwin’s “several powers”</td></tr><tr><td>Source:</td><td>biosemiotics, 9(1), 121-128</td></tr><tr><td>Year:</td><td>2016</td></tr></table>"	https://doi.org/https://doi.org/10.1007/s12304-016-9263-6	-0.535	0.183	5	127	200	4	0.3774	2016	4	0.3774
332	petr tureček (2022)	"<table><tr><td>Authors:</td><td>petr tureček; karel kleisner</td></tr><tr><td>Title:</td><td>symptomic mimicry between sars-cov-2 and the common cold complex</td></tr><tr><td>Source:</td><td>biosemiotics, 15(1), 61-66</td></tr><tr><td>Year:</td><td>2022</td></tr></table>"	https://doi.org/https://doi.org/10.1007/s12304-021-09472-6	1.3614	-0.1327	6	1	1	4	0.7866	2022	4	0.7866
333	sigmund ongstad (2022b)	"<table><tr><td>Authors:</td><td>sigmund ongstad</td></tr><tr><td>Title:</td><td>simple utterances but complex understanding? meta-studying the fuzzy mismatch between animal semantic capacities in varied contexts</td></tr><tr><td>Source:</td><td>biosemiotics, 15(1), 85-108</td></tr><tr><td>Year:</td><td>2022</td></tr></table>"	https://doi.org/https://doi.org/10.1007/s12304-022-09477-9	0.1801	0.2243	1	105	148	4	0.7866	2022	4	0.7866
334	denis noble (2022a)	"<table><tr><td>Authors:</td><td>denis noble</td></tr><tr><td>Title:</td><td>the evolution of consciousness and agency</td></tr><tr><td>Source:</td><td>biosemiotics, 15(3), 439-446</td></tr><tr><td>Year:</td><td>2022</td></tr></table>"	https://doi.org/https://doi.org/10.1007/s12304-022-09509-4	0.2781	1.0439	3	31	45	4	0.7866	2022	4	0.7866
335	michael trestman (2023)	"<table><tr><td>Authors:</td><td>michael trestman</td></tr><tr><td>Title:</td><td>energy and expectation: the dynamics of living consciousness</td></tr><tr><td>Source:</td><td>biosemiotics, 16(2), 269-279</td></tr><tr><td>Year:</td><td>2023</td></tr></table>"	https://doi.org/https://doi.org/10.1007/s12304-023-09529-8	0.3935	1.0095	3	21	23	2	0.775	2023	2	0.775
336	sofia belardinelli (2023)	"<table><tr><td>Authors:</td><td>sofia belardinelli; telmo pievani</td></tr><tr><td>Title:</td><td>what if consciousness has no function?</td></tr><tr><td>Source:</td><td>biosemiotics, 16(2), 259-267</td></tr><tr><td>Year:</td><td>2023</td></tr></table>"	https://doi.org/https://doi.org/10.1007/s12304-023-09533-y	0.2238	0.7431	3	93	132	2	0.775	2023	2	0.775
337	yogi hale hendlin (2023)	"<table><tr><td>Authors:</td><td>yogi hale hendlin</td></tr><tr><td>Title:</td><td>sensitive souls and biosemiotic agency as emergence</td></tr><tr><td>Source:</td><td>biosemiotics, 16(1), 15-20</td></tr><tr><td>Year:</td><td>2023</td></tr></table>"	https://doi.org/https://doi.org/10.1007/s12304-023-09524-z	0.0905	0.8348	3	112	143	2	0.775	2023	2	0.775
338	prisca augustyn (2018)	"<table><tr><td>Authors:</td><td>prisca augustyn</td></tr><tr><td>Title:</td><td>animal studies in the language sciences</td></tr><tr><td>Source:</td><td>biosemiotics, 11(1), 121-138</td></tr><tr><td>Year:</td><td>2018</td></tr></table>"	https://doi.org/https://doi.org/10.1007/s12304-018-9313-3	0.3508	-0.2659	1	72	118	5	0.6579	2018	5	0.6579
339	jana švorcová (2018)	"<table><tr><td>Authors:</td><td>jana švorcová; karel kleisner</td></tr><tr><td>Title:</td><td>evolution by meaning attribution: notes on biosemiotic interpretations of extended evolutionary synthesis</td></tr><tr><td>Source:</td><td>biosemiotics, 11(2), 231-244</td></tr><tr><td>Year:</td><td>2018</td></tr></table>"	https://doi.org/https://doi.org/10.1007/s12304-018-9328-9	0.0121	0.0459	6	145	317	5	0.6579	2018	5	0.6579
340	richard i. vane‐wright (2018)	"<table><tr><td>Authors:</td><td>richard i. vane‐wright</td></tr><tr><td>Title:</td><td>agency, meaning, perception and mimicry: perspectives from the process of life and third way of evolution</td></tr><tr><td>Source:</td><td>biosemiotics, 12(1), 57-77</td></tr><tr><td>Year:</td><td>2018</td></tr></table>"	https://doi.org/https://doi.org/10.1007/s12304-018-9337-8	0.1999	0.0743	6	183	318	5	0.6579	2018	5	0.6579
341	jindřich brejcha (2019)	"<table><tr><td>Authors:</td><td>jindřich brejcha</td></tr><tr><td>Title:</td><td>viper as a batesian model – its role in an ecological community</td></tr><tr><td>Source:</td><td>biosemiotics, 12(1), 25-38</td></tr><tr><td>Year:</td><td>2019</td></tr></table>"	https://doi.org/https://doi.org/10.1007/s12304-019-09347-x	0.7908	-0.2417	6	42	76	5	0.8544	2019	5	0.8544
342	almo farina (2019)	"<table><tr><td>Authors:</td><td>almo farina</td></tr><tr><td>Title:</td><td>hybrid nature: effects on environmental fundamentals and species’ semiosis</td></tr><tr><td>Source:</td><td>biosemiotics, 13(1), 21-40</td></tr><tr><td>Year:</td><td>2019</td></tr></table>"	https://doi.org/https://doi.org/10.1007/s12304-019-09373-9	0.8966	-0.7249	8	164	255	5	0.8544	2019	5	0.8544
343	franco giorgi (2020a)	"<table><tr><td>Authors:</td><td>franco giorgi; francesco tramonti; annibale fanali</td></tr><tr><td>Title:</td><td>a biosemiotic approach to the biopsychosocial understanding of disease adjustment</td></tr><tr><td>Source:</td><td>biosemiotics, 13(3), 369-383</td></tr><tr><td>Year:</td><td>2020</td></tr></table>"	https://doi.org/https://doi.org/10.1007/s12304-020-09394-9	-0.0932	-0.3356	4	256	418	5	0.6075	2020	5	0.6075
344	naoki nomura (2020)	"<table><tr><td>Authors:</td><td>naoki nomura; koichiro matsuno; tomoaki muranaka; jun tomita</td></tr><tr><td>Title:</td><td>toward a practical theory of timing: upbeat and e-series time for organisms</td></tr><tr><td>Source:</td><td>biosemiotics, 13(3), 347-367</td></tr><tr><td>Year:</td><td>2020</td></tr></table>"	https://doi.org/https://doi.org/10.1007/s12304-020-09398-5	-0.0235	0.3066	7	86	134	5	0.6075	2020	5	0.6075
345	kalevi kull (2021)	"<table><tr><td>Authors:</td><td>kalevi kull</td></tr><tr><td>Title:</td><td>natural selection and self-organization do not make meaning, while the agent’s choice does</td></tr><tr><td>Source:</td><td>biosemiotics, 14(1), 49-53</td></tr><tr><td>Year:</td><td>2021</td></tr></table>"	https://doi.org/https://doi.org/10.1007/s12304-021-09422-2	0.3287	0.6886	3	103	137	5	0.9033	2021	5	0.9033
346	andres kurismaa (2021)	"<table><tr><td>Authors:</td><td>andres kurismaa</td></tr><tr><td>Title:</td><td>the negentropic theory of ontogeny: a new model of eutherian life history transitions?</td></tr><tr><td>Source:</td><td>biosemiotics, 14(2), 391-417</td></tr><tr><td>Year:</td><td>2021</td></tr></table>"	https://doi.org/https://doi.org/10.1007/s12304-021-09408-0	0.2661	-0.12	6	198	258	5	0.9033	2021	5	0.9033
347	anastasia kolmogorova (2021)	"<table><tr><td>Authors:</td><td>anastasia kolmogorova; alexander kalinin; alina malikova</td></tr><tr><td>Title:</td><td>semiotic function of empathy in text emotion assessment</td></tr><tr><td>Source:</td><td>biosemiotics, 14(2), 329-344</td></tr><tr><td>Year:</td><td>2021</td></tr></table>"	https://doi.org/https://doi.org/10.1007/s12304-021-09434-y	0.7063	-0.2126	11	126	174	5	0.9033	2021	5	0.9033
348	amelia lewis (2021a)	"<table><tr><td>Authors:</td><td>amelia lewis</td></tr><tr><td>Title:</td><td>a semiotic modern synthesis: conducting quantitative studies in zoosemiotics and interpreting existing ethological studies through a semiotic framework</td></tr><tr><td>Source:</td><td>biosemiotics, 14(2), 295-327</td></tr><tr><td>Year:</td><td>2021</td></tr></table>"	https://doi.org/https://doi.org/10.1007/s12304-021-09435-x	0.6747	0.2865	1	64	77	5	0.9033	2021	5	0.9033
349	gerald ostdiek (2011)	"<table><tr><td>Authors:</td><td>gerald ostdiek</td></tr><tr><td>Title:</td><td>the self as social artifice: some consequences of stanislavski</td></tr><tr><td>Source:</td><td>biosemiotics, 5(2), 161-179</td></tr><tr><td>Year:</td><td>2011</td></tr></table>"	https://doi.org/https://doi.org/10.1007/s12304-011-9137-x	-0.6107	-0.72	10	30	43	4	0.4409	2011	4	0.4409
350	séan ó nualláin (2011)	"<table><tr><td>Authors:</td><td>séan ó nualláin; tom doris</td></tr><tr><td>Title:</td><td>consciousness is cheap, even if symbols are expensive; metabolism and the brain’s dark energy</td></tr><tr><td>Source:</td><td>biosemiotics, 5(2), 193-210</td></tr><tr><td>Year:</td><td>2011</td></tr></table>"	https://doi.org/https://doi.org/10.1007/s12304-011-9136-y	-0.119	-0.897	4	105	112	4	0.4409	2011	4	0.4409
351	fiona o’doherty (2012)	"<table><tr><td>Authors:</td><td>fiona o’doherty</td></tr><tr><td>Title:</td><td>a contribution to understanding consciousness: qualia as phenotype</td></tr><tr><td>Source:</td><td>biosemiotics, 6(2), 191-203</td></tr><tr><td>Year:</td><td>2012</td></tr></table>"	https://doi.org/https://doi.org/10.1007/s12304-012-9140-x	-0.0902	-0.5724	4	153	180	4	0.232	2012	4	0.232
352	prakash mondal (2013)	"<table><tr><td>Authors:</td><td>prakash mondal</td></tr><tr><td>Title:</td><td>does computation reveal machine cognition?</td></tr><tr><td>Source:</td><td>biosemiotics, 7(1), 97-110</td></tr><tr><td>Year:</td><td>2013</td></tr></table>"	https://doi.org/https://doi.org/10.1007/s12304-013-9179-3	-0.8051	0.1967	2	156	212	4	0.4948	2013	4	0.4948
353	yoshimi kawade (2013)	"<table><tr><td>Authors:</td><td>yoshimi kawade</td></tr><tr><td>Title:</td><td>the origin of mind: the mind-matter continuity thesis</td></tr><tr><td>Source:</td><td>biosemiotics, 6(3), 367-378</td></tr><tr><td>Year:</td><td>2013</td></tr></table>"	https://doi.org/https://doi.org/10.1007/s12304-013-9172-x	-0.0667	-0.5527	4	236	342	4	0.4948	2013	4	0.4948
354	christopher h. lowrey (2008)	"<table><tr><td>Authors:</td><td>christopher h. lowrey; priya venkatesan</td></tr><tr><td>Title:</td><td>making science accessible: a semiotics of scientific communication</td></tr><tr><td>Source:</td><td>biosemiotics, 1(2), 253-269</td></tr><tr><td>Year:</td><td>2008</td></tr></table>"	https://doi.org/https://doi.org/10.1007/s12304-008-9017-1	-0.4384	-0.4166	10	10	11	5	0.3065	2008	5	0.3065
355	mette miriam rakel böll (2008)	"<table><tr><td>Authors:</td><td>mette miriam rakel böll</td></tr><tr><td>Title:</td><td>social is emotional</td></tr><tr><td>Source:</td><td>biosemiotics, 1(3), 329-345</td></tr><tr><td>Year:</td><td>2008</td></tr></table>"	https://doi.org/https://doi.org/10.1007/s12304-008-9025-1	0.1095	-0.3878	7	159	251	5	0.3065	2008	5	0.3065
356	h. h. pattee (2009)	"<table><tr><td>Authors:</td><td>h. h. pattee</td></tr><tr><td>Title:</td><td>response by h. h. pattee to jon umerez’s paper: “where does pattee’s “how does a molecule become a message?” belong in the history of biosemiotics?”</td></tr><tr><td>Source:</td><td>biosemiotics, 2(3), 291-302</td></tr><tr><td>Year:</td><td>2009</td></tr></table>"	https://doi.org/https://doi.org/10.1007/s12304-009-9061-5	-0.7742	0.0082	2	150	259	4	0.2494	2009	4	0.2494
357	mark h. bickhard (2017)	"<table><tr><td>Authors:</td><td>mark h. bickhard</td></tr><tr><td>Title:</td><td>information, representation, biology</td></tr><tr><td>Source:</td><td>biosemiotics, 10(2), 179-193</td></tr><tr><td>Year:</td><td>2017</td></tr></table>"	https://doi.org/https://doi.org/10.1007/s12304-017-9296-5	-0.6379	0.293	5	66	85	4	0.3758	2017	4	0.3758
358	rasmus gahrn-andersen (2018)	"<table><tr><td>Authors:</td><td>rasmus gahrn-andersen; stephen j. cowley</td></tr><tr><td>Title:</td><td>semiosis and bio-mechanism: towards consilience</td></tr><tr><td>Source:</td><td>biosemiotics, 11(3), 405-425</td></tr><tr><td>Year:</td><td>2018</td></tr></table>"	https://doi.org/https://doi.org/10.1007/s12304-018-9346-7	-0.1622	0.0041	4	345	664	4	0.5263	2018	4	0.5263
359	ignasi ribó (2019)	"<table><tr><td>Authors:</td><td>ignasi ribó</td></tr><tr><td>Title:</td><td>dialogical communicative interaction between humans and elephants: an experiment in semiotic alignment</td></tr><tr><td>Source:</td><td>biosemiotics, 12(2), 305-327</td></tr><tr><td>Year:</td><td>2019</td></tr></table>"	https://doi.org/https://doi.org/10.1007/s12304-019-09354-y	0.3538	-0.3475	1	154	183	4	0.6835	2019	4	0.6835
360	morten tønnessen (2019)	"<table><tr><td>Authors:</td><td>morten tønnessen; alexei a. sharov; timo maran</td></tr><tr><td>Title:</td><td>jesper hoffmeyer’s biosemiotic legacy</td></tr><tr><td>Source:</td><td>biosemiotics, 12(3), 357-363</td></tr><tr><td>Year:</td><td>2019</td></tr></table>"	https://doi.org/https://doi.org/10.1007/s12304-019-09369-5	-0.1055	-0.1955	4	275	500	4	0.6835	2019	4	0.6835
361	w. john coletta (2014)	"<table><tr><td>Authors:</td><td>w. john coletta</td></tr><tr><td>Title:</td><td>thinking merleau-ponty forward / review of louise westling (2014). the logos of the living world: merleau-ponty, animals, and language</td></tr><tr><td>Source:</td><td>biosemiotics, 8(1), 145-151</td></tr><tr><td>Year:</td><td>2014</td></tr></table>"	https://doi.org/https://doi.org/10.1007/s12304-014-9220-1	0.0871	-0.377	5	71	73	3	0.2404	2014	3	0.2404
362	david rohr (2014)	"<table><tr><td>Authors:</td><td>david rohr</td></tr><tr><td>Title:</td><td>a theory of life as information-based interpretation of selecting environments</td></tr><tr><td>Source:</td><td>biosemiotics, 7(3), 429-446</td></tr><tr><td>Year:</td><td>2014</td></tr></table>"	https://doi.org/https://doi.org/10.1007/s12304-014-9201-4	-0.4887	-0.198	7	285	566	3	0.2404	2014	3	0.2404
363	joachim de beule (2014)	"<table><tr><td>Authors:</td><td>joachim de beule</td></tr><tr><td>Title:</td><td>sketch for a theory of evolution based on coding</td></tr><tr><td>Source:</td><td>biosemiotics, 7(2), 181-201</td></tr><tr><td>Year:</td><td>2014</td></tr></table>"	https://doi.org/https://doi.org/10.1007/s12304-014-9210-3	-0.6928	-0.0583	2	250	503	3	0.2404	2014	3	0.2404
364	jana švorcová (2016)	"<table><tr><td>Authors:</td><td>jana švorcová</td></tr><tr><td>Title:</td><td>distributed heredity and development: a heterarchical perspective</td></tr><tr><td>Source:</td><td>biosemiotics, 9(3), 331-343</td></tr><tr><td>Year:</td><td>2016</td></tr></table>"	https://doi.org/https://doi.org/10.1007/s12304-016-9276-1	-0.2884	-0.2641	4	176	268	3	0.283	2016	3	0.283
365	franco giorgi (2016a)	"<table><tr><td>Authors:</td><td>franco giorgi; gennaro auletta</td></tr><tr><td>Title:</td><td>semiotic tools for multilevel cell communication</td></tr><tr><td>Source:</td><td>biosemiotics, 9(3), 365-382</td></tr><tr><td>Year:</td><td>2016</td></tr></table>"	https://doi.org/https://doi.org/10.1007/s12304-016-9272-5	-0.364	0.1477	7	124	171	3	0.283	2016	3	0.283
366	dario martinelli (2008)	"<table><tr><td>Authors:</td><td>dario martinelli; kristian bankov</td></tr><tr><td>Title:</td><td>bankov’s razor versus martinelli’s canon. a confrontation around biosemiotics</td></tr><tr><td>Source:</td><td>biosemiotics, 1(3), 397-418</td></tr><tr><td>Year:</td><td>2008</td></tr></table>"	https://doi.org/https://doi.org/10.1007/s12304-008-9022-4	-0.1843	-0.3703	7	98	112	4	0.2452	2008	4	0.2452
367	massimo leone (2011)	"<table><tr><td>Authors:</td><td>massimo leone</td></tr><tr><td>Title:</td><td>motility, potentiality, and infinity—a semiotic hypothesis on nature and religion</td></tr><tr><td>Source:</td><td>biosemiotics, 5(3), 369-389</td></tr><tr><td>Year:</td><td>2011</td></tr></table>"	https://doi.org/https://doi.org/10.1007/s12304-011-9130-4	-0.1248	-0.7701	4	170	242	3	0.3307	2011	3	0.3307
368	stephen jarosek (2012)	"<table><tr><td>Authors:</td><td>stephen jarosek</td></tr><tr><td>Title:</td><td>pragmatism, neural plasticity and mind-body unity</td></tr><tr><td>Source:</td><td>biosemiotics, 6(2), 205-230</td></tr><tr><td>Year:</td><td>2012</td></tr></table>"	https://doi.org/https://doi.org/10.1007/s12304-012-9145-5	-0.2984	-0.9117	4	131	147	3	0.174	2012	3	0.174
369	thomas j. hughes (2013)	"<table><tr><td>Authors:</td><td>thomas j. hughes; j. t. m. miller</td></tr><tr><td>Title:</td><td>lexicalisation and the origin of the human mind</td></tr><tr><td>Source:</td><td>biosemiotics, 7(1), 11-27</td></tr><tr><td>Year:</td><td>2013</td></tr></table>"	https://doi.org/https://doi.org/10.1007/s12304-013-9189-1	-0.0245	-0.5639	6	44	72	3	0.3711	2013	3	0.3711
370	mario villalobos (2013)	"<table><tr><td>Authors:</td><td>mario villalobos</td></tr><tr><td>Title:</td><td>autopoiesis, life, mind and cognition: bases for a proper naturalistic continuity</td></tr><tr><td>Source:</td><td>biosemiotics, 6(3), 379-391</td></tr><tr><td>Year:</td><td>2013</td></tr></table>"	https://doi.org/https://doi.org/10.1007/s12304-013-9174-8	-0.3582	-0.362	9	73	90	3	0.3711	2013	3	0.3711
371	andrew winters (2013)	"<table><tr><td>Authors:</td><td>andrew winters</td></tr><tr><td>Title:</td><td>the evolutionary relevance of abstraction and representation</td></tr><tr><td>Source:</td><td>biosemiotics, 7(1), 125-139</td></tr><tr><td>Year:</td><td>2013</td></tr></table>"	https://doi.org/https://doi.org/10.1007/s12304-013-9197-1	-0.1632	-0.7858	4	32	50	3	0.3711	2013	3	0.3711
372	piera filippi (2013)	"<table><tr><td>Authors:</td><td>piera filippi</td></tr><tr><td>Title:</td><td>specifically human: going beyond perceptual syntax</td></tr><tr><td>Source:</td><td>biosemiotics, 7(1), 111-123</td></tr><tr><td>Year:</td><td>2013</td></tr></table>"	https://doi.org/https://doi.org/10.1007/s12304-013-9187-3	-0.0312	-0.6227	9	85	109	3	0.3711	2013	3	0.3711
373	franco giorgi (2012)	"<table><tr><td>Authors:</td><td>franco giorgi; luis emilio bruni; roberto maggio</td></tr><tr><td>Title:</td><td>semiotic selection of mutated or misfolded receptor proteins</td></tr><tr><td>Source:</td><td>biosemiotics, 6(2), 177-190</td></tr><tr><td>Year:</td><td>2012</td></tr></table>"	https://doi.org/https://doi.org/10.1007/s12304-012-9143-7	-0.8388	-0.2398	7	135	204	3	0.174	2012	3	0.174
374	james goss (2011)	"<table><tr><td>Authors:</td><td>james goss</td></tr><tr><td>Title:</td><td>poetics in schizophrenic language: speech, gesture and biosemiotics</td></tr><tr><td>Source:</td><td>biosemiotics, 4(3), 291-307</td></tr><tr><td>Year:</td><td>2011</td></tr></table>"	https://doi.org/https://doi.org/10.1007/s12304-011-9114-4	0.0122	-0.3955	6	34	44	3	0.3307	2011	3	0.3307
375	tyler james bennett (2022)	"<table><tr><td>Authors:</td><td>tyler james bennett</td></tr><tr><td>Title:</td><td>biosemiotic aesthetics may unify general semiotics</td></tr><tr><td>Source:</td><td>biosemiotics, 15(1), 23-26</td></tr><tr><td>Year:</td><td>2022</td></tr></table>"	https://doi.org/https://doi.org/10.1007/s12304-022-09483-x	0.7348	0.4599	1	64	81	3	0.59	2022	3	0.59
376	tim ireland (2022b)	"<table><tr><td>Authors:</td><td>tim ireland; paul cobley</td></tr><tr><td>Title:</td><td>introduction</td></tr><tr><td>Source:</td><td>biosemiotics, 15(2), 187-192</td></tr><tr><td>Year:</td><td>2022</td></tr></table>"	https://doi.org/https://doi.org/10.1007/s12304-022-09496-6	0.0565	0.2786	7	143	174	3	0.59	2022	3	0.59
377	arthur s. reber (2022)	"<table><tr><td>Authors:</td><td>arthur s. reber; františek baluška; william b. miller</td></tr><tr><td>Title:</td><td>ual is a token, not a type</td></tr><tr><td>Source:</td><td>biosemiotics, 15(3), 447-450</td></tr><tr><td>Year:</td><td>2022</td></tr></table>"	https://doi.org/https://doi.org/10.1007/s12304-022-09505-8	0.2401	1.1008	3	24	29	3	0.59	2022	3	0.59
378	jonathan delafield‐butt (2021)	"<table><tr><td>Authors:</td><td>jonathan delafield‐butt</td></tr><tr><td>Title:</td><td>agency and choice in evolution</td></tr><tr><td>Source:</td><td>biosemiotics, 14(1), 79-85</td></tr><tr><td>Year:</td><td>2021</td></tr></table>"	https://doi.org/https://doi.org/10.1007/s12304-021-09420-4	0.2814	-0.1273	6	20	33	4	0.7226	2021	4	0.7226
379	federico vega (2021a)	"<table><tr><td>Authors:</td><td>federico vega</td></tr><tr><td>Title:</td><td>an integrated account of rosen’s relational biology and peirce’s semiosis. part ii: analysis of protein synthesis</td></tr><tr><td>Source:</td><td>biosemiotics, 14(3), 717-741</td></tr><tr><td>Year:</td><td>2021</td></tr></table>"	https://doi.org/https://doi.org/10.1007/s12304-021-09438-8	-0.5943	0.3711	2	145	211	4	0.7226	2021	4	0.7226
380	ľudmila lacková (2021)	"<table><tr><td>Authors:</td><td>ľudmila lacková; dan faltýnek</td></tr><tr><td>Title:</td><td>can quantitative approaches develop bio/semiotic theory?</td></tr><tr><td>Source:</td><td>biosemiotics, 14(2), 237-240</td></tr><tr><td>Year:</td><td>2021</td></tr></table>"	https://doi.org/https://doi.org/10.1007/s12304-021-09443-x	-0.6881	0.495	5	40	43	4	0.7226	2021	4	0.7226
381	federico vega (2021b)	"<table><tr><td>Authors:</td><td>federico vega</td></tr><tr><td>Title:</td><td>an integrated account of rosen’s relational biology and peirce’s semiosis. part i: components and signs, final cause and interpretation</td></tr><tr><td>Source:</td><td>biosemiotics, 14(3), 697-716</td></tr><tr><td>Year:</td><td>2021</td></tr></table>"	https://doi.org/https://doi.org/10.1007/s12304-021-09441-z	-0.2003	0.0907	7	118	151	4	0.7226	2021	4	0.7226
382	tom froese (2021)	"<table><tr><td>Authors:</td><td>tom froese</td></tr><tr><td>Title:</td><td>to understand the origin of life we must first understand the role of normativity</td></tr><tr><td>Source:</td><td>biosemiotics, 14(3), 657-663</td></tr><tr><td>Year:</td><td>2021</td></tr></table>"	https://doi.org/https://doi.org/10.1007/s12304-021-09467-3	-0.306	0.4971	5	94	112	4	0.7226	2021	4	0.7226
383	stuart kauffman (2021)	"<table><tr><td>Authors:</td><td>stuart kauffman</td></tr><tr><td>Title:</td><td>autogen is a kantian whole in the non-entailed world</td></tr><tr><td>Source:</td><td>biosemiotics, 14(3), 569-572</td></tr><tr><td>Year:</td><td>2021</td></tr></table>"	https://doi.org/https://doi.org/10.1007/s12304-021-09466-4	-0.4168	0.7323	5	57	62	4	0.7226	2021	4	0.7226
384	riin magnus (2009)	"<table><tr><td>Authors:</td><td>riin magnus; kalevi kull</td></tr><tr><td>Title:</td><td>exemplifying umweltlehre through one’s own life a biography of jakob von uexküll by florian mildenberger</td></tr><tr><td>Source:</td><td>biosemiotics, 2(1), 121-125</td></tr><tr><td>Year:</td><td>2009</td></tr></table>"	https://doi.org/https://doi.org/10.1007/s12304-008-9030-4	0.5106	0.3171	1	32	41	3	0.1871	2009	3	0.1871
387	jon umerez (2009)	"<table><tr><td>Authors:</td><td>jon umerez</td></tr><tr><td>Title:</td><td>where does pattee’s “how does a molecule become a message?” belong in the history of biosemiotics?</td></tr><tr><td>Source:</td><td>biosemiotics, 2(3), 269-290</td></tr><tr><td>Year:</td><td>2009</td></tr></table>"	https://doi.org/https://doi.org/10.1007/s12304-009-9064-2	-0.7045	0.0963	2	203	483	3	0.1871	2009	3	0.1871
388	jonathan hope (2010)	"<table><tr><td>Authors:</td><td>jonathan hope</td></tr><tr><td>Title:</td><td>umwelträume and multisensory integration. mirror perspectives on the subject–object dichotomy</td></tr><tr><td>Source:</td><td>biosemiotics, 3(1), 93-105</td></tr><tr><td>Year:</td><td>2010</td></tr></table>"	https://doi.org/https://doi.org/10.1007/s12304-009-9067-z	0.4318	-0.4934	11	41	59	3	0.2108	2010	3	0.2108
389	alexei a. oskolski (2010)	"<table><tr><td>Authors:</td><td>alexei a. oskolski</td></tr><tr><td>Title:</td><td>the taxon as an ontological problem</td></tr><tr><td>Source:</td><td>biosemiotics, 4(2), 201-222</td></tr><tr><td>Year:</td><td>2010</td></tr></table>"	https://doi.org/https://doi.org/10.1007/s12304-010-9099-4	-0.1396	-0.4705	6	24	27	3	0.2108	2010	3	0.2108
390	jonathan hope (2017)	"<table><tr><td>Authors:</td><td>jonathan hope</td></tr><tr><td>Title:</td><td>various shapes of cultural biosemiotics</td></tr><tr><td>Source:</td><td>biosemiotics, 10(3), 397-411</td></tr><tr><td>Year:</td><td>2017</td></tr></table>"	https://doi.org/https://doi.org/10.1007/s12304-017-9307-6	0.5914	0.2352	1	124	175	3	0.2819	2017	3	0.2819
391	anton markoš (2008)	"<table><tr><td>Authors:</td><td>anton markoš</td></tr><tr><td>Title:</td><td>do biosemiotics, but don’t forget semiosis</td></tr><tr><td>Source:</td><td>biosemiotics, 2(1), 117-119</td></tr><tr><td>Year:</td><td>2008</td></tr></table>"	https://doi.org/https://doi.org/10.1007/s12304-008-9029-x	-1.1875	-0.0811	2	71	75	3	0.1839	2008	3	0.1839
393	andres kurismaa (2018)	"<table><tr><td>Authors:</td><td>andres kurismaa</td></tr><tr><td>Title:</td><td>assimiliating an associative trait: from eco-physiology to epigenetics</td></tr><tr><td>Source:</td><td>biosemiotics, 11(2), 199-229</td></tr><tr><td>Year:</td><td>2018</td></tr></table>"	https://doi.org/https://doi.org/10.1007/s12304-018-9324-0	-0.2176	0.5402	3	138	210	3	0.3947	2018	3	0.3947
394	marcel danesi (2018a)	"<table><tr><td>Authors:</td><td>marcel danesi</td></tr><tr><td>Title:</td><td>habit in peirce: a review of consensus on peirce’s concept of habit</td></tr><tr><td>Source:</td><td>biosemiotics, 11(3), 447-452</td></tr><tr><td>Year:</td><td>2018</td></tr></table>"	https://doi.org/https://doi.org/10.1007/s12304-018-9334-y	0.0208	-0.592	8	50	59	3	0.3947	2018	3	0.3947
395	mark pharoah (2018)	"<table><tr><td>Authors:</td><td>mark pharoah</td></tr><tr><td>Title:</td><td>qualitative attribution, phenomenal experience and being</td></tr><tr><td>Source:</td><td>biosemiotics, 11(3), 427-446</td></tr><tr><td>Year:</td><td>2018</td></tr></table>"	https://doi.org/https://doi.org/10.1007/s12304-018-9344-9	0.1859	-0.162	8	172	256	3	0.3947	2018	3	0.3947
396	victoria n. alexander (2019)	"<table><tr><td>Authors:</td><td>victoria n. alexander</td></tr><tr><td>Title:</td><td>the mechanism for mimicry: instant biosemiotic selection or gradual darwinian fine-tuning selection?</td></tr><tr><td>Source:</td><td>biosemiotics, 12(1), 39-55</td></tr><tr><td>Year:</td><td>2019</td></tr></table>"	https://doi.org/https://doi.org/10.1007/s12304-019-09349-9	0.4823	-0.1039	6	67	83	3	0.5127	2019	3	0.5127
397	kalevi kull (2019)	"<table><tr><td>Authors:</td><td>kalevi kull; ekaterina velmezova</td></tr><tr><td>Title:</td><td>jesper hoffmeyer: biosemiotics is a discovery</td></tr><tr><td>Source:</td><td>biosemiotics, 12(3), 373-379</td></tr><tr><td>Year:</td><td>2019</td></tr></table>"	https://doi.org/https://doi.org/10.1007/s12304-019-09367-7	-0.2453	-0.2481	5	221	337	3	0.5127	2019	3	0.5127
398	ľudmila lacková (2019)	"<table><tr><td>Authors:</td><td>ľudmila lacková</td></tr><tr><td>Title:</td><td>towards a processual approach in protein studies</td></tr><tr><td>Source:</td><td>biosemiotics, 12(3), 469-480</td></tr><tr><td>Year:</td><td>2019</td></tr></table>"	https://doi.org/https://doi.org/10.1007/s12304-019-09370-y	-0.2974	0.2743	3	122	156	3	0.5127	2019	3	0.5127
399	mirko cerrone (2019)	"<table><tr><td>Authors:</td><td>mirko cerrone</td></tr><tr><td>Title:</td><td>interspecies relationships and their influence on animal handling: a case study in the tallinn zoological gardens</td></tr><tr><td>Source:</td><td>biosemiotics, 13(1), 115-135</td></tr><tr><td>Year:</td><td>2019</td></tr></table>"	https://doi.org/https://doi.org/10.1007/s12304-019-09372-w	0.5228	-0.5943	4	175	206	3	0.5127	2019	3	0.5127
400	shuo-yu charlotte wu (2011)	"<table><tr><td>Authors:</td><td>shuo-yu charlotte wu</td></tr><tr><td>Title:</td><td>autopoiesis and interpretive semiosis</td></tr><tr><td>Source:</td><td>biosemiotics, 4(3), 309-330</td></tr><tr><td>Year:</td><td>2011</td></tr></table>"	https://doi.org/https://doi.org/10.1007/s12304-011-9115-3	-0.1904	-0.598	8	58	73	2	0.2205	2011	2	0.2205
401	han-liang chang (2011)	"<table><tr><td>Authors:</td><td>han-liang chang</td></tr><tr><td>Title:</td><td>plato and peirce on likeness and semblance</td></tr><tr><td>Source:</td><td>biosemiotics, 5(3), 301-312</td></tr><tr><td>Year:</td><td>2011</td></tr></table>"	https://doi.org/https://doi.org/10.1007/s12304-011-9134-0	-0.3895	-0.5162	10	40	41	2	0.2205	2011	2	0.2205
402	gerald ostdiek (2014)	"<table><tr><td>Authors:</td><td>gerald ostdiek</td></tr><tr><td>Title:</td><td>the manufacture of chance: firstness as a fixture of life</td></tr><tr><td>Source:</td><td>biosemiotics, 7(3), 361-376</td></tr><tr><td>Year:</td><td>2014</td></tr></table>"	https://doi.org/https://doi.org/10.1007/s12304-014-9208-x	-0.5468	-0.5286	10	61	83	2	0.1602	2014	2	0.1602
403	louis j. goldberg (2011)	"<table><tr><td>Authors:</td><td>louis j. goldberg; leonard a. rosenblum</td></tr><tr><td>Title:</td><td>on the genetic and epigenetic bases of primate signal processing</td></tr><tr><td>Source:</td><td>biosemiotics, 6(2), 161-176</td></tr><tr><td>Year:</td><td>2011</td></tr></table>"	https://doi.org/https://doi.org/10.1007/s12304-011-9135-z	-0.492	-0.3346	9	83	90	2	0.2205	2011	2	0.2205
404	victoria n. alexander (2014)	"<table><tr><td>Authors:</td><td>victoria n. alexander</td></tr><tr><td>Title:</td><td>introduction: toward a definition of biosemiosic chance</td></tr><tr><td>Source:</td><td>biosemiotics, 7(3), 329-334</td></tr><tr><td>Year:</td><td>2014</td></tr></table>"	https://doi.org/https://doi.org/10.1007/s12304-014-9207-y	-0.2079	-0.3406	4	183	247	2	0.1602	2014	2	0.1602
405	liz stillwaggon swan (2014)	"<table><tr><td>Authors:</td><td>liz stillwaggon swan</td></tr><tr><td>Title:</td><td>karl popper, forensic science, and nested codes</td></tr><tr><td>Source:</td><td>biosemiotics, 7(2), 309-319</td></tr><tr><td>Year:</td><td>2014</td></tr></table>"	https://doi.org/https://doi.org/10.1007/s12304-014-9215-y	-0.482	-1.0799	9	1	1	2	0.1602	2014	2	0.1602
406	gérard battail (2014)	"<table><tr><td>Authors:</td><td>gérard battail</td></tr><tr><td>Title:</td><td>barbieri’s organic codes enable error correction of genomes</td></tr><tr><td>Source:</td><td>biosemiotics, 7(2), 259-277</td></tr><tr><td>Year:</td><td>2014</td></tr></table>"	https://doi.org/https://doi.org/10.1007/s12304-014-9216-x	-1.4002	0.1451	2	124	263	2	0.1602	2014	2	0.1602
407	liz stillwaggon swan (2013)	"<table><tr><td>Authors:</td><td>liz stillwaggon swan; louis j. goldberg</td></tr><tr><td>Title:</td><td>introduction: mentis naturalis</td></tr><tr><td>Source:</td><td>biosemiotics, 6(3), 297-300</td></tr><tr><td>Year:</td><td>2013</td></tr></table>"	https://doi.org/https://doi.org/10.1007/s12304-013-9168-6	-0.6453	-0.4764	9	6	10	2	0.2474	2013	2	0.2474
408	zann gill (2013)	"<table><tr><td>Authors:</td><td>zann gill</td></tr><tr><td>Title:</td><td>the other edge of ockham’s razor: the a-pr hypothesis and the origin of mind</td></tr><tr><td>Source:</td><td>biosemiotics, 6(3), 403-419</td></tr><tr><td>Year:</td><td>2013</td></tr></table>"	https://doi.org/https://doi.org/10.1007/s12304-013-9176-6	-0.417	0.2815	5	76	108	2	0.2474	2013	2	0.2474
409	valentina cuccio (2013)	"<table><tr><td>Authors:</td><td>valentina cuccio</td></tr><tr><td>Title:</td><td>from a bodily-based format of knowledge to symbols. the evolution of human language</td></tr><tr><td>Source:</td><td>biosemiotics, 7(1), 49-61</td></tr><tr><td>Year:</td><td>2013</td></tr></table>"	https://doi.org/https://doi.org/10.1007/s12304-013-9184-6	0.3135	-0.7554	6	22	32	2	0.2474	2013	2	0.2474
410	angelo n. m. recchia-luciani (2011)	"<table><tr><td>Authors:</td><td>angelo n. m. recchia-luciani</td></tr><tr><td>Title:</td><td>manipulating representations</td></tr><tr><td>Source:</td><td>biosemiotics, 5(1), 95-120</td></tr><tr><td>Year:</td><td>2011</td></tr></table>"	https://doi.org/https://doi.org/10.1007/s12304-011-9116-2	-0.0618	-0.4577	4	189	248	2	0.2205	2011	2	0.2205
411	nathalie gontier (2021)	"<table><tr><td>Authors:</td><td>nathalie gontier</td></tr><tr><td>Title:</td><td>the plurality of evolutionary worldviews</td></tr><tr><td>Source:</td><td>biosemiotics, 14(1), 35-40</td></tr><tr><td>Year:</td><td>2021</td></tr></table>"	https://doi.org/https://doi.org/10.1007/s12304-021-09410-6	-0.088	0.1595	3	182	327	3	0.542	2021	3	0.542
412	jos de mul (2021)	"<table><tr><td>Authors:</td><td>jos de mul</td></tr><tr><td>Title:</td><td>the living sign. reading noble from a biosemiotic perspective</td></tr><tr><td>Source:</td><td>biosemiotics, 14(1), 107-113</td></tr><tr><td>Year:</td><td>2021</td></tr></table>"	https://doi.org/https://doi.org/10.1007/s12304-021-09426-y	-0.5714	0.1853	2	151	226	3	0.542	2021	3	0.542
413	alexander bolshoy (2021)	"<table><tr><td>Authors:</td><td>alexander bolshoy; ľudmila lacková</td></tr><tr><td>Title:</td><td>illusions of linguistics and illusions of modern synthesis: two parallel stories</td></tr><tr><td>Source:</td><td>biosemiotics, 14(1), 115-119</td></tr><tr><td>Year:</td><td>2021</td></tr></table>"	https://doi.org/https://doi.org/10.1007/s12304-021-09429-9	-0.2092	0.6574	3	104	141	3	0.542	2021	3	0.542
414	j. augustus bacigalupi (2021)	"<table><tr><td>Authors:</td><td>j. augustus bacigalupi; victoria n. alexander</td></tr><tr><td>Title:</td><td>creative agency via higher-dimensional constraints</td></tr><tr><td>Source:</td><td>biosemiotics, 14(1), 87-93</td></tr><tr><td>Year:</td><td>2021</td></tr></table>"	https://doi.org/https://doi.org/10.1007/s12304-021-09418-y	0.4182	0.8775	3	14	26	3	0.542	2021	3	0.542
415	morten tønnessen (2021)	"<table><tr><td>Authors:</td><td>morten tønnessen</td></tr><tr><td>Title:</td><td>making the umwelt bubble of the modern synthesis burst</td></tr><tr><td>Source:</td><td>biosemiotics, 14(1), 121-125</td></tr><tr><td>Year:</td><td>2021</td></tr></table>"	https://doi.org/https://doi.org/10.1007/s12304-021-09430-2	0.2109	0.5926	3	106	119	3	0.542	2021	3	0.542
416	antoni hernández‐fernández (2021)	"<table><tr><td>Authors:</td><td>antoni hernández‐fernández</td></tr><tr><td>Title:</td><td>qualitative and quantitative examples of natural and artificial phenomena</td></tr><tr><td>Source:</td><td>biosemiotics, 14(2), 377-390</td></tr><tr><td>Year:</td><td>2021</td></tr></table>"	https://doi.org/https://doi.org/10.1007/s12304-021-09423-1	-0.4984	-0.0893	4	244	397	3	0.542	2021	3	0.542
417	andrew m. winters (2021)	"<table><tr><td>Authors:</td><td>andrew m. winters</td></tr><tr><td>Title:</td><td>the evolvability of evolutionary theories: a reply to denis noble</td></tr><tr><td>Source:</td><td>biosemiotics, 14(3), 669-673</td></tr><tr><td>Year:</td><td>2021</td></tr></table>"	https://doi.org/https://doi.org/10.1007/s12304-021-09446-8	0.248	0.7292	3	41	43	3	0.542	2021	3	0.542
418	amelia lewis (2021b)	"<table><tr><td>Authors:</td><td>amelia lewis</td></tr><tr><td>Title:</td><td>a biosemiotic perspective on reward-based animal training techniques</td></tr><tr><td>Source:</td><td>biosemiotics, 14(3), 767-782</td></tr><tr><td>Year:</td><td>2021</td></tr></table>"	https://doi.org/https://doi.org/10.1007/s12304-021-09447-7	0.8009	0.222	1	58	80	3	0.542	2021	3	0.542
419	thomas e. dickins (2021)	"<table><tr><td>Authors:</td><td>thomas e. dickins</td></tr><tr><td>Title:</td><td>data and context</td></tr><tr><td>Source:</td><td>biosemiotics, 14(3), 633-642</td></tr><tr><td>Year:</td><td>2021</td></tr></table>"	https://doi.org/https://doi.org/10.1007/s12304-021-09454-8	-0.7432	0.5472	5	101	126	3	0.542	2021	3	0.542
420	ruth garrett millikan (2021)	"<table><tr><td>Authors:</td><td>ruth garrett millikan</td></tr><tr><td>Title:</td><td>comment on the relation between representation and information</td></tr><tr><td>Source:</td><td>biosemiotics, 14(3), 581-582</td></tr><tr><td>Year:</td><td>2021</td></tr></table>"	https://doi.org/https://doi.org/10.1007/s12304-021-09468-2	-0.5166	0.7366	5	29	29	3	0.542	2021	3	0.542
421	ryad benosman (2010)	"<table><tr><td>Authors:</td><td>ryad benosman</td></tr><tr><td>Title:</td><td>vision without frames: a semiotic paradigm of event based computer vision</td></tr><tr><td>Source:</td><td>biosemiotics, 3(1), 1-16</td></tr><tr><td>Year:</td><td>2010</td></tr></table>"	https://doi.org/https://doi.org/10.1007/s12304-009-9071-3	-0.5145	-0.182	7	21	22	2	0.1405	2010	2	0.1405
422	stephen pain (2009a)	"<table><tr><td>Authors:</td><td>stephen pain</td></tr><tr><td>Title:</td><td>signs of anger: representation of agonistic behaviour in invertebrate cognition</td></tr><tr><td>Source:</td><td>biosemiotics, 2(2), 181-191</td></tr><tr><td>Year:</td><td>2009</td></tr></table>"	https://doi.org/https://doi.org/10.1007/s12304-009-9043-7	0.2817	-0.1462	6	9	11	2	0.1247	2009	2	0.1247
423	kalevi kull (2012)	"<table><tr><td>Authors:</td><td>kalevi kull; ekaterina velmezova</td></tr><tr><td>Title:</td><td>biosemiotics in a gallery</td></tr><tr><td>Source:</td><td>biosemiotics, 5(3), 313-317</td></tr><tr><td>Year:</td><td>2012</td></tr></table>"	https://doi.org/https://doi.org/10.1007/s12304-012-9139-3	-0.0942	0.445	5	111	143	2	0.116	2012	2	0.116
425	christine a. james (2009)	"<table><tr><td>Authors:</td><td>christine a. james</td></tr><tr><td>Title:</td><td>language and emotional knowledge: a case study on ability and disability in williams syndrome</td></tr><tr><td>Source:</td><td>biosemiotics, 2(2), 151-167</td></tr><tr><td>Year:</td><td>2009</td></tr></table>"	https://doi.org/https://doi.org/10.1007/s12304-009-9039-3	1.4268	0.4499	1	2	2	2	0.1247	2009	2	0.1247
426	c. david suárez pascal (2017)	"<table><tr><td>Authors:</td><td>c. david suárez pascal</td></tr><tr><td>Title:</td><td>merging biological metaphors. creativity, darwinism and biosemiotics</td></tr><tr><td>Source:</td><td>biosemiotics, 10(3), 369-378</td></tr><tr><td>Year:</td><td>2017</td></tr></table>"	https://doi.org/https://doi.org/10.1007/s12304-017-9297-4	-0.1402	0.3345	3	169	219	2	0.1879	2017	2	0.1879
427	theresa schilhab (2017)	"<table><tr><td>Authors:</td><td>theresa schilhab</td></tr><tr><td>Title:</td><td>embodied cognition and science criticism: juxtaposing the early nietzsche and ingold’s anthropology</td></tr><tr><td>Source:</td><td>biosemiotics, 10(3), 469-476</td></tr><tr><td>Year:</td><td>2017</td></tr></table>"	https://doi.org/https://doi.org/10.1007/s12304-017-9305-8	-0.5418	0.5779	5	7	9	2	0.1879	2017	2	0.1879
428	timo maran (2017b)	"<table><tr><td>Authors:</td><td>timo maran; alexei a. sharov; morten tønnessen</td></tr><tr><td>Title:</td><td>the first decade of biosemiotics</td></tr><tr><td>Source:</td><td>biosemiotics, 10(3), 315-318</td></tr><tr><td>Year:</td><td>2017</td></tr></table>"	https://doi.org/https://doi.org/10.1007/s12304-017-9310-y	0.16	0.1227	1	111	136	2	0.1879	2017	2	0.1879
429	jessica riskin (2023)	"<table><tr><td>Authors:</td><td>jessica riskin</td></tr><tr><td>Title:</td><td>questions for jablonka and ginsburg drawn from lamarck’s life-made world</td></tr><tr><td>Source:</td><td>biosemiotics, 16(1), 27-34</td></tr><tr><td>Year:</td><td>2023</td></tr></table>"	https://doi.org/https://doi.org/10.1007/s12304-023-09523-0	0.3435	1.0884	3	22	22	1	0.3875	2023	1	0.3875
430	álvaro moreno (2023)	"<table><tr><td>Authors:</td><td>álvaro moreno</td></tr><tr><td>Title:</td><td>some reflections on the evolution of conscious agents: the relevance of body plans</td></tr><tr><td>Source:</td><td>biosemiotics, 16(1), 35-43</td></tr><tr><td>Year:</td><td>2023</td></tr></table>"	https://doi.org/https://doi.org/10.1007/s12304-023-09525-y	0.3332	1.069	3	35	45	1	0.3875	2023	1	0.3875
431	terrence w. deacon (2023)	"<table><tr><td>Authors:</td><td>terrence w. deacon</td></tr><tr><td>Title:</td><td>minimal properties of a natural semiotic system: response to commentaries on “how molecules became signs”</td></tr><tr><td>Source:</td><td>biosemiotics, 16(1), 1-13</td></tr><tr><td>Year:</td><td>2023</td></tr></table>"	https://doi.org/https://doi.org/10.1007/s12304-023-09527-w	-0.5324	0.7251	5	38	44	1	0.3875	2023	1	0.3875
432	иван фомин (2023a)	"<table><tr><td>Authors:</td><td>иван фомин</td></tr><tr><td>Title:</td><td>poti-interpretants, sin-interpretants, and legi-interpretants: rethinking semiotic causation as production of signs</td></tr><tr><td>Source:</td><td>biosemiotics, 16(2), 197-218</td></tr><tr><td>Year:</td><td>2023</td></tr></table>"	https://doi.org/https://doi.org/10.1007/s12304-023-09535-w	0.1399	0.106	11	157	203	1	0.3875	2023	1	0.3875
433	kalevi kull (2023)	<table><tr><td>Authors:</td><td>kalevi kull</td></tr><tr><td>Title:</td><td>interview with gerd b. müller on theoretical biology</td></tr><tr><td>Source:</td><td>biosemiotics</td></tr><tr><td>Year:</td><td>2023</td></tr></table>	https://doi.org/https://doi.org/10.1007/s12304-023-09543-w	0.2586	0.6389	3	11	11	1	0.3875	2023	1	0.3875
434	liqian zhou (2023)	"<table><tr><td>Authors:</td><td>liqian zhou</td></tr><tr><td>Title:</td><td>more constraints, more freedom: revisit semiotic scaffolding, semiotic freedom, and semiotic emergence</td></tr><tr><td>Source:</td><td>biosemiotics</td></tr><tr><td>Year:</td><td>2023</td></tr></table>"	https://doi.org/https://doi.org/10.1007/s12304-023-09548-5	-0.2562	0.5397	5	261	446	1	0.3875	2023	1	0.3875
435	eva jablonka (2023)	"<table><tr><td>Authors:</td><td>eva jablonka; simona ginsburg</td></tr><tr><td>Title:</td><td>living and experiencing: response to commentaries</td></tr><tr><td>Source:</td><td>biosemiotics, 17(1), 111-130</td></tr><tr><td>Year:</td><td>2023</td></tr></table>"	https://doi.org/https://doi.org/10.1007/s12304-023-09549-4	0.2946	0.8991	3	110	183	1	0.3875	2023	1	0.3875
436	séan ó nualláin (2008)	"<table><tr><td>Authors:</td><td>séan ó nualláin</td></tr><tr><td>Title:</td><td>subjects and objects: metaphysics, biology, consciousness, and cognition</td></tr><tr><td>Source:</td><td>biosemiotics, 1(2), 239-251</td></tr><tr><td>Year:</td><td>2008</td></tr></table>"	https://doi.org/https://doi.org/10.1007/s12304-008-9016-2	-0.2382	-0.0762	4	74	110	2	0.1226	2008	2	0.1226
437	guillermo lorenzo (2018)	"<table><tr><td>Authors:</td><td>guillermo lorenzo</td></tr><tr><td>Title:</td><td>long-distance paradox and the hybrid nature of language</td></tr><tr><td>Source:</td><td>biosemiotics, 11(3), 387-404</td></tr><tr><td>Year:</td><td>2018</td></tr></table>"	https://doi.org/https://doi.org/10.1007/s12304-018-9331-1	-0.3506	-0.7691	9	105	161	2	0.2632	2018	2	0.2632
438	andrej spiridonov (2018)	"<table><tr><td>Authors:</td><td>andrej spiridonov</td></tr><tr><td>Title:</td><td>prum’s aesthetic theory of evolution: beauty happens and it can change a great many things</td></tr><tr><td>Source:</td><td>biosemiotics, 11(3), 455-462</td></tr><tr><td>Year:</td><td>2018</td></tr></table>"	https://doi.org/https://doi.org/10.1007/s12304-018-9343-x	-0.0072	0.4193	3	104	136	2	0.2632	2018	2	0.2632
439	daichi g. suzuki (2022)	"<table><tr><td>Authors:</td><td>daichi g. suzuki</td></tr><tr><td>Title:</td><td>the anthropic principle for the evolutionary biology of consciousness: beyond anthropocentrism and anthropomorphism</td></tr><tr><td>Source:</td><td>biosemiotics, 15(1), 171-186</td></tr><tr><td>Year:</td><td>2022</td></tr></table>"	https://doi.org/https://doi.org/10.1007/s12304-022-09474-y	0.0835	0.5463	3	160	217	2	0.3933	2022	2	0.3933
440	karel kleisner (2022)	"<table><tr><td>Authors:</td><td>karel kleisner</td></tr><tr><td>Title:</td><td>semiotic fitting, co-option, and the art of life</td></tr><tr><td>Source:</td><td>biosemiotics, 15(1), 31-35</td></tr><tr><td>Year:</td><td>2022</td></tr></table>"	https://doi.org/https://doi.org/10.1007/s12304-022-09484-w	1.203	-0.1173	6	52	73	2	0.3933	2022	2	0.3933
441	silver rattasepp (2022)	"<table><tr><td>Authors:</td><td>silver rattasepp</td></tr><tr><td>Title:</td><td>ontography and maieutics, or speculative notes on an ethos for umwelt theory</td></tr><tr><td>Source:</td><td>biosemiotics, 15(2), 357-372</td></tr><tr><td>Year:</td><td>2022</td></tr></table>"	https://doi.org/https://doi.org/10.1007/s12304-022-09492-w	0.6371	0.1317	1	94	122	2	0.3933	2022	2	0.3933
442	siiri tarrikas (2022)	"<table><tr><td>Authors:</td><td>siiri tarrikas</td></tr><tr><td>Title:</td><td>modelling animal creativity from uexküllian approach—attention, search image and search tone</td></tr><tr><td>Source:</td><td>biosemiotics, 15(3), 531-553</td></tr><tr><td>Year:</td><td>2022</td></tr></table>"	https://doi.org/https://doi.org/10.1007/s12304-022-09498-4	0.3599	-0.0303	8	172	258	2	0.3933	2022	2	0.3933
443	b.p. van heusden (2022)	"<table><tr><td>Authors:</td><td>b.p. van heusden</td></tr><tr><td>Title:</td><td>perception, action, and sense making: the three realms of the aesthetic</td></tr><tr><td>Source:</td><td>biosemiotics, 15(2), 379-383</td></tr><tr><td>Year:</td><td>2022</td></tr></table>"	https://doi.org/https://doi.org/10.1007/s12304-022-09482-y	0.4347	0.6169	3	38	42	2	0.3933	2022	2	0.3933
444	arthur araújo (2022)	"<table><tr><td>Authors:</td><td>arthur araújo</td></tr><tr><td>Title:</td><td>rené thom, reader of jakob von uexküll (meaning as topological space)</td></tr><tr><td>Source:</td><td>biosemiotics, 15(3), 555-573</td></tr><tr><td>Year:</td><td>2022</td></tr></table>"	https://doi.org/https://doi.org/10.1007/s12304-022-09503-w	0.5235	0.0688	8	107	128	2	0.3933	2022	2	0.3933
445	david chun yin li (2024)	"<table><tr><td>Authors:</td><td>david chun yin li</td></tr><tr><td>Title:</td><td>navigating the evolvability landscape — essay review of hansen t.f., houle, d., pavlicev, m., &amp; pelabon, c. (eds.). (2023). evolvability: a unifying concept in evolutionary biology? mit press</td></tr><tr><td>Source:</td><td>biosemiotics, 17(1), 257-263</td></tr><tr><td>Year:</td><td>2024</td></tr></table>"	https://doi.org/https://doi.org/10.1007/s12304-024-09552-3	0.3945	0.6613	3	16	16	0	0	2024	0	0
446	pauline delahaye (2024)	"<table><tr><td>Authors:</td><td>pauline delahaye</td></tr><tr><td>Title:</td><td>interspecific cohabitation in urban context: modelling, diagnostic and problem-solving from a semiotics perspective</td></tr><tr><td>Source:</td><td>biosemiotics, 17(1), 211-232</td></tr><tr><td>Year:</td><td>2024</td></tr></table>"	https://doi.org/https://doi.org/10.1007/s12304-024-09555-0	1.2808	-0.1716	1	24	31	0	0	2024	0	0
447	mattia berera (2024)	"<table><tr><td>Authors:</td><td>mattia berera</td></tr><tr><td>Title:</td><td>efficiency in organism-environment information exchanges: a semantic hierarchy of logical types based on the trial-and-error strategy behind the emergence of knowledge</td></tr><tr><td>Source:</td><td>biosemiotics, 17(1), 131-160</td></tr><tr><td>Year:</td><td>2024</td></tr></table>"	https://doi.org/https://doi.org/10.1007/s12304-024-09554-1	-0.8174	0.3605	2	85	101	0	0	2024	0	0
448	robert prinz (2024b)	"<table><tr><td>Authors:</td><td>robert prinz</td></tr><tr><td>Title:</td><td>phantom signs – hidden (bio)semiosis in the human body(?)</td></tr><tr><td>Source:</td><td>biosemiotics, 17(2), 693-712</td></tr><tr><td>Year:</td><td>2024</td></tr></table>"	https://doi.org/https://doi.org/10.1007/s12304-024-09556-z	-0.7941	-0.0292	2	74	76	0	0	2024	0	0
449	morten tønnessen (2024)	"<table><tr><td>Authors:</td><td>morten tønnessen</td></tr><tr><td>Title:</td><td>understanding subjecthood and experience</td></tr><tr><td>Source:</td><td>biosemiotics, 17(2), 733-735</td></tr><tr><td>Year:</td><td>2024</td></tr></table>"	https://doi.org/https://doi.org/10.1007/s12304-024-09557-y	0.3906	1.1085	3	16	17	0	0	2024	0	0
450	yogi hale hendlin (2024a)	"<table><tr><td>Authors:</td><td>yogi hale hendlin</td></tr><tr><td>Title:</td><td>introduction to the special issue, ‘the biosemiotics of waste’</td></tr><tr><td>Source:</td><td>biosemiotics, 17(1), 1-10</td></tr><tr><td>Year:</td><td>2024</td></tr></table>"	https://doi.org/https://doi.org/10.1007/s12304-024-09559-w	0.8125	0.2996	1	59	68	0	0	2024	0	0
451	yogi hale hendlin (2024b)	"<table><tr><td>Authors:</td><td>yogi hale hendlin</td></tr><tr><td>Title:</td><td>semiocide as negation: review of michael marder’s dump philosophy</td></tr><tr><td>Source:</td><td>biosemiotics, 17(1), 233-255</td></tr><tr><td>Year:</td><td>2024</td></tr></table>"	https://doi.org/https://doi.org/10.1007/s12304-024-09558-x	0.612	0.4199	1	169	251	0	0	2024	0	0
452	peter lang (2024)	"<table><tr><td>Authors:</td><td>peter lang</td></tr><tr><td>Title:</td><td>deleuze and biosemiotics: biological emergence, agency, and subjectivity in logic of sense and a thousand plateaus</td></tr><tr><td>Source:</td><td>biosemiotics, 17(2), 607-626</td></tr><tr><td>Year:</td><td>2024</td></tr></table>"	https://doi.org/https://doi.org/10.1007/s12304-024-09567-w	0.5512	0.9232	12	133	170	0	0	2024	0	0
453	naoki nomura (2024)	"<table><tr><td>Authors:</td><td>naoki nomura</td></tr><tr><td>Title:</td><td>event matching and the biological production of spacetime</td></tr><tr><td>Source:</td><td>biosemiotics, 17(2), 713-731</td></tr><tr><td>Year:</td><td>2024</td></tr></table>"	https://doi.org/https://doi.org/10.1007/s12304-024-09564-z	-0.0044	0.2944	7	57	91	0	0	2024	0	0
454	matěj pudil (2024)	"<table><tr><td>Authors:</td><td>matěj pudil</td></tr><tr><td>Title:</td><td>man in relation to the world: umwelt–welt transition</td></tr><tr><td>Source:</td><td>biosemiotics, 17(2), 297-317</td></tr><tr><td>Year:</td><td>2024</td></tr></table>"	https://doi.org/https://doi.org/10.1007/s12304-024-09571-0	0.7517	0.1291	1	72	99	0	0	2024	0	0
455	patrik lindenfors (2024)	"<table><tr><td>Authors:</td><td>patrik lindenfors</td></tr><tr><td>Title:</td><td>res cogitans – the evolution of thinking</td></tr><tr><td>Source:</td><td>biosemiotics, 17(2), 655-670</td></tr><tr><td>Year:</td><td>2024</td></tr></table>"	https://doi.org/https://doi.org/10.1007/s12304-024-09565-y	-0.0847	0.3971	5	85	90	0	0	2024	0	0
456	jessica lombard (2024)	"<table><tr><td>Authors:</td><td>jessica lombard</td></tr><tr><td>Title:</td><td>a foray into welt and umwelt: rereading the onto-ethological discussion between heidegger and uexküll</td></tr><tr><td>Source:</td><td>biosemiotics, 17(2), 273-296</td></tr><tr><td>Year:</td><td>2024</td></tr></table>"	https://doi.org/https://doi.org/10.1007/s12304-024-09570-1	0.691	0.2831	1	44	61	0	0	2024	0	0
457	pascal carlier (2024)	"<table><tr><td>Authors:</td><td>pascal carlier</td></tr><tr><td>Title:</td><td>descriptive phenomenology as an alternative to prevent the theory-ladenness of observation in the study of animal behavior: opening towards an etho-phenomenology</td></tr><tr><td>Source:</td><td>biosemiotics, 17(2), 449-467</td></tr><tr><td>Year:</td><td>2024</td></tr></table>"	https://doi.org/https://doi.org/10.1007/s12304-024-09573-y	0.6006	0.1448	1	57	62	0	0	2024	0	0
458	carlos vidales (2024)	"<table><tr><td>Authors:</td><td>carlos vidales; julio horta</td></tr><tr><td>Title:</td><td>a philosophical and cybersemiotic reading of von uexküll’s umwelt theory</td></tr><tr><td>Source:</td><td>biosemiotics, 17(2), 319-339</td></tr><tr><td>Year:</td><td>2024</td></tr></table>"	https://doi.org/https://doi.org/10.1007/s12304-024-09572-z	0.3427	0.1495	1	107	135	0	0	2024	0	0
459	ke tang (2024)	"<table><tr><td>Authors:</td><td>ke tang</td></tr><tr><td>Title:</td><td>the implications of umwelt in poetics: the case of ye xie, a seventeenth-century chinese poet and critic</td></tr><tr><td>Source:</td><td>biosemiotics, 17(2), 547-563</td></tr><tr><td>Year:</td><td>2024</td></tr></table>"	https://doi.org/https://doi.org/10.1007/s12304-024-09578-7	0.9232	0.4246	1	35	39	0	0	2024	0	0
460	ombre tarragnat (2024)	"<table><tr><td>Authors:</td><td>ombre tarragnat</td></tr><tr><td>Title:</td><td>umwelt theory and dis/harmony: forays into dis/ability, dis/ease, trauma, and ethological divergence</td></tr><tr><td>Source:</td><td>biosemiotics, 17(2), 431-448</td></tr><tr><td>Year:</td><td>2024</td></tr></table>"	https://doi.org/https://doi.org/10.1007/s12304-024-09574-x	0.825	0.2287	1	24	26	0	0	2024	0	0
461	c.s.l. kusters (2024)	"<table><tr><td>Authors:</td><td>c.s.l. kusters</td></tr><tr><td>Title:</td><td>meaning without agency: the establishment of meaningful time relations as prerequisite for the emergence of biosemiosis</td></tr><tr><td>Source:</td><td>biosemiotics, 17(3), 793-815</td></tr><tr><td>Year:</td><td>2024</td></tr></table>"	https://doi.org/https://doi.org/10.1007/s12304-024-09585-8	-0.0527	0.62	5	96	115	0	0	2024	0	0
462	krystof kasprzak (2024)	"<table><tr><td>Authors:</td><td>krystof kasprzak; jonna bornemark</td></tr><tr><td>Title:</td><td>umwelt and melody: the inter-species dynamics of search and rescue dog teams</td></tr><tr><td>Source:</td><td>biosemiotics, 17(2), 587-606</td></tr><tr><td>Year:</td><td>2024</td></tr></table>"	https://doi.org/https://doi.org/10.1007/s12304-024-09581-y	0.4828	0.1965	1	32	34	0	0	2024	0	0
463	rania magdi fawzy (2024)	"<table><tr><td>Authors:</td><td>rania magdi fawzy; shahinaz hesham elsamadoni</td></tr><tr><td>Title:</td><td>an umwelt-to-umwelt rhythmical interaction: a biosemiotic reading of cultural embodiment in the context of humanitarian vr</td></tr><tr><td>Source:</td><td>biosemiotics, 17(3), 847-864</td></tr><tr><td>Year:</td><td>2024</td></tr></table>"	https://doi.org/https://doi.org/10.1007/s12304-024-09588-5	0.6015	0.3581	1	97	135	0	0	2024	0	0
465	alexei a. sharov (2024)	"<table><tr><td>Authors:</td><td>alexei a. sharov</td></tr><tr><td>Title:</td><td>following developments of biosemiotics</td></tr><tr><td>Source:</td><td>biosemiotics, 17(3), 737-739</td></tr><tr><td>Year:</td><td>2024</td></tr></table>"	https://doi.org/https://doi.org/10.1007/s12304-024-09591-w	0.132	0.6605	3	75	91	0	0	2024	0	0
466	elis aldana (2019)	"<table><tr><td>Authors:</td><td>elis aldana; fernando otálora-luna</td></tr><tr><td>Title:</td><td>artistic notion of mimicry, a case study: does triatoma maculata (hemiptera: reduviidae: triatominae) plagiarize bees, tigers or traffic signals?</td></tr><tr><td>Source:</td><td>biosemiotics, 12(1), 157-174</td></tr><tr><td>Year:</td><td>2019</td></tr></table>"	https://doi.org/https://doi.org/10.1007/s12304-019-09351-1	0.0932	-0.4646	6	214	323	2	0.3418	2019	2	0.3418
467	karel kleisner (2019)	"<table><tr><td>Authors:</td><td>karel kleisner; timo maran</td></tr><tr><td>Title:</td><td>introduction to signs and communication in mimicry</td></tr><tr><td>Source:</td><td>biosemiotics, 12(1), 1-6</td></tr><tr><td>Year:</td><td>2019</td></tr></table>"	https://doi.org/https://doi.org/10.1007/s12304-019-09352-0	0.831	-0.322	6	41	63	2	0.3418	2019	2	0.3418
468	yogi hale hendlin (2019a)	"<table><tr><td>Authors:</td><td>yogi hale hendlin</td></tr><tr><td>Title:</td><td>methodologies of curiosity: epistemology, practice, and the question of animal minds</td></tr><tr><td>Source:</td><td>biosemiotics, 12(2), 349-356</td></tr><tr><td>Year:</td><td>2019</td></tr></table>"	https://doi.org/https://doi.org/10.1007/s12304-019-09357-9	0.2415	-0.0795	11	165	245	2	0.3418	2019	2	0.3418
469	majid davoody beni (2019)	"<table><tr><td>Authors:</td><td>majid davoody beni</td></tr><tr><td>Title:</td><td>new mechanistic philosophy and the scientific prospects of code biology</td></tr><tr><td>Source:</td><td>biosemiotics, 12(2), 197-211</td></tr><tr><td>Year:</td><td>2019</td></tr></table>"	https://doi.org/https://doi.org/10.1007/s12304-019-09360-0	-0.4314	0.3876	2	173	247	2	0.3418	2019	2	0.3418
470	amelia lewis (2020b)	"<table><tr><td>Authors:</td><td>amelia lewis</td></tr><tr><td>Title:</td><td>in search of a unified theory of sensory perception: possible links between the vibrational mechanism of olfaction and the evolution of language</td></tr><tr><td>Source:</td><td>biosemiotics, 13(2), 261-270</td></tr><tr><td>Year:</td><td>2020</td></tr></table>"	https://doi.org/https://doi.org/10.1007/s12304-020-09380-1	0.117	-0.827	4	122	136	2	0.243	2020	2	0.243
471	nathalie blanc (2020)	"<table><tr><td>Authors:</td><td>nathalie blanc</td></tr><tr><td>Title:</td><td>animals in the midst of cities</td></tr><tr><td>Source:</td><td>biosemiotics, 13(3), 411-429</td></tr><tr><td>Year:</td><td>2020</td></tr></table>"	https://doi.org/https://doi.org/10.1007/s12304-020-09389-6	0.6966	0.3514	1	70	86	2	0.243	2020	2	0.243
472	robert langs (2014)	"<table><tr><td>Authors:</td><td>robert langs</td></tr><tr><td>Title:</td><td>an archetypal mental coding process</td></tr><tr><td>Source:</td><td>biosemiotics, 7(2), 299-307</td></tr><tr><td>Year:</td><td>2014</td></tr></table>"	https://doi.org/https://doi.org/10.1007/s12304-014-9214-z	-1.3201	-0.179	2	70	136	1	0.0801	2014	1	0.0801
473	gennaro auletta (2014)	"<table><tr><td>Authors:</td><td>gennaro auletta; lluc torcal</td></tr><tr><td>Title:</td><td>chance and events: the way in which nature surprises us</td></tr><tr><td>Source:</td><td>biosemiotics, 7(3), 335-350</td></tr><tr><td>Year:</td><td>2014</td></tr></table>"	https://doi.org/https://doi.org/10.1007/s12304-014-9205-0	-0.66	-0.5792	4	166	236	1	0.0801	2014	1	0.0801
474	guenther witzany (2015)	"<table><tr><td>Authors:</td><td>guenther witzany</td></tr><tr><td>Title:</td><td>evolution and technique of human thinking</td></tr><tr><td>Source:</td><td>biosemiotics, 8(3), 503-508</td></tr><tr><td>Year:</td><td>2015</td></tr></table>"	https://doi.org/https://doi.org/10.1007/s12304-015-9240-5	-2.6585	0.0634	2	2	2	1	0.0265	2015	1	0.0265
475	gerald ostdiek (2016)	"<table><tr><td>Authors:</td><td>gerald ostdiek</td></tr><tr><td>Title:</td><td>me, myself, and semiotic function: finding the “i” in biology</td></tr><tr><td>Source:</td><td>biosemiotics, 9(3), 435-450</td></tr><tr><td>Year:</td><td>2016</td></tr></table>"	https://doi.org/https://doi.org/10.1007/s12304-016-9268-1	-0.4659	-0.6021	10	54	69	1	0.0943	2016	1	0.0943
476	mogens kilstrup (2016)	"<table><tr><td>Authors:</td><td>mogens kilstrup</td></tr><tr><td>Title:</td><td>the forbidden signs</td></tr><tr><td>Source:</td><td>biosemiotics, 9(3), 467-483</td></tr><tr><td>Year:</td><td>2016</td></tr></table>"	https://doi.org/https://doi.org/10.1007/s12304-016-9277-0	-0.1057	0.34	3	59	60	1	0.0943	2016	1	0.0943
477	majid davoody beni (2016)	"<table><tr><td>Authors:</td><td>majid davoody beni</td></tr><tr><td>Title:</td><td>the code model of biosemiotics and the fate of the structuralist theory of mental representation</td></tr><tr><td>Source:</td><td>biosemiotics, 10(1), 99-107</td></tr><tr><td>Year:</td><td>2016</td></tr></table>"	https://doi.org/https://doi.org/10.1007/s12304-016-9280-5	-0.8794	0.4042	2	104	138	1	0.0943	2016	1	0.0943
478	kalevi kull (2014)	"<table><tr><td>Authors:</td><td>kalevi kull</td></tr><tr><td>Title:</td><td>beyond word: on the semiotic mechanisms</td></tr><tr><td>Source:</td><td>biosemiotics, 7(3), 465-470</td></tr><tr><td>Year:</td><td>2014</td></tr></table>"	https://doi.org/https://doi.org/10.1007/s12304-014-9209-9	0.1626	0.2652	3	60	72	1	0.0801	2014	1	0.0801
480	anna aragno (2012)	"<table><tr><td>Authors:</td><td>anna aragno</td></tr><tr><td>Title:</td><td>phenomenology of psychoanalytic data. a biosemiotic framework</td></tr><tr><td>Source:</td><td>biosemiotics, 6(3), 473-488</td></tr><tr><td>Year:</td><td>2012</td></tr></table>"	https://doi.org/https://doi.org/10.1007/s12304-012-9160-6	-0.3271	-1.2565	4	104	118	1	0.058	2012	1	0.058
481	phillip pahin (2012)	"<table><tr><td>Authors:</td><td>phillip pahin; alyx macfadyen</td></tr><tr><td>Title:</td><td>a human-animal relational aesthetic: towards a zoophilic representation of animals in art</td></tr><tr><td>Source:</td><td>biosemiotics, 6(2), 231-243</td></tr><tr><td>Year:</td><td>2012</td></tr></table>"	https://doi.org/https://doi.org/10.1007/s12304-012-9157-1	-0.1257	-0.0908	9	70	72	1	0.058	2012	1	0.058
482	louis j. goldberg (2013)	"<table><tr><td>Authors:</td><td>louis j. goldberg</td></tr><tr><td>Title:</td><td>face recognition and the social individual</td></tr><tr><td>Source:</td><td>biosemiotics, 6(3), 573-583</td></tr><tr><td>Year:</td><td>2013</td></tr></table>"	https://doi.org/https://doi.org/10.1007/s12304-013-9188-2	-0.4769	-0.7039	9	115	127	1	0.1237	2013	1	0.1237
483	anna aragno (2011)	"<table><tr><td>Authors:</td><td>anna aragno</td></tr><tr><td>Title:</td><td>the marriage of psychoanalytic methodology with the biosemiotic agenda</td></tr><tr><td>Source:</td><td>biosemiotics, 5(2), 247-267</td></tr><tr><td>Year:</td><td>2011</td></tr></table>"	https://doi.org/https://doi.org/10.1007/s12304-011-9124-2	-0.4205	-1.3834	4	8	24	1	0.1102	2011	1	0.1102
484	jonathan beever (2013b)	"<table><tr><td>Authors:</td><td>jonathan beever; vernon w. cisney</td></tr><tr><td>Title:</td><td>all things in mind: panpsychist elements in spinoza, deleuze, and peirce</td></tr><tr><td>Source:</td><td>biosemiotics, 6(3), 351-365</td></tr><tr><td>Year:</td><td>2013</td></tr></table>"	https://doi.org/https://doi.org/10.1007/s12304-013-9167-7	-0.2055	-0.6245	10	35	42	1	0.1237	2013	1	0.1237
485	hongbing yu (2013)	"<table><tr><td>Authors:</td><td>hongbing yu</td></tr><tr><td>Title:</td><td>enter the dragon: sebeok’s chinese connection</td></tr><tr><td>Source:</td><td>biosemiotics, 6(3), 561-571</td></tr><tr><td>Year:</td><td>2013</td></tr></table>"	https://doi.org/https://doi.org/10.1007/s12304-013-9165-9	0.0037	-1.026	4	114	133	1	0.1237	2013	1	0.1237
486	prisca augustyn (2011)	"<table><tr><td>Authors:</td><td>prisca augustyn</td></tr><tr><td>Title:</td><td>on the concept of code in linguistics and biosemiotics</td></tr><tr><td>Source:</td><td>biosemiotics, 4(3), 281-289</td></tr><tr><td>Year:</td><td>2011</td></tr></table>"	https://doi.org/https://doi.org/10.1007/s12304-011-9128-y	-0.4731	-0.2813	2	185	326	1	0.1102	2011	1	0.1102
488	mykola husev (2021)	"<table><tr><td>Authors:</td><td>mykola husev; andrij rovenchak</td></tr><tr><td>Title:</td><td>on the verge of life: distribution of nucleotide sequences in viral rnas</td></tr><tr><td>Source:</td><td>biosemiotics, 14(2), 253-269</td></tr><tr><td>Year:</td><td>2021</td></tr></table>"	https://doi.org/https://doi.org/10.1007/s12304-021-09403-5	-0.9598	0.6675	2	18	20	2	0.3613	2021	2	0.3613
489	jacob smith (2021)	"<table><tr><td>Authors:</td><td>jacob smith</td></tr><tr><td>Title:</td><td>a biosemiotic and ecoacoustic history of bird-scaring</td></tr><tr><td>Source:</td><td>biosemiotics, 15(1), 67-83</td></tr><tr><td>Year:</td><td>2021</td></tr></table>"	https://doi.org/https://doi.org/10.1007/s12304-021-09404-4	0.7733	-0.1656	1	203	301	2	0.3613	2021	2	0.3613
490	m. polo camacho (2021)	"<table><tr><td>Authors:</td><td>m. polo camacho</td></tr><tr><td>Title:</td><td>could the greatest illusion of the modern synthesis be practical?</td></tr><tr><td>Source:</td><td>biosemiotics, 14(1), 55-60</td></tr><tr><td>Year:</td><td>2021</td></tr></table>"	https://doi.org/https://doi.org/10.1007/s12304-021-09415-1	-0.8771	0.4322	2	96	132	2	0.3613	2021	2	0.3613
491	louise westling (2021)	"<table><tr><td>Authors:</td><td>louise westling</td></tr><tr><td>Title:</td><td>a humanist’s response to denis noble’s “the illusions of the modern synthesis”</td></tr><tr><td>Source:</td><td>biosemiotics, 14(1), 31-34</td></tr><tr><td>Year:</td><td>2021</td></tr></table>"	https://doi.org/https://doi.org/10.1007/s12304-021-09413-3	0.0999	0.5719	3	102	108	2	0.3613	2021	2	0.3613
492	raimundas vidūnas (2021)	"<table><tr><td>Authors:</td><td>raimundas vidūnas</td></tr><tr><td>Title:</td><td>fictionalism of anticipation</td></tr><tr><td>Source:</td><td>biosemiotics, 14(1), 181-197</td></tr><tr><td>Year:</td><td>2021</td></tr></table>"	https://doi.org/https://doi.org/10.1007/s12304-021-09417-z	-0.1206	-0.1728	4	288	501	2	0.3613	2021	2	0.3613
493	james a. shapiro (2021)	"<table><tr><td>Authors:</td><td>james a. shapiro</td></tr><tr><td>Title:</td><td>response to denis noble’s article “the illusions of the modern synthesis,” biosemiotics</td></tr><tr><td>Source:</td><td>biosemiotics, 14(1), 73-78</td></tr><tr><td>Year:</td><td>2021</td></tr></table>"	https://doi.org/https://doi.org/10.1007/s12304-021-09409-z	-0.4903	0.6834	3	34	52	2	0.3613	2021	2	0.3613
494	lorenzo magnani (2021)	"<table><tr><td>Authors:</td><td>lorenzo magnani</td></tr><tr><td>Title:</td><td>semiotic brains build cognitive niches</td></tr><tr><td>Source:</td><td>biosemiotics, 14(1), 41-48</td></tr><tr><td>Year:</td><td>2021</td></tr></table>"	https://doi.org/https://doi.org/10.1007/s12304-021-09416-0	0.1679	0.5856	3	71	90	2	0.3613	2021	2	0.3613
495	vassiliki betty smocovitis (2021)	"<table><tr><td>Authors:</td><td>vassiliki betty smocovitis</td></tr><tr><td>Title:</td><td>evolution without history?</td></tr><tr><td>Source:</td><td>biosemiotics, 14(1), 131-134</td></tr><tr><td>Year:</td><td>2021</td></tr></table>"	https://doi.org/https://doi.org/10.1007/s12304-021-09427-x	-0.1783	0.4986	3	19	32	2	0.3613	2021	2	0.3613
496	bohang chen (2021)	"<table><tr><td>Authors:</td><td>bohang chen; joris van poucke; gertrudis van de vijver</td></tr><tr><td>Title:</td><td>criticizing the modern synthesis: between phenomenal characteristics and synthetic principles</td></tr><tr><td>Source:</td><td>biosemiotics, 14(1), 135-140</td></tr><tr><td>Year:</td><td>2021</td></tr></table>"	https://doi.org/https://doi.org/10.1007/s12304-021-09424-0	0.1552	0.3853	3	51	65	2	0.3613	2021	2	0.3613
497	felipe a. veloso (2021)	"<table><tr><td>Authors:</td><td>felipe a. veloso</td></tr><tr><td>Title:</td><td>interpretation as a form of thermodynamic work</td></tr><tr><td>Source:</td><td>biosemiotics, 14(3), 625-631</td></tr><tr><td>Year:</td><td>2021</td></tr></table>"	https://doi.org/https://doi.org/10.1007/s12304-021-09456-6	-0.6405	0.7632	5	41	50	2	0.3613	2021	2	0.3613
498	carlos g. musso (2021)	"<table><tr><td>Authors:</td><td>carlos g. musso; victoria paula musso-enz; guido mateo musso-enz; olivia maria capalbo; sebastian porrini</td></tr><tr><td>Title:</td><td>organic crosstalk: a new perspective in medicine</td></tr><tr><td>Source:</td><td>biosemiotics, 14(3), 829-837</td></tr><tr><td>Year:</td><td>2021</td></tr></table>"	https://doi.org/https://doi.org/10.1007/s12304-021-09459-3	-0.1341	0.8526	2	8	9	2	0.3613	2021	2	0.3613
499	alice koubová (2010)	"<table><tr><td>Authors:</td><td>alice koubová</td></tr><tr><td>Title:</td><td>the non-signifying gesture of the living body</td></tr><tr><td>Source:</td><td>biosemiotics, 4(2), 127-147</td></tr><tr><td>Year:</td><td>2010</td></tr></table>"	https://doi.org/https://doi.org/10.1007/s12304-010-9094-9	0.4095	-0.5328	11	39	46	1	0.0703	2010	1	0.0703
500	anna aragno (2010)	"<table><tr><td>Authors:</td><td>anna aragno</td></tr><tr><td>Title:</td><td>the bio-semiotic roots of metapsychology</td></tr><tr><td>Source:</td><td>biosemiotics, 3(1), 57-77</td></tr><tr><td>Year:</td><td>2010</td></tr></table>"	https://doi.org/https://doi.org/10.1007/s12304-009-9069-x	-0.5606	-0.8602	4	209	362	1	0.0703	2010	1	0.0703
501	amadeu viana (2017)	"<table><tr><td>Authors:</td><td>amadeu viana</td></tr><tr><td>Title:</td><td>the unfolding of language as hysteron proteron: heterochrony and extended connectivity</td></tr><tr><td>Source:</td><td>biosemiotics, 10(3), 379-395</td></tr><tr><td>Year:</td><td>2017</td></tr></table>"	https://doi.org/https://doi.org/10.1007/s12304-017-9292-9	0.0624	-0.6156	6	139	228	1	0.094	2017	1	0.094
502	marcin miłkowski (2017)	"<table><tr><td>Authors:</td><td>marcin miłkowski</td></tr><tr><td>Title:</td><td>is empiricism empirically false? lessons from early nervous systems</td></tr><tr><td>Source:</td><td>biosemiotics, 10(2), 229-245</td></tr><tr><td>Year:</td><td>2017</td></tr></table>"	https://doi.org/https://doi.org/10.1007/s12304-017-9294-7	-0.4605	-0.5568	4	132	166	1	0.094	2017	1	0.094
503	anonymous (2017)	"<table><tr><td>Title:</td><td>biosemiotic achievement award for the year 2016</td></tr><tr><td>Source:</td><td>biosemiotics, 10(1), 141-144</td></tr><tr><td>Year:</td><td>2017</td></tr></table>"	https://doi.org/https://doi.org/10.1007/s12304-017-9290-y	0.6257	0.2442	1	86	103	1	0.094	2017	1	0.094
504	stanley n. salthe (2008b)	"<table><tr><td>Authors:</td><td>stanley n. salthe</td></tr><tr><td>Title:</td><td>on koichiro matsuno’s paper “molecular semiotics toward the emergence of life”</td></tr><tr><td>Source:</td><td>biosemiotics, 1(1), 145-146</td></tr><tr><td>Year:</td><td>2008</td></tr></table>"	https://doi.org/https://doi.org/10.1007/s12304-008-9000-x	-1.2291	-0.2713	10	4	6	1	0.0613	2008	1	0.0613
505	e. israel chávez barreto (2018)	"<table><tr><td>Authors:</td><td>e. israel chávez barreto</td></tr><tr><td>Title:</td><td>ententionality and pertinence: framing end-directedness within two semiotic theories</td></tr><tr><td>Source:</td><td>biosemiotics, 11(1), 105-120</td></tr><tr><td>Year:</td><td>2018</td></tr></table>"	https://doi.org/https://doi.org/10.1007/s12304-018-9317-z	0.036	-0.2741	4	191	273	1	0.1316	2018	1	0.1316
506	brian pickering (2018)	"<table><tr><td>Authors:</td><td>brian pickering</td></tr><tr><td>Title:</td><td>natural, un-natural and detached mimicry</td></tr><tr><td>Source:</td><td>biosemiotics, 12(1), 115-130</td></tr><tr><td>Year:</td><td>2018</td></tr></table>"	https://doi.org/https://doi.org/10.1007/s12304-018-9335-x	0.6419	-0.1429	1	195	278	1	0.1316	2018	1	0.1316
507	agustín reyes (2018)	"<table><tr><td>Authors:</td><td>agustín reyes; alfonso arroyo‐santos</td></tr><tr><td>Title:</td><td>the limits of measuring information in biology: an ontological approach</td></tr><tr><td>Source:</td><td>biosemiotics, 11(3), 347-363</td></tr><tr><td>Year:</td><td>2018</td></tr></table>"	https://doi.org/https://doi.org/10.1007/s12304-018-9336-9	-0.5735	0.0062	7	210	375	1	0.1316	2018	1	0.1316
509	guillermo lorenzo (2019)	"<table><tr><td>Authors:</td><td>guillermo lorenzo; emilio rubiera</td></tr><tr><td>Title:</td><td>on iconic-discursive representations: do they bring us closer to a humean representational mind?</td></tr><tr><td>Source:</td><td>biosemiotics, 12(3), 423-439</td></tr><tr><td>Year:</td><td>2019</td></tr></table>"	https://doi.org/https://doi.org/10.1007/s12304-019-09365-9	-0.2342	-0.626	4	137	156	1	0.1709	2019	1	0.1709
510	timo maran (2022)	"<table><tr><td>Authors:</td><td>timo maran</td></tr><tr><td>Title:</td><td>collateral beauty, adjacent semiosis</td></tr><tr><td>Source:</td><td>biosemiotics, 15(1), 37-40</td></tr><tr><td>Year:</td><td>2022</td></tr></table>"	https://doi.org/https://doi.org/10.1007/s12304-022-09480-0	1.0104	0.3161	1	28	31	1	0.1967	2022	1	0.1967
511	katarzyna machtyl (2022)	"<table><tr><td>Authors:</td><td>katarzyna machtyl</td></tr><tr><td>Title:</td><td>living and dwelling: a biosemiotic and anthropological view on inhabiting, art and design</td></tr><tr><td>Source:</td><td>biosemiotics, 15(2), 215-233</td></tr><tr><td>Year:</td><td>2022</td></tr></table>"	https://doi.org/https://doi.org/10.1007/s12304-022-09493-9	1.0058	0.3319	1	42	50	1	0.1967	2022	1	0.1967
512	mark reybrouck (2022)	"<table><tr><td>Authors:</td><td>mark reybrouck</td></tr><tr><td>Title:</td><td>semiotics, biosemiotics, and aesthetics: the concept of beauty and beyond</td></tr><tr><td>Source:</td><td>biosemiotics, 15(2), 385-389</td></tr><tr><td>Year:</td><td>2022</td></tr></table>"	https://doi.org/https://doi.org/10.1007/s12304-022-09481-z	0.611	0.3028	1	101	113	1	0.1967	2022	1	0.1967
513	annibale fanali (2022)	"<table><tr><td>Authors:</td><td>annibale fanali; francesco tramonti; franco giorgi</td></tr><tr><td>Title:</td><td>towards a more effective thick description: a biosemiotic approach to meaning in psychotherapy</td></tr><tr><td>Source:</td><td>biosemiotics, 15(3), 519-530</td></tr><tr><td>Year:</td><td>2022</td></tr></table>"	https://doi.org/https://doi.org/10.1007/s12304-022-09500-z	0.2966	0.5631	3	45	50	1	0.1967	2022	1	0.1967
514	к. с. мочалов (2022)	"<table><tr><td>Authors:</td><td>к. с. мочалов</td></tr><tr><td>Title:</td><td>time transformation in the sign system of the conditioned reflex</td></tr><tr><td>Source:</td><td>biosemiotics, 16(1), 85-104</td></tr><tr><td>Year:</td><td>2022</td></tr></table>"	https://doi.org/https://doi.org/10.1007/s12304-022-09514-7	0.4044	0.5811	1	49	58	1	0.1967	2022	1	0.1967
515	devon schiller (2022)	"<table><tr><td>Authors:</td><td>devon schiller</td></tr><tr><td>Title:</td><td>and the flesh in between: towards a health semiotics</td></tr><tr><td>Source:</td><td>biosemiotics, 16(1), 175-194</td></tr><tr><td>Year:</td><td>2022</td></tr></table>"	https://doi.org/https://doi.org/10.1007/s12304-022-09516-5	0.9826	0.4123	1	23	26	1	0.1967	2022	1	0.1967
516	heidi campana piva (2022)	"<table><tr><td>Authors:</td><td>heidi campana piva</td></tr><tr><td>Title:</td><td>semiotically mediated human-bee communication in the practice of brazilian meliponiculture</td></tr><tr><td>Source:</td><td>biosemiotics, 16(1), 105-124</td></tr><tr><td>Year:</td><td>2022</td></tr></table>"	https://doi.org/https://doi.org/10.1007/s12304-022-09519-2	0.91	-0.2429	1	21	22	1	0.1967	2022	1	0.1967
517	martín ávila (2020)	"<table><tr><td>Authors:</td><td>martín ávila</td></tr><tr><td>Title:</td><td>(de)sign responses as response diversity</td></tr><tr><td>Source:</td><td>biosemiotics, 13(1), 41-62</td></tr><tr><td>Year:</td><td>2020</td></tr></table>"	https://doi.org/https://doi.org/10.1007/s12304-019-09374-8	0.3281	-0.0194	7	161	217	1	0.1215	2020	1	0.1215
518	prakash mondal (2020)	"<table><tr><td>Authors:</td><td>prakash mondal</td></tr><tr><td>Title:</td><td>mental structures as biosemiotic constraints on the functions of non-human (neuro)cognitive systems</td></tr><tr><td>Source:</td><td>biosemiotics, 13(3), 385-410</td></tr><tr><td>Year:</td><td>2020</td></tr></table>"	https://doi.org/https://doi.org/10.1007/s12304-020-09390-z	0.0305	0.2557	3	309	563	1	0.1215	2020	1	0.1215
519	louise westling (2020)	"<table><tr><td>Authors:</td><td>louise westling</td></tr><tr><td>Title:</td><td>wendy wheeler 1949–2020</td></tr><tr><td>Source:</td><td>biosemiotics, 13(3), 453-455</td></tr><tr><td>Year:</td><td>2020</td></tr></table>"	https://doi.org/https://doi.org/10.1007/s12304-020-09391-y	1.0245	0.1079	1	8	10	1	0.1215	2020	1	0.1215
520	guenther witzany (2021)	"<table><tr><td>Authors:</td><td>guenther witzany</td></tr><tr><td>Title:</td><td>to the end of dogmatism in molecular biology</td></tr><tr><td>Source:</td><td>biosemiotics, 14(1), 67-72</td></tr><tr><td>Year:</td><td>2021</td></tr></table>"	https://doi.org/https://doi.org/10.1007/s12304-021-09411-5	-2.2339	0.1026	2	10	11	1	0.1807	2021	1	0.1807
521	arran gare (2021)	"<table><tr><td>Authors:</td><td>arran gare</td></tr><tr><td>Title:</td><td>joining forces against neo-darwinism: linking organicism and biosemiotics</td></tr><tr><td>Source:</td><td>biosemiotics, 14(1), 61-65</td></tr><tr><td>Year:</td><td>2021</td></tr></table>"	https://doi.org/https://doi.org/10.1007/s12304-021-09412-4	0.3063	0.8131	3	30	32	1	0.1807	2021	1	0.1807
522	eric schaetzle (2021)	"<table><tr><td>Authors:</td><td>eric schaetzle; yogi hale hendlin</td></tr><tr><td>Title:</td><td>between teleophilia and teleophobia</td></tr><tr><td>Source:</td><td>biosemiotics, 14(1), 95-100</td></tr><tr><td>Year:</td><td>2021</td></tr></table>"	https://doi.org/https://doi.org/10.1007/s12304-021-09421-3	0.2567	0.7453	3	46	46	1	0.1807	2021	1	0.1807
523	yogi hale hendlin (2021)	"<table><tr><td>Authors:</td><td>yogi hale hendlin</td></tr><tr><td>Title:</td><td>expanding the reach of biosemiotics</td></tr><tr><td>Source:</td><td>biosemiotics, 14(1), 1-4</td></tr><tr><td>Year:</td><td>2021</td></tr></table>"	https://doi.org/https://doi.org/10.1007/s12304-021-09425-z	0.2929	0.8635	3	20	20	1	0.1807	2021	1	0.1807
524	tyler volk (2021)	"<table><tr><td>Authors:</td><td>tyler volk</td></tr><tr><td>Title:</td><td>on the use of “illusion”</td></tr><tr><td>Source:</td><td>biosemiotics, 14(1), 127-129</td></tr><tr><td>Year:</td><td>2021</td></tr></table>"	https://doi.org/https://doi.org/10.1007/s12304-021-09431-1	0.2919	1.0406	3	2	2	1	0.1807	2021	1	0.1807
525	claudio julio rodríguez higuera (2021a)	"<table><tr><td>Authors:</td><td>claudio julio rodríguez higuera</td></tr><tr><td>Title:</td><td>quantification and realism: locating semiosis in the description of biological systems</td></tr><tr><td>Source:</td><td>biosemiotics, 14(2), 241-252</td></tr><tr><td>Year:</td><td>2021</td></tr></table>"	https://doi.org/https://doi.org/10.1007/s12304-021-09439-7	-0.1905	0.4166	1	116	157	1	0.1807	2021	1	0.1807
526	david haig (2021)	"<table><tr><td>Authors:</td><td>david haig</td></tr><tr><td>Title:</td><td>a textual deconstruction of the rna world</td></tr><tr><td>Source:</td><td>biosemiotics, 14(3), 651-656</td></tr><tr><td>Year:</td><td>2021</td></tr></table>"	https://doi.org/https://doi.org/10.1007/s12304-021-09444-w	-0.5414	0.6889	5	57	60	1	0.1807	2021	1	0.1807
527	john e. stewart (2021)	"<table><tr><td>Authors:</td><td>john e. stewart</td></tr><tr><td>Title:</td><td>rna’s role in the origins of life: an agentic ‘manager’, or recipient of ‘off-loaded’ constraints?</td></tr><tr><td>Source:</td><td>biosemiotics, 14(3), 643-650</td></tr><tr><td>Year:</td><td>2021</td></tr></table>"	https://doi.org/https://doi.org/10.1007/s12304-021-09450-y	-0.6293	0.6602	5	57	75	1	0.1807	2021	1	0.1807
528	gláucia silva (2021)	"<table><tr><td>Authors:</td><td>gláucia silva</td></tr><tr><td>Title:</td><td>old and new perspectives on the nature/culture opposition in biology and anthropology</td></tr><tr><td>Source:</td><td>biosemiotics, 14(2), 459-478</td></tr><tr><td>Year:</td><td>2021</td></tr></table>"	https://doi.org/https://doi.org/10.1007/s12304-021-09436-w	0.3936	0.0853	3	211	271	1	0.1807	2021	1	0.1807
529	fernando otálora-luna (2021)	"<table><tr><td>Authors:</td><td>fernando otálora-luna; tiara fulmore; oscar páez-rondón; elis aldana; jory brinkerhoff</td></tr><tr><td>Title:</td><td>good (and bad) words for the ontological (and anthropomorphic) description of behavior</td></tr><tr><td>Source:</td><td>biosemiotics, 14(3), 807-828</td></tr><tr><td>Year:</td><td>2021</td></tr></table>"	https://doi.org/https://doi.org/10.1007/s12304-021-09449-5	0.1355	-0.1562	6	45	56	1	0.1807	2021	1	0.1807
530	adam kłóś (2021)	"<table><tr><td>Authors:</td><td>adam kłóś; przemysław m. płonka</td></tr><tr><td>Title:</td><td>the semiotic approach to bacterial chemotaxis</td></tr><tr><td>Source:</td><td>biosemiotics, 14(3), 743-766</td></tr><tr><td>Year:</td><td>2021</td></tr></table>"	https://doi.org/https://doi.org/10.1007/s12304-021-09451-x	-0.045	0.3553	10	107	146	1	0.1807	2021	1	0.1807
531	miguel garcía-valdecasas (2021)	"<table><tr><td>Authors:</td><td>miguel garcía-valdecasas</td></tr><tr><td>Title:</td><td>does autogenic semiosis underpin minimal cognition?</td></tr><tr><td>Source:</td><td>biosemiotics, 14(3), 617-624</td></tr><tr><td>Year:</td><td>2021</td></tr></table>"	https://doi.org/https://doi.org/10.1007/s12304-021-09457-5	-0.2346	0.674	5	82	96	1	0.1807	2021	1	0.1807
532	jeremy sherman (2021)	"<table><tr><td>Authors:</td><td>jeremy sherman</td></tr><tr><td>Title:</td><td>resolving mechanism/semiotic duality</td></tr><tr><td>Source:</td><td>biosemiotics, 14(3), 573-580</td></tr><tr><td>Year:</td><td>2021</td></tr></table>"	https://doi.org/https://doi.org/10.1007/s12304-021-09455-7	0.2397	0.8197	3	24	24	1	0.1807	2021	1	0.1807
533	koen tanghe (2021)	"<table><tr><td>Authors:</td><td>koen tanghe</td></tr><tr><td>Title:</td><td>weismann’s barrier and crick’s barrier still preclude two kinds of lamarckism</td></tr><tr><td>Source:</td><td>biosemiotics, 14(3), 675-682</td></tr><tr><td>Year:</td><td>2021</td></tr></table>"	https://doi.org/https://doi.org/10.1007/s12304-021-09464-6	0.2714	0.8814	3	52	59	1	0.1807	2021	1	0.1807
534	h. h. pattee (2021)	"<table><tr><td>Authors:</td><td>h. h. pattee</td></tr><tr><td>Title:</td><td>symbol grounding precedes interpretation</td></tr><tr><td>Source:</td><td>biosemiotics, 14(3), 561-568</td></tr><tr><td>Year:</td><td>2021</td></tr></table>"	https://doi.org/https://doi.org/10.1007/s12304-021-09458-4	-0.488	0.7452	5	30	32	1	0.1807	2021	1	0.1807
535	joanna rączaszek‐leonardi (2021)	"<table><tr><td>Authors:</td><td>joanna rączaszek‐leonardi</td></tr><tr><td>Title:</td><td>complementarity of description and the promise of semiotics in dealing with an eluding object</td></tr><tr><td>Source:</td><td>biosemiotics, 14(3), 589-595</td></tr><tr><td>Year:</td><td>2021</td></tr></table>"	https://doi.org/https://doi.org/10.1007/s12304-021-09470-8	-0.5199	0.5449	5	58	61	1	0.1807	2021	1	0.1807
536	cliff joslyn (2021)	"<table><tr><td>Authors:</td><td>cliff joslyn</td></tr><tr><td>Title:</td><td>semiotic and physical requirements on emergent autogenic system</td></tr><tr><td>Source:</td><td>biosemiotics, 14(3), 665-667</td></tr><tr><td>Year:</td><td>2021</td></tr></table>"	https://doi.org/https://doi.org/10.1007/s12304-021-09469-1	-0.492	0.7811	5	24	24	1	0.1807	2021	1	0.1807
537	wendy wheeler (2014b)	"<table><tr><td>Authors:</td><td>wendy wheeler</td></tr><tr><td>Title:</td><td>the wrecked vessel: the effects of gnosticism, nominalism and the protestant reformation in the semiotic scaffolding of modern scientific consciousness</td></tr><tr><td>Source:</td><td>biosemiotics, 8(2), 305-324</td></tr><tr><td>Year:</td><td>2014</td></tr></table>"	https://doi.org/https://doi.org/10.1007/s12304-014-9222-z	-0.222	-0.2168	7	139	224	0	0	2014	0	0
538	louis j. goldberg (2014)	"<table><tr><td>Authors:</td><td>louis j. goldberg; leonard a. rosenblum</td></tr><tr><td>Title:</td><td>the codes of recognition</td></tr><tr><td>Source:</td><td>biosemiotics, 7(2), 279-298</td></tr><tr><td>Year:</td><td>2014</td></tr></table>"	https://doi.org/https://doi.org/10.1007/s12304-014-9217-9	-0.6864	-0.2208	9	102	139	0	0	2014	0	0
539	franco giorgi (2016b)	"<table><tr><td>Authors:</td><td>franco giorgi; luis emilio bruni</td></tr><tr><td>Title:</td><td>germ cells are made semiotically competent during evolution</td></tr><tr><td>Source:</td><td>biosemiotics, 9(1), 31-49</td></tr><tr><td>Year:</td><td>2016</td></tr></table>"	https://doi.org/https://doi.org/10.1007/s12304-016-9258-3	-0.4582	-0.3189	7	214	362	0	0	2016	0	0
540	j. h. van hateren (2016)	"<table><tr><td>Authors:</td><td>j. h. van hateren</td></tr><tr><td>Title:</td><td>a clear and understood case of strong emergence</td></tr><tr><td>Source:</td><td>biosemiotics, 10(1), 5-7</td></tr><tr><td>Year:</td><td>2016</td></tr></table>"	https://doi.org/https://doi.org/10.1007/s12304-016-9278-z	0.2822	-0.8938	4	152	168	0	0	2016	0	0
541	eliseo fernández (2016)	"<table><tr><td>Authors:</td><td>eliseo fernández</td></tr><tr><td>Title:</td><td>synergy of energy and semiosis: cooperation climbs the tree of life</td></tr><tr><td>Source:</td><td>biosemiotics, 9(3), 383-397</td></tr><tr><td>Year:</td><td>2016</td></tr></table>"	https://doi.org/https://doi.org/10.1007/s12304-016-9270-7	0.0087	0.5291	3	82	102	0	0	2016	0	0
542	vefa karatay (2016b)	"<table><tr><td>Authors:</td><td>vefa karatay; yağmur denizhan; mehmet ozansoy</td></tr><tr><td>Title:</td><td>corrigenda to “semiosis as individuation: integration of multiple orders of magnitude”</td></tr><tr><td>Source:</td><td>biosemiotics, 10(1), 139-140</td></tr><tr><td>Year:</td><td>2016</td></tr></table>"	https://doi.org/https://doi.org/10.1007/s12304-016-9282-3	-0.6275	0.8318	5	3	3	0	0	2016	0	0
544	davide secchi (2013)	"<table><tr><td>Authors:</td><td>davide secchi</td></tr><tr><td>Title:</td><td>seeking chances to extend human rationality</td></tr><tr><td>Source:</td><td>biosemiotics, 6(2), 291-296</td></tr><tr><td>Year:</td><td>2013</td></tr></table>"	https://doi.org/https://doi.org/10.1007/s12304-013-9163-y	-0.0015	-0.7461	4	117	130	0	0	2013	0	0
545	franco giorgi (2013)	"<table><tr><td>Authors:</td><td>franco giorgi; luis emilio bruni; louis j. goldberg</td></tr><tr><td>Title:</td><td>the egg as a semiotic gateway to reproduction</td></tr><tr><td>Source:</td><td>biosemiotics, 6(3), 489-496</td></tr><tr><td>Year:</td><td>2013</td></tr></table>"	https://doi.org/https://doi.org/10.1007/s12304-013-9181-9	-0.5621	0.3068	5	167	257	0	0	2013	0	0
546	ron bombardi (2013)	"<table><tr><td>Authors:</td><td>ron bombardi</td></tr><tr><td>Title:</td><td>on the neurobiology of truth</td></tr><tr><td>Source:</td><td>biosemiotics, 6(3), 537-546</td></tr><tr><td>Year:</td><td>2013</td></tr></table>"	https://doi.org/https://doi.org/10.1007/s12304-013-9183-7	-0.2635	-0.993	4	12	12	0	0	2013	0	0
547	w. brian newsome (2013)	"<table><tr><td>Authors:</td><td>w. brian newsome</td></tr><tr><td>Title:</td><td>how to start a wet forest ablaze: perspectives on the question of the origins of human mindedness</td></tr><tr><td>Source:</td><td>biosemiotics, 6(3), 311-322</td></tr><tr><td>Year:</td><td>2013</td></tr></table>"	https://doi.org/https://doi.org/10.1007/s12304-013-9171-y	0.2214	-0.3455	8	56	82	0	0	2013	0	0
548	dennis görlich (2013b)	"<table><tr><td>Authors:</td><td>dennis görlich</td></tr><tr><td>Title:</td><td>the relational basis of molecular codes</td></tr><tr><td>Source:</td><td>biosemiotics, 7(2), 249-257</td></tr><tr><td>Year:</td><td>2013</td></tr></table>"	https://doi.org/https://doi.org/10.1007/s12304-013-9194-4	-1.3597	0.0978	2	59	89	0	0	2013	0	0
552	bernhard h. f. weber (2009b)	"<table><tr><td>Authors:</td><td>bernhard h. f. weber</td></tr><tr><td>Title:</td><td>embracing the biosemiotic perspective</td></tr><tr><td>Source:</td><td>biosemiotics, 2(3), 367-375</td></tr><tr><td>Year:</td><td>2009</td></tr></table>"	https://doi.org/https://doi.org/10.1007/s12304-009-9065-1	-0.6188	0.1281	5	224	457	0	0	2009	0	0
554	stanley n. salthe (2009)	"<table><tr><td>Authors:</td><td>stanley n. salthe</td></tr><tr><td>Title:</td><td>inside / outside</td></tr><tr><td>Source:</td><td>biosemiotics, 2(2), 247-253</td></tr><tr><td>Year:</td><td>2009</td></tr></table>"	https://doi.org/https://doi.org/10.1007/s12304-009-9040-x	-1.1499	-0.0747	10	80	112	0	0	2009	0	0
556	amelia lewis (2023)	<table><tr><td>Authors:</td><td>amelia lewis</td></tr><tr><td>Title:</td><td>a functional - helix conceptualization of the emergent properties of the animal kingdom: chronoception as a key sensory process</td></tr><tr><td>Source:</td><td>biosemiotics</td></tr><tr><td>Year:</td><td>2023</td></tr></table>	https://doi.org/https://doi.org/10.1007/s12304-023-09521-2	0.5056	0.4695	1	103	116	0	0	2023	0	0
557	almo farina (2023)	"<table><tr><td>Authors:</td><td>almo farina; philip james</td></tr><tr><td>Title:</td><td>the landscape of fear as a safety eco-field: experimental evidence</td></tr><tr><td>Source:</td><td>biosemiotics, 16(1), 61-84</td></tr><tr><td>Year:</td><td>2023</td></tr></table>"	https://doi.org/https://doi.org/10.1007/s12304-023-09522-1	1.5226	-0.4948	8	30	67	0	0	2023	0	0
559	wim beekman (2023)	"<table><tr><td>Authors:</td><td>wim beekman; henk jochemsen</td></tr><tr><td>Title:</td><td>the biosynthesis of proteins for nano engines as a normative process</td></tr><tr><td>Source:</td><td>biosemiotics, 16(3), 441-455</td></tr><tr><td>Year:</td><td>2023</td></tr></table>"	https://doi.org/https://doi.org/10.1007/s12304-023-09540-z	-0.3119	0.5958	5	157	209	0	0	2023	0	0
560	sergio rodríguez (2023)	"<table><tr><td>Authors:</td><td>sergio rodríguez; germán jiménez</td></tr><tr><td>Title:</td><td>animalista, narco-cultural, conservacionista. visions of nature around the case of hippos in colombia</td></tr><tr><td>Source:</td><td>biosemiotics, 16(3), 457-478</td></tr><tr><td>Year:</td><td>2023</td></tr></table>"	https://doi.org/https://doi.org/10.1007/s12304-023-09541-y	1.0823	0.0367	1	39	47	0	0	2023	0	0
561	eylül tuğçe alnıaçık özyer (2023)	"<table><tr><td>Authors:</td><td>eylül tuğçe alnıaçık özyer; rumeysa çavuş peksöz</td></tr><tr><td>Title:</td><td>semiocide and wasteocene in the making: the case of adana landfill</td></tr><tr><td>Source:</td><td>biosemiotics, 17(1), 49-65</td></tr><tr><td>Year:</td><td>2023</td></tr></table>"	https://doi.org/https://doi.org/10.1007/s12304-023-09539-6	0.9985	0.2345	1	57	75	0	0	2023	0	0
562	ľudmila lacková (2023)	"<table><tr><td>Authors:</td><td>ľudmila lacková; ahti‐veikko pietarinen; morten tønnessen</td></tr><tr><td>Title:</td><td>biosemiotic achievement award for the year 2022</td></tr><tr><td>Source:</td><td>biosemiotics, 16(3), 373-379</td></tr><tr><td>Year:</td><td>2023</td></tr></table>"	https://doi.org/https://doi.org/10.1007/s12304-023-09544-9	0.2922	0.4695	1	7	13	0	0	2023	0	0
563	supriya bajpai (2023)	"<table><tr><td>Authors:</td><td>supriya bajpai; lalit saraswat</td></tr><tr><td>Title:</td><td>consciousness as telos: an evo-devo approach</td></tr><tr><td>Source:</td><td>biosemiotics, 16(3), 489-495</td></tr><tr><td>Year:</td><td>2023</td></tr></table>"	https://doi.org/https://doi.org/10.1007/s12304-023-09547-6	0.2695	1.1045	3	23	23	0	0	2023	0	0
564	francesco pugliaro (2023)	"<table><tr><td>Authors:</td><td>francesco pugliaro</td></tr><tr><td>Title:</td><td>modes of bonding and morphogenesis. deleuze, ruyer, and the rearticulation of life and nonlife</td></tr><tr><td>Source:</td><td>biosemiotics, 17(1), 161-184</td></tr><tr><td>Year:</td><td>2023</td></tr></table>"	https://doi.org/https://doi.org/10.1007/s12304-023-09550-x	0.7347	1.2519	12	1	2	0	0	2023	0	0
566	james carney (2008)	"<table><tr><td>Authors:</td><td>james carney</td></tr><tr><td>Title:</td><td>advertising and the predation loop: a biosemiotic model</td></tr><tr><td>Source:</td><td>biosemiotics, 1(3), 313-327</td></tr><tr><td>Year:</td><td>2008</td></tr></table>"	https://doi.org/https://doi.org/10.1007/s12304-008-9020-6	-1.0138	-0.0465	2	65	121	0	0	2008	0	0
567	natalia a. abieva (2008)	"<table><tr><td>Authors:</td><td>natalia a. abieva</td></tr><tr><td>Title:</td><td>the role of off-line communication in human evolution</td></tr><tr><td>Source:</td><td>biosemiotics, 1(3), 295-311</td></tr><tr><td>Year:</td><td>2008</td></tr></table>"	https://doi.org/https://doi.org/10.1007/s12304-008-9024-2	0.2094	-0.1321	5	132	168	0	0	2008	0	0
568	vefa karatay (2018)	"<table><tr><td>Authors:</td><td>vefa karatay; yağmur denizhan</td></tr><tr><td>Title:</td><td>prion-like phenomena mediating between modes of individuation</td></tr><tr><td>Source:</td><td>biosemiotics, 11(1), 85-103</td></tr><tr><td>Year:</td><td>2018</td></tr></table>"	https://doi.org/https://doi.org/10.1007/s12304-018-9318-y	-0.4842	0.6657	5	85	107	0	0	2018	0	0
571	pauline delahaye (2019)	"<table><tr><td>Authors:</td><td>pauline delahaye</td></tr><tr><td>Title:</td><td>ritual mimicry: a path to concept comprehension</td></tr><tr><td>Source:</td><td>biosemiotics, 12(1), 175-188</td></tr><tr><td>Year:</td><td>2019</td></tr></table>"	https://doi.org/https://doi.org/10.1007/s12304-018-9338-7	0.7929	-0.3966	6	32	40	0	0	2019	0	0
572	maurita harney (2019)	"<table><tr><td>Authors:</td><td>maurita harney; riin magnus</td></tr><tr><td>Title:</td><td>biosemiotics achievement award for the year 2018</td></tr><tr><td>Source:</td><td>biosemiotics, 12(1), 189-191</td></tr><tr><td>Year:</td><td>2019</td></tr></table>"	https://doi.org/https://doi.org/10.1007/s12304-019-09356-w	0.0472	-0.8846	4	121	131	0	0	2019	0	0
574	claus emmeche (2019)	"<table><tr><td>Authors:</td><td>claus emmeche; donald favareau; kalevi kull</td></tr><tr><td>Title:</td><td>jesper hoffmeyer 1942–2019</td></tr><tr><td>Source:</td><td>biosemiotics, 12(3), 365-372</td></tr><tr><td>Year:</td><td>2019</td></tr></table>"	https://doi.org/https://doi.org/10.1007/s12304-019-09368-6	-0.1766	-0.7766	4	162	203	0	0	2019	0	0
575	jonathan beever (2019)	"<table><tr><td>Authors:</td><td>jonathan beever</td></tr><tr><td>Title:</td><td>sonic liminality: soundscapes, semiotics, and ecologies of meaning</td></tr><tr><td>Source:</td><td>biosemiotics, 13(1), 77-88</td></tr><tr><td>Year:</td><td>2019</td></tr></table>"	https://doi.org/https://doi.org/10.1007/s12304-019-09371-x	0.9923	-0.5497	8	34	55	0	0	2019	0	0
576	anonymous (2018)	"<table><tr><td>Title:</td><td>biosemiotics achievement award for the year 2017</td></tr><tr><td>Source:</td><td>biosemiotics, 11(1), 159-161</td></tr><tr><td>Year:</td><td>2018</td></tr></table>"	https://doi.org/https://doi.org/10.1007/s12304-018-9314-2	1.5971	-0.5923	8	21	40	0	0	2018	0	0
577	franco giorgi (2020b)	"<table><tr><td>Authors:</td><td>franco giorgi; maurita harney</td></tr><tr><td>Title:</td><td>biosemiotics achievement award for the year 2019</td></tr><tr><td>Source:</td><td>biosemiotics, 13(1), 151-153</td></tr><tr><td>Year:</td><td>2020</td></tr></table>"	https://doi.org/https://doi.org/10.1007/s12304-020-09381-0	0.7435	-0.1897	6	37	38	0	0	2020	0	0
578	aleksandra čalić (2020)	"<table><tr><td>Authors:</td><td>aleksandra čalić; eva vrtačič</td></tr><tr><td>Title:</td><td>epigenetics and bruxism: from hyper-narrative neural networks to hyper-function</td></tr><tr><td>Source:</td><td>biosemiotics, 13(2), 241-259</td></tr><tr><td>Year:</td><td>2020</td></tr></table>"	https://doi.org/https://doi.org/10.1007/s12304-020-09383-y	0.3427	0.3055	1	154	200	0	0	2020	0	0
579	donald favareau (2020)	"<table><tr><td>Authors:</td><td>donald favareau</td></tr><tr><td>Title:</td><td>the layperson’s guide to teleodynamics: a review of jeremy sherman’s neither ghost nor machine: the emergence and nature of selves</td></tr><tr><td>Source:</td><td>biosemiotics, 13(3), 443-452</td></tr><tr><td>Year:</td><td>2020</td></tr></table>"	https://doi.org/https://doi.org/10.1007/s12304-020-09392-x	-0.3088	0.1439	5	116	138	0	0	2020	0	0
580	zixuan liu (2022)	"<table><tr><td>Authors:</td><td>zixuan liu</td></tr><tr><td>Title:</td><td>sign-free biosemantics and transcendental phenomenology: a better non-metaphysical approach to close the mind-body gap</td></tr><tr><td>Source:</td><td>biosemiotics, 15(2), 325-356</td></tr><tr><td>Year:</td><td>2022</td></tr></table>"	https://doi.org/https://doi.org/10.1007/s12304-021-09471-7	-0.3765	0.3068	5	235	342	0	0	2022	0	0
581	denis noble (2022b)	"<table><tr><td>Authors:</td><td>denis noble</td></tr><tr><td>Title:</td><td>neither dogmas nor barriers are absolute</td></tr><tr><td>Source:</td><td>biosemiotics, 15(1), 57-60</td></tr><tr><td>Year:</td><td>2022</td></tr></table>"	https://doi.org/https://doi.org/10.1007/s12304-022-09475-x	0.2005	0.9081	3	23	30	0	0	2022	0	0
582	riin magnus (2022)	"<table><tr><td>Authors:</td><td>riin magnus</td></tr><tr><td>Title:</td><td>grounding biosemiotic aesthetics: extensions back and forward</td></tr><tr><td>Source:</td><td>biosemiotics, 15(1), 41-45</td></tr><tr><td>Year:</td><td>2022</td></tr></table>"	https://doi.org/https://doi.org/10.1007/s12304-022-09479-7	0.8779	0.3713	1	41	43	0	0	2022	0	0
583	david rothenberg (2022)	"<table><tr><td>Authors:</td><td>david rothenberg</td></tr><tr><td>Title:</td><td>beauty is not a rare thing</td></tr><tr><td>Source:</td><td>biosemiotics, 15(1), 27-29</td></tr><tr><td>Year:</td><td>2022</td></tr></table>"	https://doi.org/https://doi.org/10.1007/s12304-022-09486-8	0.9373	0.4329	1	11	11	0	0	2022	0	0
585	robert e. innis (2022)	"<table><tr><td>Authors:</td><td>robert e. innis</td></tr><tr><td>Title:</td><td>supplementary notes on kalevi kull, ‘the biosemiotic fundamentals of aesthetics: beauty is perfect semiotic fitting’</td></tr><tr><td>Source:</td><td>biosemiotics, 15(2), 373-377</td></tr><tr><td>Year:</td><td>2022</td></tr></table>"	https://doi.org/https://doi.org/10.1007/s12304-022-09478-8	-1.4008	-1.5987	7	3	3	0	0	2022	0	0
587	michael benedikt (2022)	"<table><tr><td>Authors:</td><td>michael benedikt</td></tr><tr><td>Title:</td><td>things, organisms, buildings, you: meaning and agency in the built environment</td></tr><tr><td>Source:</td><td>biosemiotics, 15(2), 235-259</td></tr><tr><td>Year:</td><td>2022</td></tr></table>"	https://doi.org/https://doi.org/10.1007/s12304-022-09499-3	-0.134	0.2594	1	29	29	0	0	2022	0	0
588	alin olteanu (2022b)	"<table><tr><td>Authors:</td><td>alin olteanu; viní­cius romanini</td></tr><tr><td>Title:</td><td>biosemiotic achievement award for the year 2021</td></tr><tr><td>Source:</td><td>biosemiotics, 15(3), 395-399</td></tr><tr><td>Year:</td><td>2022</td></tr></table>"	https://doi.org/https://doi.org/10.1007/s12304-022-09502-x	0.2411	0.3049	3	26	31	0	0	2022	0	0
589	jana švorcová (2022)	"<table><tr><td>Authors:</td><td>jana švorcová</td></tr><tr><td>Title:</td><td>a new frontier for organismal biology</td></tr><tr><td>Source:</td><td>biosemiotics, 16(1), 167-173</td></tr><tr><td>Year:</td><td>2022</td></tr></table>"	https://doi.org/https://doi.org/10.1007/s12304-022-09517-4	0.7698	-0.4196	6	18	27	0	0	2022	0	0
591	gabriel francescoli (2021)	"<table><tr><td>Authors:</td><td>gabriel francescoli</td></tr><tr><td>Title:</td><td>“semiotic canalization”: a process directing the use and interpretation of signals in animal interactions?</td></tr><tr><td>Source:</td><td>biosemiotics, 14(1), 199-207</td></tr><tr><td>Year:</td><td>2021</td></tr></table>"	https://doi.org/https://doi.org/10.1007/s12304-020-09400-0	-0.0916	0.0309	3	168	243	0	0	2021	0	0
592	riin magnus (2021)	"<table><tr><td>Authors:</td><td>riin magnus</td></tr><tr><td>Title:</td><td>the philosophical ancestors and heirs of jakob von uexküll</td></tr><tr><td>Source:</td><td>biosemiotics, 14(1), 227-231</td></tr><tr><td>Year:</td><td>2021</td></tr></table>"	https://doi.org/https://doi.org/10.1007/s12304-021-09407-1	0.7912	0.2452	1	42	67	0	0	2021	0	0
593	guillermo lorenzo (2021)	"<table><tr><td>Authors:</td><td>guillermo lorenzo</td></tr><tr><td>Title:</td><td>biosemiotics and development: metaphors and facts</td></tr><tr><td>Source:</td><td>biosemiotics, 14(2), 479-497</td></tr><tr><td>Year:</td><td>2021</td></tr></table>"	https://doi.org/https://doi.org/10.1007/s12304-021-09433-z	-0.4458	-0.3076	4	176	256	0	0	2021	0	0
594	pauline delahaye (2021)	"<table><tr><td>Authors:</td><td>pauline delahaye</td></tr><tr><td>Title:</td><td>use of quantitative measures in zoosemiotics: how machines are becoming a new pair of ears and eyes for researchers</td></tr><tr><td>Source:</td><td>biosemiotics, 14(2), 287-294</td></tr><tr><td>Year:</td><td>2021</td></tr></table>"	https://doi.org/https://doi.org/10.1007/s12304-021-09440-0	0.5244	-1.7717	6	1	1	0	0	2021	0	0
595	valery kirzhner (2021)	"<table><tr><td>Authors:</td><td>valery kirzhner; zeev volkovich</td></tr><tr><td>Title:</td><td>application of n-gram based distances to genetic texts comparison</td></tr><tr><td>Source:</td><td>biosemiotics, 14(2), 271-285</td></tr><tr><td>Year:</td><td>2021</td></tr></table>"	https://doi.org/https://doi.org/10.1007/s12304-021-09442-y	-1.2698	0.0411	2	48	72	0	0	2021	0	0
596	claudio julio rodríguez higuera (2021b)	"<table><tr><td>Authors:</td><td>claudio julio rodríguez higuera; morten tønnessen</td></tr><tr><td>Title:</td><td>biosemiotic achievement award for the year 2020</td></tr><tr><td>Source:</td><td>biosemiotics, 14(2), 233-236</td></tr><tr><td>Year:</td><td>2021</td></tr></table>"	https://doi.org/https://doi.org/10.1007/s12304-021-09445-9	0.7392	-0.058	1	22	23	0	0	2021	0	0
598	hongbing yu (2021)	"<table><tr><td>Authors:</td><td>hongbing yu</td></tr><tr><td>Title:</td><td>semiosis at a fundamental level: wisdom and innovation</td></tr><tr><td>Source:</td><td>biosemiotics, 14(3), 597-601</td></tr><tr><td>Year:</td><td>2021</td></tr></table>"	https://doi.org/https://doi.org/10.1007/s12304-021-09462-8	-0.1913	0.5215	5	94	108	0	0	2021	0	0
599	henry staten (2021)	"<table><tr><td>Authors:</td><td>henry staten</td></tr><tr><td>Title:</td><td>dynamic encoding in a simple autogenic system</td></tr><tr><td>Source:</td><td>biosemiotics, 14(3), 583-587</td></tr><tr><td>Year:</td><td>2021</td></tr></table>"	https://doi.org/https://doi.org/10.1007/s12304-021-09465-5	-0.3839	0.7121	5	67	74	0	0	2021	0	0
